development_id,hud_id,state_id,development_state,development_name,development_city,proj_add,proj_cty,proj_st,proj_zip,first_pis_year,last_pis_year,n_project_episodes,frozen_total_units,frozen_low_income_units,classification,replacement_total_units,replacement_low_income_units,replacement_count_type,source_1_url,source_1_title,source_1_type,source_1_statement,source_2_url,source_2_title,source_2_type,source_2_statement,reviewer_1,reviewer_2,reviewer_1_reviewed_on,reviewer_2_reviewed_on,source_scope,final_action
DEV_AKA20019031,AKA20019031,AK-99-04,AK,NORTHWARD BUILDING,FAIRBANKS,455 THIRD AVENUE,FAIRBANKS,AK,99701,2001,2001,1,177,16,unresolved_after_two_searches,,,,https://www.google.com/search?q=NORTHWARD%20BUILDING%20455%20THIRD%20AVENUE%20FAIRBANKS%20AK,Exact property-name and address search,search trail,Reproducible exact property-name and address search trail. No project-scoped low-income-unit count was found that can replace or affirm the frozen value.,https://www.google.com/search?q=NORTHWARD%20BUILDING%20AK%20LIHTC%20units,Exact property-name LIHTC-unit search,search trail,Separate reproducible exact-name LIHTC-unit search trail. No second project-scoped count with a defensible scope match was found.,Wegener,Goodall,2026-08-12,2026-08-12,identity searched; no source establishes a compatible count scope,unresolved_exclude_low_income_share
DEV_AZA20040060,AZA20040060,BD-0019,AZ,RANCHO DEL SOL APTS,PEORIA,11039 N 87TH AVE,PEORIA,AZ,85345,2004,2004,1,152,7,official_replacement_exact,152,152,100 percent rent-restricted LIHTC units,https://housing.az.gov/sites/default/files/documents/files/2019-Information-Bulletins.pdf,Arizona Department of Housing 2019 information bulletin,state agency bulletin,Rancho del Sol is a 152-unit property with 100% rent-restricted LIHTC units.,https://www.rentable.co/peoria-az/rancho-del-sol,Rentable Rancho del Sol property page,secondary property page,Reports 152 total units at the same Peoria address.,Wegener,Goodall,2026-08-12,2026-08-12,same physical development; total units agree,replace_low_income_units
DEV_CAA19880145,CAA19880145,CA-88-117,CA,COLEMAN COURT,TORRANCE,1421 CRAVENS AVE,TORRANCE,CA,90501,1988,1988,1,113,22,unresolved_after_two_searches,,,,https://www.google.com/search?q=COLEMAN%20COURT%201421%20CRAVENS%20AVE%20TORRANCE%20CA,Exact property-name and address search,search trail,Reproducible exact property-name and address search trail. No project-scoped low-income-unit count was found that can replace or affirm the frozen value.,https://www.google.com/search?q=COLEMAN%20COURT%20CA%20LIHTC%20units,Exact property-name LIHTC-unit search,search trail,Separate reproducible exact-name LIHTC-unit search trail. No second project-scoped count with a defensible scope match was found.,Wegener,Goodall,2026-08-12,2026-08-12,identity searched; no source establishes a compatible count scope,unresolved_exclude_low_income_share
DEV_CAA19900040,CAA19900040,CA-90-170,CA,SHADOWRIDGE APTS,SIMI VALLEY,1987 RIDGEGATE LN,SIMI VALLEY,CA,93065,1990,1990,1,332,66,unresolved_after_two_searches,,,,https://www.google.com/search?q=SHADOWRIDGE%20APTS%201987%20RIDGEGATE%20LN%20SIMI%20VALLEY%20CA,Exact property-name and address search,search trail,Reproducible exact property-name and address search trail. No project-scoped low-income-unit count was found that can replace or affirm the frozen value.,https://www.google.com/search?q=SHADOWRIDGE%20APTS%20CA%20LIHTC%20units,Exact property-name LIHTC-unit search,search trail,Separate reproducible exact-name LIHTC-unit search trail. No second project-scoped count with a defensible scope match was found.,Wegener,Goodall,2026-08-12,2026-08-12,identity searched; no source establishes a compatible count scope,unresolved_exclude_low_income_share
DEV_CAA20100050,CAA20100050,CA-01-911,CA,BROADWAY PLAZA APTS,LOS ANGELES,901 S BROADWAY,LOS ANGELES,CA,90015,2010,2010,1,82,16,confirmed_current_counts,82,16,20 percent of all residential units,https://cityclerk.lacity.org/onlinedocs/2005/05-0685-s6_rpt_lahd_02-01-07.pdf,Los Angeles Housing Department TEFRA report,municipal report,Broadway Plaza is an 82-unit acquisition and rehabilitation; 20% of units accommodate low-income individuals.,https://www.apartmentsforrentnet.com/property/LIHTC_CAA20100050/BROADWAY-PLAZA-APTS,Broadway Plaza Apartments listing,secondary property page,Identifies the same 901 South Broadway property using HUD ID CAA20100050.,Wegener,Goodall,2026-08-12,2026-08-12,same development; source reports a 20 percent set-aside,retain_frozen_counts
DEV_CTA0000X011,CTA0000X011,CT-00-011,CT,CAPITOL LOFTS (FKA 390 CAPITOL),HARTFORD,390 CAPITOL AVENUE,HARTFORD,CT,06106,,,1,112,14,unresolved_after_two_searches,,,,https://www.google.com/search?q=Capitol+Lofts+390+Capitol+Hartford+affordable+units,Exact property-name and address search,search trail,"Exact property-name and address search was reviewed; the city source found in the prior unit-scope review reports 112 total and 14 affordable units, but no independent second source establishes an equivalent LIHTC low-income-unit count.",https://www.google.com/search?q=Capitol+Lofts+Hartford+LIHTC+units,Exact property-name LIHTC-unit search,search trail,Separate LIHTC-unit search was reviewed; it did not yield a second project-scoped count that can affirm the low-income-unit field.,Wegener,Goodall,2026-08-12,2026-08-12,identity searched; no source establishes a compatible count scope,unresolved_exclude_low_income_share
DEV_GAA20080005,GAA20080005,GA-07-506,GA,ASHLEY WOODS APARTMENTS,STOCKBRIDGE,1050 ROCK QUARRY RD,STOCKBRIDGE,GA,30281-7640,2008,2008,1,128,10,unresolved_after_two_searches,,,,https://www.google.com/search?q=ASHLEY%20WOODS%20APARTMENTS%201050%20ROCK%20QUARRY%20RD%20STOCKBRIDGE%20GA,Exact property-name and address search,search trail,Reproducible exact property-name and address search trail. No project-scoped low-income-unit count was found that can replace or affirm the frozen value.,https://www.google.com/search?q=ASHLEY%20WOODS%20APARTMENTS%20GA%20LIHTC%20units,Exact property-name LIHTC-unit search,search trail,Separate reproducible exact-name LIHTC-unit search trail. No second project-scoped count with a defensible scope match was found.,Wegener,Goodall,2026-08-12,2026-08-12,identity searched; no source establishes a compatible count scope,unresolved_exclude_low_income_share
DEV_GAA20080040,GAA20080040,GA-07-302,GA,COLONY WEST APARTMENTS,MACON,5284 BLOOMFIELD RD,MACON,GA,31206-4400,2008,2008,1,76,5,confirmed_total_only_no_exact_replacement,76,,total units only,https://www.maconhousing.com/mha/nonprofitaffiliates.aspx.html,Macon Housing Authority non-profit affiliates page,local housing authority page,Colony West is a 76-unit development rehabilitated in 2007 and 2008; the page does not report LIHTC-restricted units.,https://dca.georgia.gov/document/document/2024-526jeffersonms/download,Georgia DCA market study,state agency document,Reports 76 units and shows rent restrictions at 60% AMI or subsidy programs; it does not give a project LIHTC-unit total.,Wegener,Goodall,2026-08-12,2026-08-12,identity searched; no source establishes a compatible count scope,unresolved_exclude_low_income_share
DEV_ILB19950804,ILB19950804,16-14-409,IL,WESTSIDE VILLAGE PHASE I,CHICAGO,3607 W POLK ST,CHICAGO,IL,60624,1995,1995,1,50,3,unresolved_after_two_searches,,,,https://www.google.com/search?q=WESTSIDE%20VILLAGE%20PHASE%20I%203607%20W%20POLK%20ST%20CHICAGO%20IL,Exact property-name and address search,search trail,Reproducible exact property-name and address search trail. No project-scoped low-income-unit count was found that can replace or affirm the frozen value.,https://www.google.com/search?q=WESTSIDE%20VILLAGE%20PHASE%20I%20IL%20LIHTC%20units,Exact property-name LIHTC-unit search,search trail,Separate reproducible exact-name LIHTC-unit search trail. No second project-scoped count with a defensible scope match was found.,Wegener,Goodall,2026-08-12,2026-08-12,identity searched; no source establishes a compatible count scope,unresolved_exclude_low_income_share
DEV_ILB19990801,ILB19990801,16-14-316,IL,WESTSIDE VILLAGE PHASE IV,CHICAGO,3607 W POLK ST,CHICAGO,IL,60624,1999,1999,1,108,20,unresolved_after_two_searches,,,,https://www.google.com/search?q=WESTSIDE%20VILLAGE%20PHASE%20IV%203607%20W%20POLK%20ST%20CHICAGO%20IL,Exact property-name and address search,search trail,Reproducible exact property-name and address search trail. No project-scoped low-income-unit count was found that can replace or affirm the frozen value.,https://www.google.com/search?q=WESTSIDE%20VILLAGE%20PHASE%20IV%20IL%20LIHTC%20units,Exact property-name LIHTC-unit search,search trail,Separate reproducible exact-name LIHTC-unit search trail. No second project-scoped count with a defensible scope match was found.,Wegener,Goodall,2026-08-12,2026-08-12,identity searched; no source establishes a compatible count scope,unresolved_exclude_low_income_share
DEV_ILB20165016,ILB20165016,IL-15-021,IL,JEFFERY TOWERS,CHICAGO,7020 JEFFERY BLVD,CHICAGO,IL,60649,2016,2016,1,135,15,official_replacement_exact,135,135,all residential units affordable,https://www.chicagorehab.org/content/cms/documents/2015_Q2_AHP5_report.pdf,City of Chicago 2015 housing-plan progress report,municipal report,Rehabilitation of the 135-unit Jeffery Towers; all units will be affordable below 60% AMI.,https://www.ihdc.org/portfolio-1-1/project-one-f5w4d-sehh7-gy9ja-3a4k9-bra5e-agm5h-h495f-xa8wt-zhrh2-p4dgj-kgnwb-es5k4-8tftj-a76w2-az4fn-emrwj,Interfaith Housing Development Corporation portfolio,owner portfolio,135 units for low-income individuals; the project was placed in service in 2016.,browser_read_1,browser_read_2,2026-08-12,2026-08-12,same physical development; total units agree,replace_low_income_units
DEV_LAA19920010,LAA19920010,LA-90-022,LA,BAYOU PLACE APTS.,NATCHITOCHES,1600 MEADOWS,NATCHITOCHES,LA,71457-0000,1992,1992,1,32,4,conflicting_no_exact_replacement,,,,https://section8search.org/louisiana/natchitoches/bayou-place-apts/cexa3u4uvhk15u6spcwafclz,Bayou Place Apts listing,secondary directory,Reports 32 total units and 4 low-income units matching the frozen HUD values.,https://hellosection8.com/ct-lihtc-la_natchitoches-1.html,Low income apartments for rent in Natchitoches,secondary directory,Reports Bayou Place Apartments has 32 low-income units; no underlying primary source is supplied.,Wegener,Goodall,2026-08-12,2026-08-12,identity searched; no source establishes a compatible count scope,unresolved_exclude_low_income_share
DEV_LAA19930025,LAA19930025,LA-91-017,LA,CHATEAU DEVILLE,ALEXANDRIA,4015 LAKESIDE DRIVE,ALEXANDRIA,LA,71302-0000,1993,1993,1,160,16,unresolved_after_two_searches,,,,https://www.google.com/search?q=CHATEAU%20DEVILLE%204015%20LAKESIDE%20DRIVE%20ALEXANDRIA%20LA,Exact property-name and address search,search trail,Reproducible exact property-name and address search trail. No project-scoped low-income-unit count was found that can replace or affirm the frozen value.,https://www.google.com/search?q=CHATEAU%20DEVILLE%20LA%20LIHTC%20units,Exact property-name LIHTC-unit search,search trail,Separate reproducible exact-name LIHTC-unit search trail. No second project-scoped count with a defensible scope match was found.,Wegener,Goodall,2026-08-12,2026-08-12,identity searched; no source establishes a compatible count scope,unresolved_exclude_low_income_share
DEV_LAA19950025,LAA19950025,LA-93-004,LA,EVANGELINE APTS,LAFAYETTE,302 JEFFERSON ST,LAFAYETTE,LA,70501,1995,1995,1,100,10,unresolved_after_two_searches,,,,https://www.google.com/search?q=EVANGELINE%20APTS%20302%20JEFFERSON%20ST%20LAFAYETTE%20LA,Exact property-name and address search,search trail,Reproducible exact property-name and address search trail. No project-scoped low-income-unit count was found that can replace or affirm the frozen value.,https://www.google.com/search?q=EVANGELINE%20APTS%20LA%20LIHTC%20units,Exact property-name LIHTC-unit search,search trail,Separate reproducible exact-name LIHTC-unit search trail. No second project-scoped count with a defensible scope match was found.,Wegener,Goodall,2026-08-12,2026-08-12,identity searched; no source establishes a compatible count scope,unresolved_exclude_low_income_share
DEV_LAA19960022,LAA19960022,LA-95-037,LA,BLANCHARD ELDERLY III,BLANCHARD,231 N. MAIN STREET,BLANCHARD,LA,71009-0000,1996,1996,1,40,2,unresolved_after_two_searches,,,,https://www.google.com/search?q=BLANCHARD%20ELDERLY%20III%20231%20N.%20MAIN%20STREET%20BLANCHARD%20LA,Exact property-name and address search,search trail,Reproducible exact property-name and address search trail. No project-scoped low-income-unit count was found that can replace or affirm the frozen value.,https://www.google.com/search?q=BLANCHARD%20ELDERLY%20III%20LA%20LIHTC%20units,Exact property-name LIHTC-unit search,search trail,Separate reproducible exact-name LIHTC-unit search trail. No second project-scoped count with a defensible scope match was found.,Wegener,Goodall,2026-08-12,2026-08-12,identity searched; no source establishes a compatible count scope,unresolved_exclude_low_income_share
DEV_LAA19960040,LAA19960040,LA-95-048,LA,CAMERON PLACE APTS,CAMERON,1593 MARSHALL ST,CAMERON,LA,70631,1996,1996,1,40,1,unresolved_after_two_searches,,,,https://www.google.com/search?q=CAMERON%20PLACE%20APTS%201593%20MARSHALL%20ST%20CAMERON%20LA,Exact property-name and address search,search trail,Reproducible exact property-name and address search trail. No project-scoped low-income-unit count was found that can replace or affirm the frozen value.,https://www.google.com/search?q=CAMERON%20PLACE%20APTS%20LA%20LIHTC%20units,Exact property-name LIHTC-unit search,search trail,Separate reproducible exact-name LIHTC-unit search trail. No second project-scoped count with a defensible scope match was found.,Wegener,Goodall,2026-08-12,2026-08-12,identity searched; no source establishes a compatible count scope,unresolved_exclude_low_income_share
DEV_LAA19990010,LAA19990010,LA-99-023,LA,BROOKHAVEN II APTS,SHREVEPORT,2705 STANBERRY DR.,SHREVEPORT,LA,71118-0000,1999,1999,1,40,4,unresolved_after_two_searches,,,,https://www.google.com/search?q=BROOKHAVEN%20II%20APTS%202705%20STANBERRY%20DR.%20SHREVEPORT%20LA,Exact property-name and address search,search trail,Reproducible exact property-name and address search trail. No project-scoped low-income-unit count was found that can replace or affirm the frozen value.,https://www.google.com/search?q=BROOKHAVEN%20II%20APTS%20LA%20LIHTC%20units,Exact property-name LIHTC-unit search,search trail,Separate reproducible exact-name LIHTC-unit search trail. No second project-scoped count with a defensible scope match was found.,Wegener,Goodall,2026-08-12,2026-08-12,identity searched; no source establishes a compatible count scope,unresolved_exclude_low_income_share
DEV_LAA20000005,LAA20000005,LA-99-047,LA,AZALEA PARK,STERLINGTON,606 HARVEY STREET,STERLINGTON,LA,71280-0000,2000,2000,1,40,7,unresolved_after_two_searches,,,,https://www.google.com/search?q=AZALEA%20PARK%20606%20HARVEY%20STREET%20STERLINGTON%20LA,Exact property-name and address search,search trail,Reproducible exact property-name and address search trail. No project-scoped low-income-unit count was found that can replace or affirm the frozen value.,https://www.google.com/search?q=AZALEA%20PARK%20LA%20LIHTC%20units,Exact property-name LIHTC-unit search,search trail,Separate reproducible exact-name LIHTC-unit search trail. No second project-scoped count with a defensible scope match was found.,Wegener,Goodall,2026-08-12,2026-08-12,identity searched; no source establishes a compatible count scope,unresolved_exclude_low_income_share
DEV_LAA20000007,LAA20000007,LA-99-052,LA,CHATEAU APTS.,BOSSIER CITY,4806 SHED ROAD,BOSSIER CITY,LA,71067-0000,2000,2000,1,56,8,unresolved_after_two_searches,,,,https://www.google.com/search?q=CHATEAU%20APTS.%204806%20SHED%20ROAD%20BOSSIER%20CITY%20LA,Exact property-name and address search,search trail,Reproducible exact property-name and address search trail. No project-scoped low-income-unit count was found that can replace or affirm the frozen value.,https://www.google.com/search?q=CHATEAU%20APTS.%20LA%20LIHTC%20units,Exact property-name LIHTC-unit search,search trail,Separate reproducible exact-name LIHTC-unit search trail. No second project-scoped count with a defensible scope match was found.,Wegener,Goodall,2026-08-12,2026-08-12,identity searched; no source establishes a compatible count scope,unresolved_exclude_low_income_share
DEV_LAA20039011,LAA20039011,LA-03-039,LA,RESTORATION BATON ROUGE V,LAFAYETTE,406 JESSICA STREET,LAFAYETTE,LA,70506-0000,2003,2003,1,23,1,unresolved_after_two_searches,,,,https://www.google.com/search?q=RESTORATION%20BATON%20ROUGE%20V%20406%20JESSICA%20STREET%20LAFAYETTE%20LA,Exact property-name and address search,search trail,Reproducible exact property-name and address search trail. No project-scoped low-income-unit count was found that can replace or affirm the frozen value.,https://www.google.com/search?q=RESTORATION%20BATON%20ROUGE%20V%20LA%20LIHTC%20units,Exact property-name LIHTC-unit search,search trail,Separate reproducible exact-name LIHTC-unit search trail. No second project-scoped count with a defensible scope match was found.,Wegener,Goodall,2026-08-12,2026-08-12,identity searched; no source establishes a compatible count scope,unresolved_exclude_low_income_share
DEV_LAA20040005,LAA20040005,LA-03-039,LA,BAYBERRY POINT I,LAFAYETTE,HAMMOND STREET,LAFAYETTE,LA,70501,2004,2004,1,23,1,unresolved_after_two_searches,,,,https://www.google.com/search?q=BAYBERRY%20POINT%20I%20HAMMOND%20STREET%20LAFAYETTE%20LA,Exact property-name and address search,search trail,Reproducible exact property-name and address search trail. No project-scoped low-income-unit count was found that can replace or affirm the frozen value.,https://www.google.com/search?q=BAYBERRY%20POINT%20I%20LA%20LIHTC%20units,Exact property-name LIHTC-unit search,search trail,Separate reproducible exact-name LIHTC-unit search trail. No second project-scoped count with a defensible scope match was found.,Wegener,Goodall,2026-08-12,2026-08-12,identity searched; no source establishes a compatible count scope,unresolved_exclude_low_income_share
DEV_LAA20040015,LAA20040015,LA-03-003,LA,KENSINGTON SQUARE APTS,SHREVEPORT,2140 NORTH HEARNE AVENUE,SHREVEPORT,LA,71107-0000,2004,2004,1,40,4,unresolved_after_two_searches,,,,https://www.google.com/search?q=KENSINGTON%20SQUARE%20APTS%202140%20NORTH%20HEARNE%20AVENUE%20SHREVEPORT%20LA,Exact property-name and address search,search trail,Reproducible exact property-name and address search trail. No project-scoped low-income-unit count was found that can replace or affirm the frozen value.,https://www.google.com/search?q=KENSINGTON%20SQUARE%20APTS%20LA%20LIHTC%20units,Exact property-name LIHTC-unit search,search trail,Separate reproducible exact-name LIHTC-unit search trail. No second project-scoped count with a defensible scope match was found.,Wegener,Goodall,2026-08-12,2026-08-12,identity searched; no source establishes a compatible count scope,unresolved_exclude_low_income_share
DEV_LAA20040035,LAA20040035,LA-03-040,LA,BAYBERRY POINT II,LAFAYETTE,406 JESSICA STREET,LAFAYETTE,LA,70501-0000,2004,2004,1,23,1,unresolved_after_two_searches,,,,https://www.google.com/search?q=BAYBERRY%20POINT%20II%20406%20JESSICA%20STREET%20LAFAYETTE%20LA,Exact property-name and address search,search trail,Reproducible exact property-name and address search trail. No project-scoped low-income-unit count was found that can replace or affirm the frozen value.,https://www.google.com/search?q=BAYBERRY%20POINT%20II%20LA%20LIHTC%20units,Exact property-name LIHTC-unit search,search trail,Separate reproducible exact-name LIHTC-unit search trail. No second project-scoped count with a defensible scope match was found.,Wegener,Goodall,2026-08-12,2026-08-12,identity searched; no source establishes a compatible count scope,unresolved_exclude_low_income_share
DEV_LAA20040045,LAA20040045,LA-03-021,LA,CANARY HOMES,MARRERO,3140 HAVENWOOD DRIVE,MARRERO,LA,70072-0000,2004,2004,1,22,1,unresolved_after_two_searches,,,,https://www.google.com/search?q=CANARY%20HOMES%203140%20HAVENWOOD%20DRIVE%20MARRERO%20LA,Exact property-name and address search,search trail,Reproducible exact property-name and address search trail. No project-scoped low-income-unit count was found that can replace or affirm the frozen value.,https://www.google.com/search?q=CANARY%20HOMES%20LA%20LIHTC%20units,Exact property-name LIHTC-unit search,search trail,Separate reproducible exact-name LIHTC-unit search trail. No second project-scoped count with a defensible scope match was found.,Wegener,Goodall,2026-08-12,2026-08-12,identity searched; no source establishes a compatible count scope,unresolved_exclude_low_income_share
DEV_LAA20040050,LAA20040050,LA-03-033,LA,CHAUVIN POINTE II,MONROE,4385 CHAUVIN POINTE DR.,MONROE,LA,71201-0000,2004,2004,1,65,5,unresolved_after_two_searches,,,,https://www.google.com/search?q=CHAUVIN%20POINTE%20II%204385%20CHAUVIN%20POINTE%20DR.%20MONROE%20LA,Exact property-name and address search,search trail,Reproducible exact property-name and address search trail. No project-scoped low-income-unit count was found that can replace or affirm the frozen value.,https://www.google.com/search?q=CHAUVIN%20POINTE%20II%20LA%20LIHTC%20units,Exact property-name LIHTC-unit search,search trail,Separate reproducible exact-name LIHTC-unit search trail. No second project-scoped count with a defensible scope match was found.,Wegener,Goodall,2026-08-12,2026-08-12,identity searched; no source establishes a compatible count scope,unresolved_exclude_low_income_share
DEV_LAA20050006,LAA20050006,LA-04-042,LA,ACADIAN APTS,JENNINGS,916 FLORENCE STREET,JENNINGS,LA,70546-0000,2005,2005,1,42,8,unresolved_after_two_searches,,,,https://www.google.com/search?q=ACADIAN%20APTS%20916%20FLORENCE%20STREET%20JENNINGS%20LA,Exact property-name and address search,search trail,Reproducible exact property-name and address search trail. No project-scoped low-income-unit count was found that can replace or affirm the frozen value.,https://www.google.com/search?q=ACADIAN%20APTS%20LA%20LIHTC%20units,Exact property-name LIHTC-unit search,search trail,Separate reproducible exact-name LIHTC-unit search trail. No second project-scoped count with a defensible scope match was found.,Wegener,Goodall,2026-08-12,2026-08-12,identity searched; no source establishes a compatible count scope,unresolved_exclude_low_income_share
DEV_LAA20050015,LAA20050015,LA-06-419,LA,BARTLETT PLACE,SHREVEPORT,904 BARTLETT DRIVE,SHREVEPORT,LA,71106-0000,2005,2005,1,44,2,unresolved_after_two_searches,,,,https://www.google.com/search?q=BARTLETT%20PLACE%20904%20BARTLETT%20DRIVE%20SHREVEPORT%20LA,Exact property-name and address search,search trail,Reproducible exact property-name and address search trail. No project-scoped low-income-unit count was found that can replace or affirm the frozen value.,https://www.google.com/search?q=BARTLETT%20PLACE%20LA%20LIHTC%20units,Exact property-name LIHTC-unit search,search trail,Separate reproducible exact-name LIHTC-unit search trail. No second project-scoped count with a defensible scope match was found.,Wegener,Goodall,2026-08-12,2026-08-12,identity searched; no source establishes a compatible count scope,unresolved_exclude_low_income_share
DEV_LAA20050024,LAA20050024,LA-03-004,LA,CAMBRIDGE COURT APTS,SHREVEPORT,3800 KITTY LANE #1-4,SHREVEPORT,LA,71107-0000,2005,2005,1,50,4,unresolved_after_two_searches,,,,https://www.google.com/search?q=CAMBRIDGE%20COURT%20APTS%203800%20KITTY%20LANE%20%231-4%20SHREVEPORT%20LA,Exact property-name and address search,search trail,Reproducible exact property-name and address search trail. No project-scoped low-income-unit count was found that can replace or affirm the frozen value.,https://www.google.com/search?q=CAMBRIDGE%20COURT%20APTS%20LA%20LIHTC%20units,Exact property-name LIHTC-unit search,search trail,Separate reproducible exact-name LIHTC-unit search trail. No second project-scoped count with a defensible scope match was found.,Wegener,Goodall,2026-08-12,2026-08-12,identity searched; no source establishes a compatible count scope,unresolved_exclude_low_income_share
DEV_LAA20060004,LAA20060004,LA-06-455,LA,BANYAN TRACE HOMES II,BATON ROUGE,5560 BANYAN TRACE DRIVE,BATON ROUGE,LA,70805-0000,2006,2006,1,20,1,unresolved_after_two_searches,,,,https://www.google.com/search?q=BANYAN%20TRACE%20HOMES%20II%205560%20BANYAN%20TRACE%20DRIVE%20BATON%20ROUGE%20LA,Exact property-name and address search,search trail,Reproducible exact property-name and address search trail. No project-scoped low-income-unit count was found that can replace or affirm the frozen value.,https://www.google.com/search?q=BANYAN%20TRACE%20HOMES%20II%20LA%20LIHTC%20units,Exact property-name LIHTC-unit search,search trail,Separate reproducible exact-name LIHTC-unit search trail. No second project-scoped count with a defensible scope match was found.,Wegener,Goodall,2026-08-12,2026-08-12,identity searched; no source establishes a compatible count scope,unresolved_exclude_low_income_share
DEV_LAA20060042,LAA20060042,LA-04-072,LA,PALMETTO APARTMENT HOMES,NEW ORLEANS,3980 CAMBRONNE ST.,NEW ORLEANS,LA,70118-0000,2006,2006,1,124,8,unresolved_after_two_searches,,,,https://www.google.com/search?q=PALMETTO%20APARTMENT%20HOMES%203980%20CAMBRONNE%20ST.%20NEW%20ORLEANS%20LA,Exact property-name and address search,search trail,Reproducible exact property-name and address search trail. No project-scoped low-income-unit count was found that can replace or affirm the frozen value.,https://www.google.com/search?q=PALMETTO%20APARTMENT%20HOMES%20LA%20LIHTC%20units,Exact property-name LIHTC-unit search,search trail,Separate reproducible exact-name LIHTC-unit search trail. No second project-scoped count with a defensible scope match was found.,Wegener,Goodall,2026-08-12,2026-08-12,identity searched; no source establishes a compatible count scope,unresolved_exclude_low_income_share
DEV_LAA20060050,LAA20060050,LA-05-083,LA,PEPPERMILL APARTMENTS II,SULPHUR,2700 BEGLIS PARKWAY,SULPHUR,LA,70663-0000,2006,2006,1,56,8,unresolved_after_two_searches,,,,https://www.google.com/search?q=PEPPERMILL%20APARTMENTS%20II%202700%20BEGLIS%20PARKWAY%20SULPHUR%20LA,Exact property-name and address search,search trail,Reproducible exact property-name and address search trail. No project-scoped low-income-unit count was found that can replace or affirm the frozen value.,https://www.google.com/search?q=PEPPERMILL%20APARTMENTS%20II%20LA%20LIHTC%20units,Exact property-name LIHTC-unit search,search trail,Separate reproducible exact-name LIHTC-unit search trail. No second project-scoped count with a defensible scope match was found.,Wegener,Goodall,2026-08-12,2026-08-12,identity searched; no source establishes a compatible count scope,unresolved_exclude_low_income_share
DEV_LAA20089004,LAA20089004,LA-04-049,LA,BEAU MAISONS ESTATES,LAFAYETTE,820 MARTIN LUTHER KING DR.,LAFAYETTE,LA,70501-0000,2008,2008,1,25,1,unresolved_after_two_searches,,,,https://www.google.com/search?q=BEAU%20MAISONS%20ESTATES%20820%20MARTIN%20LUTHER%20KING%20DR.%20LAFAYETTE%20LA,Exact property-name and address search,search trail,Reproducible exact property-name and address search trail. No project-scoped low-income-unit count was found that can replace or affirm the frozen value.,https://www.google.com/search?q=BEAU%20MAISONS%20ESTATES%20LA%20LIHTC%20units,Exact property-name LIHTC-unit search,search trail,Separate reproducible exact-name LIHTC-unit search trail. No second project-scoped count with a defensible scope match was found.,Wegener,Goodall,2026-08-12,2026-08-12,identity searched; no source establishes a compatible count scope,unresolved_exclude_low_income_share
DEV_LAA20090055,LAA20090055,LA-07-025,LA,CJ PEETE III,NEW ORLEANS,3320 CLARA STREET,NEW ORLEANS,LA,70115-0000,2009,2009,1,460,23,conflicting_scope_no_exact_replacement,,,,https://www.doa.la.gov/media/lg1plouo/kr2_drgr_3rdq2010.pdf,Louisiana CDBG-DR quarterly report,state report,CJ Peete III is a 460-unit mixed-income development with a low/moderate-income national objective; this does not identify LIHTC-restricted units.,https://www.google.com/search?q=CJ%20Peete%20III%20New%20Orleans%20LIHTC%20units,Exact project LIHTC-unit search,search trail,Reproducible exact-name LIHTC-unit search trail. It did not resolve whether the reported count applies to this redevelopment phase or the larger site.,Wegener,Goodall,2026-08-12,2026-08-12,identity searched; no source establishes a compatible count scope,unresolved_exclude_low_income_share
DEV_LAA20144006,LAA20144006,LA-13-005,LA,IBERVILLE OFFSITE REHAB 1,NEW ORLEANS,2215-17 ST. PHILIP ST,NEW ORLEANS,LA,,2014,2014,1,23,1,unresolved_after_two_searches,,,,https://www.google.com/search?q=IBERVILLE%20OFFSITE%20REHAB%201%202215-17%20ST.%20PHILIP%20ST%20NEW%20ORLEANS%20LA,Exact property-name and address search,search trail,Reproducible exact property-name and address search trail. No project-scoped low-income-unit count was found that can replace or affirm the frozen value.,https://www.google.com/search?q=IBERVILLE%20OFFSITE%20REHAB%201%20LA%20LIHTC%20units,Exact property-name LIHTC-unit search,search trail,Separate reproducible exact-name LIHTC-unit search trail. No second project-scoped count with a defensible scope match was found.,Wegener,Goodall,2026-08-12,2026-08-12,identity searched; no source establishes a compatible count scope,unresolved_exclude_low_income_share
DEV_MAB19880105,MAB19880105,10201,MA,MUSEUM SQUARE,LAWRENCE,2 JACKSON ST,LAWRENCE,MA,01840,1988,1988,1,176,35,conflicting_scope_no_exact_replacement,,,,https://studylib.net/doc/11206708/,Museum Square redevelopment study,research report,"The study describes 176 total units, of which 46 were designated low-income, rather than the HUD frozen count of 35.",https://www.google.com/search?q=Museum+Square+Lawrence+176+affordable+units+official,Exact project official-source search,search trail,"A separate official-source search was reviewed. It did not yield an authority that establishes whether 35, 46, or an all-affordable count applies to the same LIHTC reporting scope.",Wegener,Goodall,2026-08-12,2026-08-12,"same name and total in first source, but unresolved affordability-count scope",unresolved_exclude_low_income_share
DEV_MAB19910045,MAB19910045,10142,MA,KENNEDY BISCUIT LOFTS,CAMBRIDGE,126 FRANKLIN ST,CAMBRIDGE,MA,02139,1991,1991,1,142,28,unresolved_after_two_searches,,,,https://www.google.com/search?q=KENNEDY%20BISCUIT%20LOFTS%20126%20FRANKLIN%20ST%20CAMBRIDGE%20MA,Exact property-name and address search,search trail,Reproducible exact property-name and address search trail. No project-scoped low-income-unit count was found that can replace or affirm the frozen value.,https://www.google.com/search?q=KENNEDY%20BISCUIT%20LOFTS%20MA%20LIHTC%20units,Exact property-name LIHTC-unit search,search trail,Separate reproducible exact-name LIHTC-unit search trail. No second project-scoped count with a defensible scope match was found.,Wegener,Goodall,2026-08-12,2026-08-12,identity searched; no source establishes a compatible count scope,unresolved_exclude_low_income_share
DEV_MDA20201003,MDA20201003,MD-17-23001,MD,PARK SQUARE HOMES I,BALTIMORE,101 NORTH SCHROEDER STREET,BALTIMORE,MD,21223,2020,2020,1,267,53,unresolved_after_two_searches,,,,https://www.google.com/search?q=PARK%20SQUARE%20HOMES%20I%20101%20NORTH%20SCHROEDER%20STREET%20BALTIMORE%20MD,Exact property-name and address search,search trail,Reproducible exact property-name and address search trail. No project-scoped low-income-unit count was found that can replace or affirm the frozen value.,https://www.google.com/search?q=PARK%20SQUARE%20HOMES%20I%20MD%20LIHTC%20units,Exact property-name LIHTC-unit search,search trail,Separate reproducible exact-name LIHTC-unit search trail. No second project-scoped count with a defensible scope match was found.,Wegener,Goodall,2026-08-12,2026-08-12,identity searched; no source establishes a compatible count scope,unresolved_exclude_low_income_share
DEV_MDA20240002,MDA20240002,MD-22-16001,MD,520 SOMERSET AVENUE,BALTIMORE,520 SOMERSET STREET,BALTIMORE,MD,21202,2024,2024,1,69,13,official_replacement_exact,69,56,affordable residential units,https://comptroller.baltimorecity.gov/files/11-04-2020-boe-agendapdf,Baltimore Board of Estimates agenda,municipal record,520 Somerset has 69 total units: 56 affordable and 13 market-rate.,https://bpw.maryland.gov/MeetingDocs/2020-Sept-23-Agenda.pdf,Maryland Board of Public Works agenda,state record,"520 Somerset is a 69-unit development offering affordable units for households at or below 30%, 50%, and 60% AMI.",browser_read_1,browser_read_2,2026-08-12,2026-08-12,same physical development; total units agree,replace_low_income_units
DEV_MDA20240003,MDA20240003,MD-18-31001,MD,525 AISQUITH APARTMENTS,BALTIMORE,525 NORTH AVENUE AISQUITH STREET,BALTIMORE,MD,21202,2024,2024,1,123,19,official_replacement_exact,123,99,affordable residential units,https://www.baltimorecitycouncil.com/sites/default/files/02-03-2021%20BOARD%20OF%20ESTIMATES%27%20AGENDA.pdf,Baltimore Board of Estimates agenda,municipal record,525 Aisquith will create 99 affordable units within a 123-unit mixed-income project.,https://dhcd.baltimorecity.gov/files/cfy-2021-caperpdf,Baltimore City CAPER,municipal report,The project will create 99 affordable units in a 123-unit development; the report separately identifies 56 RAD and 48 LIHTC units.,browser_read_1,browser_read_2,2026-08-12,2026-08-12,same physical development; total units agree,replace_low_income_units
DEV_MDA20240005,MDA20240005,MD-21-15001-6,MD,BROCK BRIDGE LANDING,JESSUP,7902 BROCK BRIDGE LANDING,JESSUP,MD,20794,2024,2024,1,38,4,official_replacement_exact,38,38,affordable residential units,https://www.aacounty.org/county-executive/steuart-pittman/pittmans-pen/weekly-letter-state-county,Anne Arundel County weekly letter,county record,Brock Bridge Landing has 38 units for families below 60% AMI.,https://mc-7eaf08cc-3802-4bab-9abf-a732-cm.azurewebsites.net/-/media/docs/partners/rental-housing/historical-tax-credits-data/2025/9pct-applications/wells-pointe---reservation-app.pdf,Maryland LIHTC application attachment,state housing-agency document,Brock Bridge Landing: Total Units 38; Low Income Units 38; placed in service June 2024.,browser_read_1,browser_read_2,2026-08-12,2026-08-12,same physical development; total units agree,replace_low_income_units
DEV_MDA20240013,MDA20240013,MD-20-32001-8,MD,"GLENARDEN HILLS PHASE III, 4%",LANHAM,8405 HAMLIN STREET,LANHAM,MD,20706,2024,2024,1,114,20,unresolved_after_two_searches,,,,https://www.google.com/search?q=GLENARDEN%20HILLS%20PHASE%20III%2C%204%25%208405%20HAMLIN%20STREET%20LANHAM%20MD,Exact property-name and address search,search trail,Reproducible exact property-name and address search trail. No project-scoped low-income-unit count was found that can replace or affirm the frozen value.,https://www.google.com/search?q=GLENARDEN%20HILLS%20PHASE%20III%2C%204%25%20MD%20LIHTC%20units,Exact property-name LIHTC-unit search,search trail,Separate reproducible exact-name LIHTC-unit search trail. No second project-scoped count with a defensible scope match was found.,Wegener,Goodall,2026-08-12,2026-08-12,identity searched; no source establishes a compatible count scope,unresolved_exclude_low_income_share
DEV_MDA20240018,MDA20240018,MD-20-24001,MD,HOMES AT OXON HILL,OXON HILL,1313 SOUTHERN AVENUE,OXON HILL,MD,20032,2024,2024,1,163,16,official_replacement_exact,163,147,LIHTC or other income-restricted units,https://homesatoxonhill.com/apply-now/,Homes at Oxon Hill application page,owner page,Of 163 apartments 147 are LIHTC; 3 PRHP and 9 HOME; 16 are unrestricted market rate.,https://princegeorgescountymd.legistar.com/View.ashx?G=F27536A6-66B6-476A-98DA-4A69995461A9&GUID=424C73E6-9A6C-46EE-9948-288BD1AFC585&ID=12859234&M=F,Prince George's County budget report,county report,Homes at Oxon Hill has 163 senior units and 147 will be affordable.,browser_read_1,browser_read_2,2026-08-12,2026-08-12,same physical development; total units agree,replace_low_income_units
DEV_MDA20240023,MDA20240023,MD-21-26001,MD,PERKINS IIB (PHASE 2),BALTIMORE,1500 CLAREMONT STREET,BALTIMORE,MD,21231,2024,2024,1,67,12,unresolved_after_two_searches,,,,https://www.google.com/search?q=PERKINS%20IIB%20%28PHASE%202%29%201500%20CLAREMONT%20STREET%20BALTIMORE%20MD,Exact property-name and address search,search trail,Reproducible exact property-name and address search trail. No project-scoped low-income-unit count was found that can replace or affirm the frozen value.,https://www.google.com/search?q=PERKINS%20IIB%20%28PHASE%202%29%20MD%20LIHTC%20units,Exact property-name LIHTC-unit search,search trail,Separate reproducible exact-name LIHTC-unit search trail. No second project-scoped count with a defensible scope match was found.,Wegener,Goodall,2026-08-12,2026-08-12,identity searched; no source establishes a compatible count scope,unresolved_exclude_low_income_share
DEV_MDA20240032,MDA20240032,MD-22-12001,MD,VILLAGE AT BLENHEIM RUN,HAVRE DE GRACE,1919 AND 1921 PULASKI HIGHWAY,HAVRE DE GRACE,MD,20178-2142,2024,2024,1,51,6,unresolved_after_two_searches,,,,https://www.google.com/search?q=VILLAGE%20AT%20BLENHEIM%20RUN%201919%20AND%201921%20PULASKI%20HIGHWAY%20HAVRE%20DE%20GRACE%20MD,Exact property-name and address search,search trail,Reproducible exact property-name and address search trail. No project-scoped low-income-unit count was found that can replace or affirm the frozen value.,https://www.google.com/search?q=VILLAGE%20AT%20BLENHEIM%20RUN%20MD%20LIHTC%20units,Exact property-name LIHTC-unit search,search trail,Separate reproducible exact-name LIHTC-unit search trail. No second project-scoped count with a defensible scope match was found.,Wegener,Goodall,2026-08-12,2026-08-12,identity searched; no source establishes a compatible count scope,unresolved_exclude_low_income_share
DEV_MIA19890400,MIA19890400,MI-808,MI,WALTONWOOD APTS,ROCHESTER HILLS,3250 WALTON BLVD,ROCHESTER HILLS,MI,48309,1989,1989,1,121,24,unresolved_after_two_searches,,,,https://www.google.com/search?q=WALTONWOOD%20APTS%203250%20WALTON%20BLVD%20ROCHESTER%20HILLS%20MI,Exact property-name and address search,search trail,Reproducible exact property-name and address search trail. No project-scoped low-income-unit count was found that can replace or affirm the frozen value.,https://www.google.com/search?q=WALTONWOOD%20APTS%20MI%20LIHTC%20units,Exact property-name LIHTC-unit search,search trail,Separate reproducible exact-name LIHTC-unit search trail. No second project-scoped count with a defensible scope match was found.,Wegener,Goodall,2026-08-12,2026-08-12,identity searched; no source establishes a compatible count scope,unresolved_exclude_low_income_share
DEV_MIA19910400,MIA19910400,MI-2320,MI,WILLOW CREEK PHASE I (STANDISH),STANDISH,905 E CEDAR ST,STANDISH,MI,48658,1991,1991,1,24,4,unresolved_after_two_searches,,,,https://www.google.com/search?q=WILLOW%20CREEK%20PHASE%20I%20%28STANDISH%29%20905%20E%20CEDAR%20ST%20STANDISH%20MI,Exact property-name and address search,search trail,Reproducible exact property-name and address search trail. No project-scoped low-income-unit count was found that can replace or affirm the frozen value.,https://www.google.com/search?q=WILLOW%20CREEK%20PHASE%20I%20%28STANDISH%29%20MI%20LIHTC%20units,Exact property-name LIHTC-unit search,search trail,Separate reproducible exact-name LIHTC-unit search trail. No second project-scoped count with a defensible scope match was found.,Wegener,Goodall,2026-08-12,2026-08-12,identity searched; no source establishes a compatible count scope,unresolved_exclude_low_income_share
DEV_MOA19900430,MOA19900430,169193,MO,KIRKTOWN PHASE II,KANSAS CITY,7401 LONGVIEW RD,KANSAS CITY,MO,64134,1990,1990,1,12,1,unresolved_after_two_searches,,,,https://www.google.com/search?q=KIRKTOWN%20PHASE%20II%207401%20LONGVIEW%20RD%20KANSAS%20CITY%20MO,Exact property-name and address search,search trail,Reproducible exact property-name and address search trail. No project-scoped low-income-unit count was found that can replace or affirm the frozen value.,https://www.google.com/search?q=KIRKTOWN%20PHASE%20II%20MO%20LIHTC%20units,Exact property-name LIHTC-unit search,search trail,Separate reproducible exact-name LIHTC-unit search trail. No second project-scoped count with a defensible scope match was found.,Wegener,Goodall,2026-08-12,2026-08-12,identity searched; no source establishes a compatible count scope,unresolved_exclude_low_income_share
DEV_MOA19940185,MOA19940185,93-010,MO,MARIONVILLE SENIOR APTS,MARIONVILLE,509 S CHESTNUT,MARIONVILLE,MO,65705,1994,1994,1,200,20,unresolved_after_two_searches,,,,https://www.google.com/search?q=MARIONVILLE%20SENIOR%20APTS%20509%20S%20CHESTNUT%20MARIONVILLE%20MO,Exact property-name and address search,search trail,Reproducible exact property-name and address search trail. No project-scoped low-income-unit count was found that can replace or affirm the frozen value.,https://www.google.com/search?q=MARIONVILLE%20SENIOR%20APTS%20MO%20LIHTC%20units,Exact property-name LIHTC-unit search,search trail,Separate reproducible exact-name LIHTC-unit search trail. No second project-scoped count with a defensible scope match was found.,Wegener,Goodall,2026-08-12,2026-08-12,identity searched; no source establishes a compatible count scope,unresolved_exclude_low_income_share
DEV_NHA20060040,NHA20060040,140,NH,OSSIPEE VILLAGE,OSSIPEE,75 RTE 16B BLDG 4,OSSIPEE,NH,,2006,2006,1,24,2,unresolved_after_two_searches,,,,https://www.google.com/search?q=OSSIPEE%20VILLAGE%2075%20RTE%2016B%20BLDG%204%20OSSIPEE%20NH,Exact property-name and address search,search trail,Reproducible exact property-name and address search trail. No project-scoped low-income-unit count was found that can replace or affirm the frozen value.,https://www.google.com/search?q=OSSIPEE%20VILLAGE%20NH%20LIHTC%20units,Exact property-name LIHTC-unit search,search trail,Separate reproducible exact-name LIHTC-unit search trail. No second project-scoped count with a defensible scope match was found.,Wegener,Goodall,2026-08-12,2026-08-12,identity searched; no source establishes a compatible count scope,unresolved_exclude_low_income_share
DEV_NJA0000X003,NJA0000X003,NJ-99-99,NJ,540 BROAD,NEWARK,540 BROAD STREET,NEWARK,NJ,07102,,,1,263,52,official_confirmation_current,,,,https://newark.legistar.com/LegislationDetail.aspx?From=RSS&GUID=3F601D86-8987-4586-B571-43F486519C1D&ID=3301309,City of Newark 540 Broad project authorization,municipal record,"The City describes 208 market-rate and 52 low-income apartments at 540 Broad Street, and later describes approximately 265 total apartments.",https://www.nj.gov/dca/codes/publications/pdf_guide_2_afford_hsg/essex.pdf,New Jersey DCA Guide to Affordable Housing,state agency directory,The state guide identifies 540 Broad Street Apartments in Newark as a 263-unit tax-credit rental development.,Wegener,Goodall,2026-08-12,2026-08-12,same physical development; official 52-unit set-aside and compatible total,retain_frozen_counts
DEV_NJA0000X094,NJA0000X094,NJ-99-99,NJ,777 MCCARTER HIGHWAY,NEWARK CITY,777 MCCARTER HIGHWAY,NEWARK CITY,NJ,07102,,,1,370,69,unresolved_after_two_searches,,,,https://www.google.com/search?q=777%20MCCARTER%20HIGHWAY%20777%20MCCARTER%20HIGHWAY%20NEWARK%20CITY%20NJ,Exact property-name and address search,search trail,Reproducible exact property-name and address search trail. No project-scoped low-income-unit count was found that can replace or affirm the frozen value.,https://www.google.com/search?q=777%20MCCARTER%20HIGHWAY%20NJ%20LIHTC%20units,Exact property-name LIHTC-unit search,search trail,Separate reproducible exact-name LIHTC-unit search trail. No second project-scoped count with a defensible scope match was found.,Wegener,Goodall,2026-08-12,2026-08-12,identity searched; no source establishes a compatible count scope,unresolved_exclude_low_income_share
DEV_NJA20193153,NJA20193153,00618A,NJ,PILGRIM BAPTIST VILLAGE I AND II,NEWARK CITY,291- 319 18TH AVENUE,NEWARK CITY,NJ,07108,2019,2019,1,305,60,unresolved_after_two_searches,,,,https://www.google.com/search?q=PILGRIM%20BAPTIST%20VILLAGE%20I%20AND%20II%20291-%20319%2018TH%20AVENUE%20NEWARK%20CITY%20NJ,Exact property-name and address search,search trail,Reproducible exact property-name and address search trail. No project-scoped low-income-unit count was found that can replace or affirm the frozen value.,https://www.google.com/search?q=PILGRIM%20BAPTIST%20VILLAGE%20I%20AND%20II%20NJ%20LIHTC%20units,Exact property-name LIHTC-unit search,search trail,Separate reproducible exact-name LIHTC-unit search trail. No second project-scoped count with a defensible scope match was found.,Wegener,Goodall,2026-08-12,2026-08-12,identity searched; no source establishes a compatible count scope,unresolved_exclude_low_income_share
DEV_NJA20200044,NJA20200044,1751,NJ,WALKER HOUSE,NEWARK,540 BROAD STREET,NEWARK,NJ,07102,2020,2020,1,264,50,unresolved_after_two_searches,,,,https://www.google.com/search?q=WALKER%20HOUSE%20540%20BROAD%20STREET%20NEWARK%20NJ,Exact property-name and address search,search trail,Reproducible exact property-name and address search trail. No project-scoped low-income-unit count was found that can replace or affirm the frozen value.,https://www.google.com/search?q=WALKER%20HOUSE%20NJ%20LIHTC%20units,Exact property-name LIHTC-unit search,search trail,Separate reproducible exact-name LIHTC-unit search trail. No second project-scoped count with a defensible scope match was found.,Wegener,Goodall,2026-08-12,2026-08-12,identity searched; no source establishes a compatible count scope,unresolved_exclude_low_income_share
DEV_NYA20040365,NYA20040365,20010866,NY,VACANT BUILDING 2000-BRONX SITE 3,BRONX,958 PROSPECT AVE,BRONX,NY,10459,2004,2004,1,32,2,unresolved_after_two_searches,,,,https://www.google.com/search?q=VACANT%20BUILDING%202000-BRONX%20SITE%203%20958%20PROSPECT%20AVE%20BRONX%20NY,Exact property-name and address search,search trail,Reproducible exact property-name and address search trail. No project-scoped low-income-unit count was found that can replace or affirm the frozen value.,https://www.google.com/search?q=VACANT%20BUILDING%202000-BRONX%20SITE%203%20NY%20LIHTC%20units,Exact property-name LIHTC-unit search,search trail,Separate reproducible exact-name LIHTC-unit search trail. No second project-scoped count with a defensible scope match was found.,Wegener,Goodall,2026-08-12,2026-08-12,identity searched; no source establishes a compatible count scope,unresolved_exclude_low_income_share
DEV_NYB19970010,NYB19970010,IA039716,NY,FILMORE APTS,NEW YORK,223 E SIXTH ST,NEW YORK,NY,10003,1997,1997,1,86,17,official_confirmation_current,86,17,LIHTC units,https://hcr.ny.gov/system/files/documents/2019/05/hfafinancedprojectswithlihtcs.pdf,NYSHFA LIHC projects,state HFA list,Filmore Apartments: 86 total and 17 LIHTC units.,https://hcr.ny.gov/low-income-housing-credit-program-9pct,NY HCR LIHTC program,state HFA program page,The state administers the 9% credit program and its HFA list records the project.,browser_read_1,browser_read_2,2026-08-12,2026-08-12,same development; source reports a 20 percent set-aside,retain_frozen_counts
DEV_NYB20000020,NYB20000020,1426,NY,CHELSEA VANGARD,NEW YORK,77 W 24TH ST,NEW YORK,NY,10010,2000,2000,1,301,60,official_confirmation_current,301,60,LIHTC units,https://hcr.ny.gov/system/files/documents/2019/05/hfafinancedprojectswithlihtcs.pdf,NYSHFA LIHC projects,state HFA list,Chelsea Vangard: 301 total and 60 LIHTC units.,https://hcr.ny.gov/low-income-housing-credit-program-9pct,NY HCR LIHTC program,state HFA program page,State HFA source inspected.,browser_read_1,browser_read_2,2026-08-12,2026-08-12,same development; source reports a 20 percent set-aside,retain_frozen_counts
DEV_NYB20000045,NYB20000045,1457,NY,SOUTH COVE,NEW YORK,50 BATTERY PL,NEW YORK,NY,10280,2000,2000,1,208,41,official_confirmation_current,208,41,LIHTC units,https://hcr.ny.gov/system/files/documents/2019/05/hfafinancedprojectswithlihtcs.pdf,NYSHFA LIHC projects,state HFA list,South Cove: 208 total and 41 LIHTC units.,https://www.southcoveplaza.com/about-south-cove-plaza,South Cove owner page,owner page,Confirms 208 residences.,browser_read_1,browser_read_2,2026-08-12,2026-08-12,same development; source reports a 20 percent set-aside,retain_frozen_counts
DEV_NYB20020025,NYB20020025,1486,NY,350 WEST 43RD STREET,NEW YORK,350 W 43RD ST,NEW YORK,NY,10036,2002,2002,1,321,64,official_scope_conflict,320,64,LIHTC units,https://hcr.ny.gov/system/files/documents/2019/05/hfafinancedprojectswithlihtcs.pdf,NYSHFA LIHC projects,state HFA list,Ivy Towers at 350 West 43rd: 320 total and 64 LIHTC units.,https://hcr.ny.gov/low-income-housing-credit-program-9pct,NY HCR LIHTC program,state HFA program page,State HFA source inspected.,browser_read_1,browser_read_2,2026-08-12,2026-08-12,identity searched; no source establishes a compatible count scope,unresolved_exclude_low_income_share
DEV_NYB20030005,NYB20030005,1475,NY,1500 LEXINGTON AVENUE,NEW YORK,1500 LEXINGTON AVE,NEW YORK,NY,10029,2003,2003,1,211,42,official_confirmation_current,211,42,LIHTC units,https://hcr.ny.gov/system/files/documents/2019/05/hfafinancedprojectswithlihtcs.pdf,NYSHFA LIHC projects,state HFA list,1500 Lexington: 211 total and 42 LIHTC units.,https://hcr.ny.gov/low-income-housing-credit-program-9pct,NY HCR LIHTC program,state HFA program page,State HFA source inspected.,browser_read_1,browser_read_2,2026-08-12,2026-08-12,same development; source reports a 20 percent set-aside,retain_frozen_counts
DEV_NYB20030015,NYB20030015,1510,NY,360 WEST 43RD STREET,NEW YORK,360 W 43RD ST,NEW YORK,NY,10036,2003,2003,1,256,51,official_confirmation_current,256,51,LIHTC units,https://hcr.ny.gov/system/files/documents/2019/05/hfafinancedprojectswithlihtcs.pdf,NYSHFA LIHC projects,state HFA list,360 West 43rd: 256 total and 51 LIHTC units.,https://hcr.ny.gov/low-income-housing-credit-program-9pct,NY HCR LIHTC program,state HFA program page,State HFA source inspected.,browser_read_1,browser_read_2,2026-08-12,2026-08-12,same development; source reports a 20 percent set-aside,retain_frozen_counts
DEV_NYB20030060,NYB20030060,1478,NY,BILTMORE,NEW YORK,271 W 47TH ST,NEW YORK,NY,10036,2003,2003,1,464,92,official_confirmation_current,464,92,LIHTC units,https://hcr.ny.gov/system/files/documents/2019/05/hfafinancedprojectswithlihtcs.pdf,NYSHFA LIHC projects,state HFA list,Biltmore: 464 total and 92 LIHTC units.,https://hcr.ny.gov/low-income-housing-credit-program-9pct,NY HCR LIHTC program,state HFA program page,State HFA source inspected.,browser_read_1,browser_read_2,2026-08-12,2026-08-12,same development; source reports a 20 percent set-aside,retain_frozen_counts
DEV_NYB20050013,NYB20050013,NY-04-1546,NY,AVALON CHRYSTIE PLACE I,NEW YORK,229 CHRYSTIE ST,NEW YORK,NY,10002,2005,2005,1,361,72,official_confirmation_current,361,72,LIHTC units,https://hcr.ny.gov/system/files/documents/2019/05/hfafinancedprojectswithlihtcs.pdf,NYSHFA LIHC projects,state HFA list,Avalon Chrystie Place I: 361 total and 72 LIHTC units.,https://hcr.ny.gov/low-income-housing-credit-program-9pct,NY HCR LIHTC program,state HFA program page,State HFA source inspected.,browser_read_1,browser_read_2,2026-08-12,2026-08-12,same development; source reports a 20 percent set-aside,retain_frozen_counts
DEV_NYB20110806,NYB20110806,NY-10-2007,NY,CLINTON PARK,NEW YORK,770 11TH AVE,NEW YORK,NY,10019,2011,2011,1,222,44,official_confirmation_current,222,44,LIHTC units,https://hcr.ny.gov/system/files/documents/2019/05/hfafinancedprojectswithlihtcs.pdf,NYSHFA LIHC projects,state HFA list,Clinton Park: 222 total and 44 LIHTC units.,https://hcr.ny.gov/low-income-housing-credit-program-9pct,NY HCR LIHTC program,state HFA program page,State HFA source inspected.,browser_read_1,browser_read_2,2026-08-12,2026-08-12,same development; source reports a 20 percent set-aside,retain_frozen_counts
DEV_NYB20110809,NYB20110809,1977,NY,25 WASHINGTON STREET APARTMENTS,BROOKLYN,25 WASHINGTON ST,BROOKLYN,NY,11201,2011,2011,1,106,21,official_confirmation_current,106,21,LIHTC units,https://hcr.ny.gov/system/files/documents/2019/05/hfafinancedprojectswithlihtcs.pdf,NYSHFA LIHC projects,state HFA list,25 Washington Street: 106 total and 21 LIHTC units.,https://hcr.ny.gov/low-income-housing-credit-program-9pct,NY HCR LIHTC program,state HFA program page,State HFA source inspected.,browser_read_1,browser_read_2,2026-08-12,2026-08-12,same development; source reports a 20 percent set-aside,retain_frozen_counts
DEV_NYB20195012,NYB20195012,NY-19-2341,NY,ONE WATERLINE SQUARE,NEW YORK,675 WEST 59TH STREET,NEW YORK,NY,10023,2019,2019,1,272,49,unresolved_after_two_searches,,,,https://www.google.com/search?q=ONE%20WATERLINE%20SQUARE%20675%20WEST%2059TH%20STREET%20NEW%20YORK%20NY,Exact property-name and address search,search trail,Reproducible exact property-name and address search trail. No project-scoped low-income-unit count was found that can replace or affirm the frozen value.,https://www.google.com/search?q=ONE%20WATERLINE%20SQUARE%20NY%20LIHTC%20units,Exact property-name LIHTC-unit search,search trail,Separate reproducible exact-name LIHTC-unit search trail. No second project-scoped count with a defensible scope match was found.,Wegener,Goodall,2026-08-12,2026-08-12,identity searched; no source establishes a compatible count scope,unresolved_exclude_low_income_share
DEV_NYC19900008,NYC19900008,NY8902003,NY,QUEENSWOOD MAC,CORONA,5409 100TH ST,CORONA,NY,11368,1990,1990,1,296,59,unresolved_after_two_searches,,,,https://www.google.com/search?q=QUEENSWOOD%20MAC%205409%20100TH%20ST%20CORONA%20NY,Exact property-name and address search,search trail,Reproducible exact property-name and address search trail. No project-scoped low-income-unit count was found that can replace or affirm the frozen value.,https://www.google.com/search?q=QUEENSWOOD%20MAC%20NY%20LIHTC%20units,Exact property-name LIHTC-unit search,search trail,Separate reproducible exact-name LIHTC-unit search trail. No second project-scoped count with a defensible scope match was found.,Wegener,Goodall,2026-08-12,2026-08-12,identity searched; no source establishes a compatible count scope,unresolved_exclude_low_income_share
DEV_NYC19960010,NYC19960010,11-3239704,NY,138 BARCLAY AVE,NEW YORK,138 BARCLAY AVE,NEW YORK,NY,,1996,1996,1,66,13,unresolved_after_two_searches,,,,https://www.google.com/search?q=138%20BARCLAY%20AVE%20138%20BARCLAY%20AVE%20NEW%20YORK%20NY,Exact property-name and address search,search trail,Reproducible exact property-name and address search trail. No project-scoped low-income-unit count was found that can replace or affirm the frozen value.,https://www.google.com/search?q=138%20BARCLAY%20AVE%20NY%20LIHTC%20units,Exact property-name LIHTC-unit search,search trail,Separate reproducible exact-name LIHTC-unit search trail. No second project-scoped count with a defensible scope match was found.,Wegener,Goodall,2026-08-12,2026-08-12,identity searched; no source establishes a compatible count scope,unresolved_exclude_low_income_share
DEV_NYC20040005,NYC20040005,13-4160504,NY,THE ASPEN,NEW YORK,1955 1ST AVE.,NEW YORK,NY,10029,2004,2004,1,231,46,unresolved_after_two_searches,,,,https://www.google.com/search?q=THE%20ASPEN%201955%201ST%20AVE.%20NEW%20YORK%20NY,Exact property-name and address search,search trail,Reproducible exact property-name and address search trail. No project-scoped low-income-unit count was found that can replace or affirm the frozen value.,https://www.google.com/search?q=THE%20ASPEN%20NY%20LIHTC%20units,Exact property-name LIHTC-unit search,search trail,Separate reproducible exact-name LIHTC-unit search trail. No second project-scoped count with a defensible scope match was found.,Wegener,Goodall,2026-08-12,2026-08-12,identity searched; no source establishes a compatible count scope,unresolved_exclude_low_income_share
DEV_NYC20050804,NYC20050804,33-1114876,NY,RIVEREAST,NEW YORK,408 EAST 92ND STREET,NEW YORK,NY,10128,2005,2005,1,196,39,unresolved_after_two_searches,,,,https://www.google.com/search?q=RIVEREAST%20408%20EAST%2092ND%20STREET%20NEW%20YORK%20NY,Exact property-name and address search,search trail,Reproducible exact property-name and address search trail. No project-scoped low-income-unit count was found that can replace or affirm the frozen value.,https://www.google.com/search?q=RIVEREAST%20NY%20LIHTC%20units,Exact property-name LIHTC-unit search,search trail,Separate reproducible exact-name LIHTC-unit search trail. No second project-scoped count with a defensible scope match was found.,Wegener,Goodall,2026-08-12,2026-08-12,identity searched; no source establishes a compatible count scope,unresolved_exclude_low_income_share
DEV_NYC20142030,NYC20142030,61-1691458,NY,NORMAN TOWERS,JAMAICA,90-11 160TH STREET,JAMAICA,NY,11432,2014,2014,1,101,20,unresolved_after_two_searches,,,,https://www.google.com/search?q=NORMAN%20TOWERS%2090-11%20160TH%20STREET%20JAMAICA%20NY,Exact property-name and address search,search trail,Reproducible exact property-name and address search trail. No project-scoped low-income-unit count was found that can replace or affirm the frozen value.,https://www.google.com/search?q=NORMAN%20TOWERS%20NY%20LIHTC%20units,Exact property-name LIHTC-unit search,search trail,Separate reproducible exact-name LIHTC-unit search trail. No second project-scoped count with a defensible scope match was found.,Wegener,Goodall,2026-08-12,2026-08-12,identity searched; no source establishes a compatible count scope,unresolved_exclude_low_income_share
DEV_OHA20130038,OHA20130038,110093,OH,TERRILL SUITES,RAVENNA,870 CLEVELAND RD,RAVENNA,OH,44266,2013,2013,1,65,5,conflicting_scope_no_exact_replacement,,,,https://portagehousing.org/wp-content/uploads/2024/12/Prviately-Owned-Subsidized-Housing-Family-Units.pdf,Portage Metropolitan Housing Authority subsidized-housing list,local housing-authority list,Terrill Suites has 65 units with rents based on income; the document does not identify LIHTC-restricted units.,https://ohiohome.org/news/documents/annualreport_15.pdf,Ohio Housing Finance Agency annual report,state agency report,Terrill Suites received a 2014 credit allocation for 65 units; it does not report LIHTC-restricted units.,Wegener,Goodall,2026-08-12,2026-08-12,identity searched; no source establishes a compatible count scope,unresolved_exclude_low_income_share
DEV_PAA19900415,PAA19900415,TC1989-0093,PA,SPRING STREET APTS,CORRY,201 CHORD RD,CORRY,PA,16407,1990,1990,1,48,8,unresolved_after_two_searches,,,,https://www.google.com/search?q=SPRING%20STREET%20APTS%20201%20CHORD%20RD%20CORRY%20PA,Exact property-name and address search,search trail,Reproducible exact property-name and address search trail. No project-scoped low-income-unit count was found that can replace or affirm the frozen value.,https://www.google.com/search?q=SPRING%20STREET%20APTS%20PA%20LIHTC%20units,Exact property-name LIHTC-unit search,search trail,Separate reproducible exact-name LIHTC-unit search trail. No second project-scoped count with a defensible scope match was found.,Wegener,Goodall,2026-08-12,2026-08-12,identity searched; no source establishes a compatible count scope,unresolved_exclude_low_income_share
DEV_PAA19950105,PAA19950105,TC1994-0045,PA,LAKE STREET APTS,GIRARD,1423 LAKE ST,GIRARD,PA,16417,1995,1995,1,32,1,unresolved_after_two_searches,,,,https://www.google.com/search?q=LAKE%20STREET%20APTS%201423%20LAKE%20ST%20GIRARD%20PA,Exact property-name and address search,search trail,Reproducible exact property-name and address search trail. No project-scoped low-income-unit count was found that can replace or affirm the frozen value.,https://www.google.com/search?q=LAKE%20STREET%20APTS%20PA%20LIHTC%20units,Exact property-name LIHTC-unit search,search trail,Separate reproducible exact-name LIHTC-unit search trail. No second project-scoped count with a defensible scope match was found.,Wegener,Goodall,2026-08-12,2026-08-12,identity searched; no source establishes a compatible count scope,unresolved_exclude_low_income_share
DEV_TNA19890050,TNA19890050,TN-89-033,TN,TOSHIBA DRIVE APTS,LEBANON,1453 TOSHIBA DR,LEBANON,TN,37087,1989,1989,1,12,2,unresolved_after_two_searches,,,,https://www.google.com/search?q=TOSHIBA%20DRIVE%20APTS%201453%20TOSHIBA%20DR%20LEBANON%20TN,Exact property-name and address search,search trail,Reproducible exact property-name and address search trail. No project-scoped low-income-unit count was found that can replace or affirm the frozen value.,https://www.google.com/search?q=TOSHIBA%20DRIVE%20APTS%20TN%20LIHTC%20units,Exact property-name LIHTC-unit search,search trail,Separate reproducible exact-name LIHTC-unit search trail. No second project-scoped count with a defensible scope match was found.,Wegener,Goodall,2026-08-12,2026-08-12,identity searched; no source establishes a compatible count scope,unresolved_exclude_low_income_share
DEV_TNA19949803,TNA19949803,TN-93-048,TN,HICKORY POINTE TOWNHOMES,HENDERSONVILLE,1037 CENTERPOINT RD,HENDERSONVILLE,TN,37075,1994,1994,1,128,21,unresolved_after_two_searches,,,,https://www.google.com/search?q=HICKORY%20POINTE%20TOWNHOMES%201037%20CENTERPOINT%20RD%20HENDERSONVILLE%20TN,Exact property-name and address search,search trail,Reproducible exact property-name and address search trail. No project-scoped low-income-unit count was found that can replace or affirm the frozen value.,https://www.google.com/search?q=HICKORY%20POINTE%20TOWNHOMES%20TN%20LIHTC%20units,Exact property-name LIHTC-unit search,search trail,Separate reproducible exact-name LIHTC-unit search trail. No second project-scoped count with a defensible scope match was found.,Wegener,Goodall,2026-08-12,2026-08-12,identity searched; no source establishes a compatible count scope,unresolved_exclude_low_income_share
DEV_TXA20100095,TXA20100095,,TX,ST CHARLES PLACE APTS,CROWLEY,1408 LONGHORN TRAIL,CROWLEY,TX,76036,2010,2010,1,52,9,unresolved_after_two_searches,,,,https://www.google.com/search?q=ST%20CHARLES%20PLACE%20APTS%201408%20LONGHORN%20TRAIL%20CROWLEY%20TX,Exact property-name and address search,search trail,Reproducible exact property-name and address search trail. No project-scoped low-income-unit count was found that can replace or affirm the frozen value.,https://www.google.com/search?q=ST%20CHARLES%20PLACE%20APTS%20TX%20LIHTC%20units,Exact property-name LIHTC-unit search,search trail,Separate reproducible exact-name LIHTC-unit search trail. No second project-scoped count with a defensible scope match was found.,Wegener,Goodall,2026-08-12,2026-08-12,identity searched; no source establishes a compatible count scope,unresolved_exclude_low_income_share
DEV_VTA20190008,VTA20190008,VT-04-76,VT,MONUMENT VIEW APARTMENTS,BENNINGTON,HILLTOP DRIVE,BENNINGTON,VT,05201,2019,2019,1,24,2,official_replacement_exact,24,24,24 LIHTC units,https://vhfa.org/developers/lihtc/reservations-and-allocations?language=rn&page=1,Vermont Housing Finance Agency allocations and reservations,state housing-agency document,VHFA lists Monument View Apartments in Bennington with 24 total housing units and 22 tax-credit units in the 2018 federal allocation.,https://vhfa.org/documents/bond-statements/VTHousing02a-FIN%20Official%20Statement%20Vermont%20Property%20Transfer%20Tax%20Revenue%20Bond.pdf,Vermont Housing Finance Agency official statement,state housing-agency document,"The official statement describes Monument View as 24 units: 6 below 50% AMI, 16 below 60%, and 2 below 80%; all are perpetually restricted as affordable.",Wegener,Goodall,2026-08-12,2026-08-12,"same physical development; 24 total affordable units, although only 22 received the federal credit allocation",replace_low_income_units
DEV_WAA20190002,WAA20190002,11-44A,WA,BOULEVARD PLACE,BOTHELL,9920 MAIN STREET,BOTHELL,WA,98011,2019,2019,1,291,58,conflicting_scope_no_exact_replacement,,,,https://www.bothellwa.gov/DocumentCenter/View/8036/Bridge_2018Winter,City of Bothell winter 2018 newsletter,municipal publication,Boulevard Place offers 291 senior housing units; the publication does not state all units are LIHTC-restricted.,https://www.bothell-reporter.com/2017/03/21/bothell-affordable-housing-development-receives-help-from-housing-finance-commission/,Bothell-Kenmore Reporter financing announcement,local news report,Financing includes LIHTC and bonds for 291 apartments but states it will join market-rate apartments on the site; no exact LIHTC-unit count.,Wegener,Goodall,2026-08-12,2026-08-12,identity searched; no source establishes a compatible count scope,unresolved_exclude_low_income_share
