development_id,wheda_project_id,proposed_total_units,proposed_low_income_units,review_action,official_wheda_reviewer,official_wheda_reviewed_on,official_wheda_record_confirmation,internal_identity_reviewer,internal_identity_reviewed_on,internal_identity_address_confirmation,source_url,source_file,source_sha256,review_reason,reviewed_on
DEV_WIA20070005,51797,61,51,propose_direct_wheda_low_income_value,wheda_snapshot_read,2026-08-12,unique_name_year_total_match,internal_development_site_read,2026-08-12,matched_development_has_exact_site_address,https://www.wheda.com/developers-and-property-managers/tax-credits/multifamily-data-library/monitored-htc-projects,wheda_monitored_htc_projects.html,ba00414cf334e76c060d65ca8bcbda9ef6b2f50b260b3bdfca58af9bff2da25c,direct_value_proposed_not_applied,2026-08-12
DEV_WIA20070010,50313,54,54,propose_direct_wheda_low_income_value,wheda_snapshot_read,2026-08-12,unique_name_year_total_match,internal_development_site_read,2026-08-12,matched_development_identity_previously_adjudicated_site_address_differs,https://www.wheda.com/developers-and-property-managers/tax-credits/multifamily-data-library/monitored-htc-projects,wheda_monitored_htc_projects.html,ba00414cf334e76c060d65ca8bcbda9ef6b2f50b260b3bdfca58af9bff2da25c,direct_value_proposed_not_applied,2026-08-12
DEV_WIA20070020,51798,49,39,propose_direct_wheda_low_income_value,wheda_snapshot_read,2026-08-12,unique_name_year_total_match,internal_development_site_read,2026-08-12,matched_development_identity_previously_adjudicated_site_address_differs,https://www.wheda.com/developers-and-property-managers/tax-credits/multifamily-data-library/monitored-htc-projects,wheda_monitored_htc_projects.html,ba00414cf334e76c060d65ca8bcbda9ef6b2f50b260b3bdfca58af9bff2da25c,direct_value_proposed_not_applied,2026-08-12
DEV_WIA20070025,51771,80,80,propose_direct_wheda_low_income_value,wheda_snapshot_read,2026-08-12,unique_name_year_total_match,internal_development_site_read,2026-08-12,matched_development_identity_previously_adjudicated_site_address_differs,https://www.wheda.com/developers-and-property-managers/tax-credits/multifamily-data-library/monitored-htc-projects,wheda_monitored_htc_projects.html,ba00414cf334e76c060d65ca8bcbda9ef6b2f50b260b3bdfca58af9bff2da25c,direct_value_proposed_not_applied,2026-08-12
DEV_WIA20070030,51764,40,40,propose_direct_wheda_low_income_value,wheda_snapshot_read,2026-08-12,unique_name_year_total_match,internal_development_site_read,2026-08-12,matched_development_identity_previously_adjudicated_site_address_differs,https://www.wheda.com/developers-and-property-managers/tax-credits/multifamily-data-library/monitored-htc-projects,wheda_monitored_htc_projects.html,ba00414cf334e76c060d65ca8bcbda9ef6b2f50b260b3bdfca58af9bff2da25c,direct_value_proposed_not_applied,2026-08-12
DEV_WIA20070035,51792,22,22,propose_direct_wheda_low_income_value,wheda_snapshot_read,2026-08-12,unique_name_year_total_match,internal_development_site_read,2026-08-12,matched_development_identity_previously_adjudicated_site_address_differs,https://www.wheda.com/developers-and-property-managers/tax-credits/multifamily-data-library/monitored-htc-projects,wheda_monitored_htc_projects.html,ba00414cf334e76c060d65ca8bcbda9ef6b2f50b260b3bdfca58af9bff2da25c,direct_value_proposed_not_applied,2026-08-12
DEV_WIA20070045,51799,63,50,propose_direct_wheda_low_income_value,wheda_snapshot_read,2026-08-12,unique_name_year_total_match,internal_development_site_read,2026-08-12,matched_development_identity_previously_adjudicated_site_address_differs,https://www.wheda.com/developers-and-property-managers/tax-credits/multifamily-data-library/monitored-htc-projects,wheda_monitored_htc_projects.html,ba00414cf334e76c060d65ca8bcbda9ef6b2f50b260b3bdfca58af9bff2da25c,direct_value_proposed_not_applied,2026-08-12
DEV_WIA20070080,51788,62,62,propose_direct_wheda_low_income_value,wheda_snapshot_read,2026-08-12,unique_name_year_total_match,internal_development_site_read,2026-08-12,matched_development_identity_previously_adjudicated_site_address_differs,https://www.wheda.com/developers-and-property-managers/tax-credits/multifamily-data-library/monitored-htc-projects,wheda_monitored_htc_projects.html,ba00414cf334e76c060d65ca8bcbda9ef6b2f50b260b3bdfca58af9bff2da25c,direct_value_proposed_not_applied,2026-08-12
DEV_WIA20070095,51751,71,56,propose_direct_wheda_low_income_value,wheda_snapshot_read,2026-08-12,unique_name_year_total_match,internal_development_site_read,2026-08-12,matched_development_identity_previously_adjudicated_site_address_differs,https://www.wheda.com/developers-and-property-managers/tax-credits/multifamily-data-library/monitored-htc-projects,wheda_monitored_htc_projects.html,ba00414cf334e76c060d65ca8bcbda9ef6b2f50b260b3bdfca58af9bff2da25c,direct_value_proposed_not_applied,2026-08-12
DEV_WIA20070105,51806,184,184,propose_direct_wheda_low_income_value,wheda_snapshot_read,2026-08-12,unique_name_year_total_match,internal_development_site_read,2026-08-12,matched_development_identity_previously_adjudicated_site_address_differs,https://www.wheda.com/developers-and-property-managers/tax-credits/multifamily-data-library/monitored-htc-projects,wheda_monitored_htc_projects.html,ba00414cf334e76c060d65ca8bcbda9ef6b2f50b260b3bdfca58af9bff2da25c,direct_value_proposed_not_applied,2026-08-12
DEV_WIA20070110,51433,109,109,propose_direct_wheda_low_income_value,wheda_snapshot_read,2026-08-12,unique_name_year_total_match,internal_development_site_read,2026-08-12,matched_development_identity_previously_adjudicated_site_address_differs,https://www.wheda.com/developers-and-property-managers/tax-credits/multifamily-data-library/monitored-htc-projects,wheda_monitored_htc_projects.html,ba00414cf334e76c060d65ca8bcbda9ef6b2f50b260b3bdfca58af9bff2da25c,direct_value_proposed_not_applied,2026-08-12
DEV_WIA20070115,51756,84,66,propose_direct_wheda_low_income_value,wheda_snapshot_read,2026-08-12,unique_name_year_total_match,internal_development_site_read,2026-08-12,matched_development_identity_previously_adjudicated_site_address_differs,https://www.wheda.com/developers-and-property-managers/tax-credits/multifamily-data-library/monitored-htc-projects,wheda_monitored_htc_projects.html,ba00414cf334e76c060d65ca8bcbda9ef6b2f50b260b3bdfca58af9bff2da25c,direct_value_proposed_not_applied,2026-08-12
DEV_WIA20070125,51819,144,140,propose_direct_wheda_low_income_value,wheda_snapshot_read,2026-08-12,unique_name_year_total_match,internal_development_site_read,2026-08-12,matched_development_identity_previously_adjudicated_site_address_differs,https://www.wheda.com/developers-and-property-managers/tax-credits/multifamily-data-library/monitored-htc-projects,wheda_monitored_htc_projects.html,ba00414cf334e76c060d65ca8bcbda9ef6b2f50b260b3bdfca58af9bff2da25c,direct_value_proposed_not_applied,2026-08-12
DEV_WIA20070130,51801,24,19,propose_direct_wheda_low_income_value,wheda_snapshot_read,2026-08-12,unique_name_year_total_match,internal_development_site_read,2026-08-12,matched_development_has_exact_site_address,https://www.wheda.com/developers-and-property-managers/tax-credits/multifamily-data-library/monitored-htc-projects,wheda_monitored_htc_projects.html,ba00414cf334e76c060d65ca8bcbda9ef6b2f50b260b3bdfca58af9bff2da25c,direct_value_proposed_not_applied,2026-08-12
DEV_WIA20070140,51791,159,159,propose_direct_wheda_low_income_value,wheda_snapshot_read,2026-08-12,unique_name_year_total_match,internal_development_site_read,2026-08-12,matched_development_has_exact_site_address,https://www.wheda.com/developers-and-property-managers/tax-credits/multifamily-data-library/monitored-htc-projects,wheda_monitored_htc_projects.html,ba00414cf334e76c060d65ca8bcbda9ef6b2f50b260b3bdfca58af9bff2da25c,direct_value_proposed_not_applied,2026-08-12
DEV_WIA20070145,51813,80,80,propose_direct_wheda_low_income_value,wheda_snapshot_read,2026-08-12,unique_name_year_total_match,internal_development_site_read,2026-08-12,matched_development_identity_previously_adjudicated_site_address_differs,https://www.wheda.com/developers-and-property-managers/tax-credits/multifamily-data-library/monitored-htc-projects,wheda_monitored_htc_projects.html,ba00414cf334e76c060d65ca8bcbda9ef6b2f50b260b3bdfca58af9bff2da25c,direct_value_proposed_not_applied,2026-08-12
DEV_WIA20070150,51853,235,235,propose_direct_wheda_low_income_value,wheda_snapshot_read,2026-08-12,unique_name_year_total_match,internal_development_site_read,2026-08-12,matched_development_identity_previously_adjudicated_site_address_differs,https://www.wheda.com/developers-and-property-managers/tax-credits/multifamily-data-library/monitored-htc-projects,wheda_monitored_htc_projects.html,ba00414cf334e76c060d65ca8bcbda9ef6b2f50b260b3bdfca58af9bff2da25c,direct_value_proposed_not_applied,2026-08-12
DEV_WIA20070160,51786,70,69,propose_direct_wheda_low_income_value,wheda_snapshot_read,2026-08-12,unique_name_year_total_match,internal_development_site_read,2026-08-12,matched_development_identity_previously_adjudicated_site_address_differs,https://www.wheda.com/developers-and-property-managers/tax-credits/multifamily-data-library/monitored-htc-projects,wheda_monitored_htc_projects.html,ba00414cf334e76c060d65ca8bcbda9ef6b2f50b260b3bdfca58af9bff2da25c,direct_value_proposed_not_applied,2026-08-12
DEV_WIA20070165,50956,121,117,propose_direct_wheda_low_income_value,wheda_snapshot_read,2026-08-12,unique_name_year_total_match,internal_development_site_read,2026-08-12,matched_development_has_exact_site_address,https://www.wheda.com/developers-and-property-managers/tax-credits/multifamily-data-library/monitored-htc-projects,wheda_monitored_htc_projects.html,ba00414cf334e76c060d65ca8bcbda9ef6b2f50b260b3bdfca58af9bff2da25c,direct_value_proposed_not_applied,2026-08-12
DEV_WIA20070180,,,,retain_hud_pending_scope_or_match_review,wheda_snapshot_read,2026-08-12,wheda_snapshot_searched_no_safe_scope_match,internal_development_site_read,2026-08-12,internal_development_and_site_evidence_inspected_no_safe_scope_match,https://www.wheda.com/developers-and-property-managers/tax-credits/multifamily-data-library/monitored-htc-projects,wheda_monitored_htc_projects.html,ba00414cf334e76c060d65ca8bcbda9ef6b2f50b260b3bdfca58af9bff2da25c,no_unique_name_year_total_positive_low_income_match,2026-08-12
DEV_WIA20080005,51457,29,27,propose_direct_wheda_low_income_value,wheda_snapshot_read,2026-08-12,unique_name_year_total_match,internal_development_site_read,2026-08-12,matched_development_has_exact_site_address,https://www.wheda.com/developers-and-property-managers/tax-credits/multifamily-data-library/monitored-htc-projects,wheda_monitored_htc_projects.html,ba00414cf334e76c060d65ca8bcbda9ef6b2f50b260b3bdfca58af9bff2da25c,direct_value_proposed_not_applied,2026-08-12
DEV_WIA20080010,51851,71,34,propose_direct_wheda_low_income_value,wheda_snapshot_read,2026-08-12,unique_name_year_total_match,internal_development_site_read,2026-08-12,matched_development_has_exact_site_address,https://www.wheda.com/developers-and-property-managers/tax-credits/multifamily-data-library/monitored-htc-projects,wheda_monitored_htc_projects.html,ba00414cf334e76c060d65ca8bcbda9ef6b2f50b260b3bdfca58af9bff2da25c,direct_value_proposed_not_applied,2026-08-12
DEV_WIA20080015,51829,95,69,propose_direct_wheda_low_income_value,wheda_snapshot_read,2026-08-12,unique_name_year_total_match,internal_development_site_read,2026-08-12,matched_development_has_exact_site_address,https://www.wheda.com/developers-and-property-managers/tax-credits/multifamily-data-library/monitored-htc-projects,wheda_monitored_htc_projects.html,ba00414cf334e76c060d65ca8bcbda9ef6b2f50b260b3bdfca58af9bff2da25c,direct_value_proposed_not_applied,2026-08-12
DEV_WIA20080020,51795,23,21,propose_direct_wheda_low_income_value,wheda_snapshot_read,2026-08-12,unique_name_year_total_match,internal_development_site_read,2026-08-12,matched_development_has_exact_site_address,https://www.wheda.com/developers-and-property-managers/tax-credits/multifamily-data-library/monitored-htc-projects,wheda_monitored_htc_projects.html,ba00414cf334e76c060d65ca8bcbda9ef6b2f50b260b3bdfca58af9bff2da25c,direct_value_proposed_not_applied,2026-08-12
DEV_WIA20080030,,,,retain_hud_pending_scope_or_match_review,wheda_snapshot_read,2026-08-12,wheda_snapshot_searched_no_safe_scope_match,internal_development_site_read,2026-08-12,internal_development_and_site_evidence_inspected_no_safe_scope_match,https://www.wheda.com/developers-and-property-managers/tax-credits/multifamily-data-library/monitored-htc-projects,wheda_monitored_htc_projects.html,ba00414cf334e76c060d65ca8bcbda9ef6b2f50b260b3bdfca58af9bff2da25c,no_unique_name_year_total_positive_low_income_match,2026-08-12
DEV_WIA20080035,51854,84,84,propose_direct_wheda_low_income_value,wheda_snapshot_read,2026-08-12,unique_name_year_total_match,internal_development_site_read,2026-08-12,matched_development_has_exact_site_address,https://www.wheda.com/developers-and-property-managers/tax-credits/multifamily-data-library/monitored-htc-projects,wheda_monitored_htc_projects.html,ba00414cf334e76c060d65ca8bcbda9ef6b2f50b260b3bdfca58af9bff2da25c,direct_value_proposed_not_applied,2026-08-12
DEV_WIA20080045,,,,retain_hud_pending_scope_or_match_review,wheda_snapshot_read,2026-08-12,wheda_snapshot_searched_no_safe_scope_match,internal_development_site_read,2026-08-12,internal_development_and_site_evidence_inspected_no_safe_scope_match,https://www.wheda.com/developers-and-property-managers/tax-credits/multifamily-data-library/monitored-htc-projects,wheda_monitored_htc_projects.html,ba00414cf334e76c060d65ca8bcbda9ef6b2f50b260b3bdfca58af9bff2da25c,no_unique_name_year_total_positive_low_income_match,2026-08-12
DEV_WIA20080055,51837,18,16,propose_direct_wheda_low_income_value,wheda_snapshot_read,2026-08-12,unique_name_year_total_match,internal_development_site_read,2026-08-12,matched_development_identity_previously_adjudicated_site_address_differs,https://www.wheda.com/developers-and-property-managers/tax-credits/multifamily-data-library/monitored-htc-projects,wheda_monitored_htc_projects.html,ba00414cf334e76c060d65ca8bcbda9ef6b2f50b260b3bdfca58af9bff2da25c,direct_value_proposed_not_applied,2026-08-12
DEV_WIA20080070,51726,43,43,propose_direct_wheda_low_income_value,wheda_snapshot_read,2026-08-12,unique_name_year_total_match,internal_development_site_read,2026-08-12,matched_development_has_exact_site_address,https://www.wheda.com/developers-and-property-managers/tax-credits/multifamily-data-library/monitored-htc-projects,wheda_monitored_htc_projects.html,ba00414cf334e76c060d65ca8bcbda9ef6b2f50b260b3bdfca58af9bff2da25c,direct_value_proposed_not_applied,2026-08-12
DEV_WIA20080095,,,,retain_hud_pending_scope_or_match_review,wheda_snapshot_read,2026-08-12,wheda_snapshot_searched_no_safe_scope_match,internal_development_site_read,2026-08-12,internal_development_and_site_evidence_inspected_no_safe_scope_match,https://www.wheda.com/developers-and-property-managers/tax-credits/multifamily-data-library/monitored-htc-projects,wheda_monitored_htc_projects.html,ba00414cf334e76c060d65ca8bcbda9ef6b2f50b260b3bdfca58af9bff2da25c,no_unique_name_year_total_positive_low_income_match,2026-08-12
DEV_WIA20080105,,,,retain_hud_pending_scope_or_match_review,wheda_snapshot_read,2026-08-12,wheda_snapshot_searched_no_safe_scope_match,internal_development_site_read,2026-08-12,internal_development_and_site_evidence_inspected_no_safe_scope_match,https://www.wheda.com/developers-and-property-managers/tax-credits/multifamily-data-library/monitored-htc-projects,wheda_monitored_htc_projects.html,ba00414cf334e76c060d65ca8bcbda9ef6b2f50b260b3bdfca58af9bff2da25c,no_unique_name_year_total_positive_low_income_match,2026-08-12
DEV_WIA20080120,51840,120,120,propose_direct_wheda_low_income_value,wheda_snapshot_read,2026-08-12,unique_name_year_total_match,internal_development_site_read,2026-08-12,matched_development_identity_previously_adjudicated_site_address_differs,https://www.wheda.com/developers-and-property-managers/tax-credits/multifamily-data-library/monitored-htc-projects,wheda_monitored_htc_projects.html,ba00414cf334e76c060d65ca8bcbda9ef6b2f50b260b3bdfca58af9bff2da25c,direct_value_proposed_not_applied,2026-08-12
DEV_WIA20080125,51871,56,56,propose_direct_wheda_low_income_value,wheda_snapshot_read,2026-08-12,unique_name_year_total_match,internal_development_site_read,2026-08-12,matched_development_identity_previously_adjudicated_site_address_differs,https://www.wheda.com/developers-and-property-managers/tax-credits/multifamily-data-library/monitored-htc-projects,wheda_monitored_htc_projects.html,ba00414cf334e76c060d65ca8bcbda9ef6b2f50b260b3bdfca58af9bff2da25c,direct_value_proposed_not_applied,2026-08-12
DEV_WIA20080500,51834,24,19,propose_direct_wheda_low_income_value,wheda_snapshot_read,2026-08-12,unique_name_year_total_match,internal_development_site_read,2026-08-12,matched_development_identity_previously_adjudicated_site_address_differs,https://www.wheda.com/developers-and-property-managers/tax-credits/multifamily-data-library/monitored-htc-projects,wheda_monitored_htc_projects.html,ba00414cf334e76c060d65ca8bcbda9ef6b2f50b260b3bdfca58af9bff2da25c,direct_value_proposed_not_applied,2026-08-12
DEV_WIA20090012,51889,64,64,propose_direct_wheda_low_income_value,wheda_snapshot_read,2026-08-12,unique_name_year_total_match,internal_development_site_read,2026-08-12,matched_development_identity_previously_adjudicated_site_address_differs,https://www.wheda.com/developers-and-property-managers/tax-credits/multifamily-data-library/monitored-htc-projects,wheda_monitored_htc_projects.html,ba00414cf334e76c060d65ca8bcbda9ef6b2f50b260b3bdfca58af9bff2da25c,direct_value_proposed_not_applied,2026-08-12
DEV_WIA20090025,,,,retain_hud_pending_scope_or_match_review,wheda_snapshot_read,2026-08-12,wheda_snapshot_searched_no_safe_scope_match,internal_development_site_read,2026-08-12,internal_development_and_site_evidence_inspected_no_safe_scope_match,https://www.wheda.com/developers-and-property-managers/tax-credits/multifamily-data-library/monitored-htc-projects,wheda_monitored_htc_projects.html,ba00414cf334e76c060d65ca8bcbda9ef6b2f50b260b3bdfca58af9bff2da25c,no_unique_name_year_total_positive_low_income_match,2026-08-12
DEV_WIA20090035,51865,46,43,propose_direct_wheda_low_income_value,wheda_snapshot_read,2026-08-12,unique_name_year_total_match,internal_development_site_read,2026-08-12,matched_development_identity_previously_adjudicated_site_address_differs,https://www.wheda.com/developers-and-property-managers/tax-credits/multifamily-data-library/monitored-htc-projects,wheda_monitored_htc_projects.html,ba00414cf334e76c060d65ca8bcbda9ef6b2f50b260b3bdfca58af9bff2da25c,direct_value_proposed_not_applied,2026-08-12
DEV_WIA20090045,51458,122,79,propose_direct_wheda_low_income_value,wheda_snapshot_read,2026-08-12,unique_name_year_total_match,internal_development_site_read,2026-08-12,matched_development_identity_previously_adjudicated_site_address_differs,https://www.wheda.com/developers-and-property-managers/tax-credits/multifamily-data-library/monitored-htc-projects,wheda_monitored_htc_projects.html,ba00414cf334e76c060d65ca8bcbda9ef6b2f50b260b3bdfca58af9bff2da25c,direct_value_proposed_not_applied,2026-08-12
DEV_WIA20090050,51445,72,72,propose_direct_wheda_low_income_value,wheda_snapshot_read,2026-08-12,unique_name_year_total_match,internal_development_site_read,2026-08-12,matched_development_identity_previously_adjudicated_site_address_differs,https://www.wheda.com/developers-and-property-managers/tax-credits/multifamily-data-library/monitored-htc-projects,wheda_monitored_htc_projects.html,ba00414cf334e76c060d65ca8bcbda9ef6b2f50b260b3bdfca58af9bff2da25c,direct_value_proposed_not_applied,2026-08-12
DEV_WIA20090060,51845,24,23,propose_direct_wheda_low_income_value,wheda_snapshot_read,2026-08-12,unique_name_year_total_match,internal_development_site_read,2026-08-12,matched_development_has_exact_site_address,https://www.wheda.com/developers-and-property-managers/tax-credits/multifamily-data-library/monitored-htc-projects,wheda_monitored_htc_projects.html,ba00414cf334e76c060d65ca8bcbda9ef6b2f50b260b3bdfca58af9bff2da25c,direct_value_proposed_not_applied,2026-08-12
DEV_WIA20090065,51372,119,116,propose_direct_wheda_low_income_value,wheda_snapshot_read,2026-08-12,unique_name_year_total_match,internal_development_site_read,2026-08-12,matched_development_identity_previously_adjudicated_site_address_differs,https://www.wheda.com/developers-and-property-managers/tax-credits/multifamily-data-library/monitored-htc-projects,wheda_monitored_htc_projects.html,ba00414cf334e76c060d65ca8bcbda9ef6b2f50b260b3bdfca58af9bff2da25c,direct_value_proposed_not_applied,2026-08-12
DEV_WIA20090070,,,,retain_hud_pending_scope_or_match_review,wheda_snapshot_read,2026-08-12,wheda_snapshot_searched_no_safe_scope_match,internal_development_site_read,2026-08-12,internal_development_and_site_evidence_inspected_no_safe_scope_match,https://www.wheda.com/developers-and-property-managers/tax-credits/multifamily-data-library/monitored-htc-projects,wheda_monitored_htc_projects.html,ba00414cf334e76c060d65ca8bcbda9ef6b2f50b260b3bdfca58af9bff2da25c,no_unique_name_year_total_positive_low_income_match,2026-08-12
DEV_WIA20090501,51944,120,118,propose_direct_wheda_low_income_value,wheda_snapshot_read,2026-08-12,unique_name_year_total_match,internal_development_site_read,2026-08-12,matched_development_has_exact_site_address,https://www.wheda.com/developers-and-property-managers/tax-credits/multifamily-data-library/monitored-htc-projects,wheda_monitored_htc_projects.html,ba00414cf334e76c060d65ca8bcbda9ef6b2f50b260b3bdfca58af9bff2da25c,direct_value_proposed_not_applied,2026-08-12
DEV_WIA20090875,51888,36,36,propose_direct_wheda_low_income_value,wheda_snapshot_read,2026-08-12,unique_name_year_total_match,internal_development_site_read,2026-08-12,matched_development_identity_previously_adjudicated_site_address_differs,https://www.wheda.com/developers-and-property-managers/tax-credits/multifamily-data-library/monitored-htc-projects,wheda_monitored_htc_projects.html,ba00414cf334e76c060d65ca8bcbda9ef6b2f50b260b3bdfca58af9bff2da25c,direct_value_proposed_not_applied,2026-08-12
DEV_WIA20090886,51884,197,196,propose_direct_wheda_low_income_value,wheda_snapshot_read,2026-08-12,unique_name_year_total_match,internal_development_site_read,2026-08-12,matched_development_has_exact_site_address,https://www.wheda.com/developers-and-property-managers/tax-credits/multifamily-data-library/monitored-htc-projects,wheda_monitored_htc_projects.html,ba00414cf334e76c060d65ca8bcbda9ef6b2f50b260b3bdfca58af9bff2da25c,direct_value_proposed_not_applied,2026-08-12
DEV_WIA20100006,51920,65,65,propose_direct_wheda_low_income_value,wheda_snapshot_read,2026-08-12,unique_name_year_total_match,internal_development_site_read,2026-08-12,matched_development_identity_previously_adjudicated_site_address_differs,https://www.wheda.com/developers-and-property-managers/tax-credits/multifamily-data-library/monitored-htc-projects,wheda_monitored_htc_projects.html,ba00414cf334e76c060d65ca8bcbda9ef6b2f50b260b3bdfca58af9bff2da25c,direct_value_proposed_not_applied,2026-08-12
DEV_WIA20100010,51992,42,11,propose_direct_wheda_low_income_value,wheda_snapshot_read,2026-08-12,unique_name_year_total_match,internal_development_site_read,2026-08-12,matched_development_has_exact_site_address,https://www.wheda.com/developers-and-property-managers/tax-credits/multifamily-data-library/monitored-htc-projects,wheda_monitored_htc_projects.html,ba00414cf334e76c060d65ca8bcbda9ef6b2f50b260b3bdfca58af9bff2da25c,direct_value_proposed_not_applied,2026-08-12
DEV_WIA20100018,51949,83,82,propose_direct_wheda_low_income_value,wheda_snapshot_read,2026-08-12,unique_name_year_total_match,internal_development_site_read,2026-08-12,matched_development_has_exact_site_address,https://www.wheda.com/developers-and-property-managers/tax-credits/multifamily-data-library/monitored-htc-projects,wheda_monitored_htc_projects.html,ba00414cf334e76c060d65ca8bcbda9ef6b2f50b260b3bdfca58af9bff2da25c,direct_value_proposed_not_applied,2026-08-12
DEV_WIA20100020,51902,66,64,propose_direct_wheda_low_income_value,wheda_snapshot_read,2026-08-12,unique_name_year_total_match,internal_development_site_read,2026-08-12,matched_development_has_exact_site_address,https://www.wheda.com/developers-and-property-managers/tax-credits/multifamily-data-library/monitored-htc-projects,wheda_monitored_htc_projects.html,ba00414cf334e76c060d65ca8bcbda9ef6b2f50b260b3bdfca58af9bff2da25c,direct_value_proposed_not_applied,2026-08-12
DEV_WIA20100025,51954,35,35,propose_direct_wheda_low_income_value,wheda_snapshot_read,2026-08-12,unique_name_year_total_match,internal_development_site_read,2026-08-12,matched_development_identity_previously_adjudicated_site_address_differs,https://www.wheda.com/developers-and-property-managers/tax-credits/multifamily-data-library/monitored-htc-projects,wheda_monitored_htc_projects.html,ba00414cf334e76c060d65ca8bcbda9ef6b2f50b260b3bdfca58af9bff2da25c,direct_value_proposed_not_applied,2026-08-12
DEV_WIA20100030,51932,48,48,propose_direct_wheda_low_income_value,wheda_snapshot_read,2026-08-12,unique_name_year_total_match,internal_development_site_read,2026-08-12,matched_development_identity_previously_adjudicated_site_address_differs,https://www.wheda.com/developers-and-property-managers/tax-credits/multifamily-data-library/monitored-htc-projects,wheda_monitored_htc_projects.html,ba00414cf334e76c060d65ca8bcbda9ef6b2f50b260b3bdfca58af9bff2da25c,direct_value_proposed_not_applied,2026-08-12
DEV_WIA20100033,,,,retain_hud_pending_scope_or_match_review,wheda_snapshot_read,2026-08-12,wheda_snapshot_searched_no_safe_scope_match,internal_development_site_read,2026-08-12,internal_development_and_site_evidence_inspected_no_safe_scope_match,https://www.wheda.com/developers-and-property-managers/tax-credits/multifamily-data-library/monitored-htc-projects,wheda_monitored_htc_projects.html,ba00414cf334e76c060d65ca8bcbda9ef6b2f50b260b3bdfca58af9bff2da25c,no_unique_name_year_total_positive_low_income_match,2026-08-12
DEV_WIA20100037,51942,64,64,propose_direct_wheda_low_income_value,wheda_snapshot_read,2026-08-12,unique_name_year_total_match,internal_development_site_read,2026-08-12,matched_development_identity_previously_adjudicated_site_address_differs,https://www.wheda.com/developers-and-property-managers/tax-credits/multifamily-data-library/monitored-htc-projects,wheda_monitored_htc_projects.html,ba00414cf334e76c060d65ca8bcbda9ef6b2f50b260b3bdfca58af9bff2da25c,direct_value_proposed_not_applied,2026-08-12
DEV_WIA20100038,51364,106,106,propose_direct_wheda_low_income_value,wheda_snapshot_read,2026-08-12,unique_name_year_total_match,internal_development_site_read,2026-08-12,matched_development_has_exact_site_address,https://www.wheda.com/developers-and-property-managers/tax-credits/multifamily-data-library/monitored-htc-projects,wheda_monitored_htc_projects.html,ba00414cf334e76c060d65ca8bcbda9ef6b2f50b260b3bdfca58af9bff2da25c,direct_value_proposed_not_applied,2026-08-12
DEV_WIA20100040,51929,88,88,propose_direct_wheda_low_income_value,wheda_snapshot_read,2026-08-12,unique_name_year_total_match,internal_development_site_read,2026-08-12,matched_development_identity_previously_adjudicated_site_address_differs,https://www.wheda.com/developers-and-property-managers/tax-credits/multifamily-data-library/monitored-htc-projects,wheda_monitored_htc_projects.html,ba00414cf334e76c060d65ca8bcbda9ef6b2f50b260b3bdfca58af9bff2da25c,direct_value_proposed_not_applied,2026-08-12
DEV_WIA20100041,,,,retain_hud_pending_scope_or_match_review,wheda_snapshot_read,2026-08-12,wheda_snapshot_searched_no_safe_scope_match,internal_development_site_read,2026-08-12,internal_development_and_site_evidence_inspected_no_safe_scope_match,https://www.wheda.com/developers-and-property-managers/tax-credits/multifamily-data-library/monitored-htc-projects,wheda_monitored_htc_projects.html,ba00414cf334e76c060d65ca8bcbda9ef6b2f50b260b3bdfca58af9bff2da25c,no_unique_name_year_total_positive_low_income_match,2026-08-12
DEV_WIA20100045,51931,66,66,propose_direct_wheda_low_income_value,wheda_snapshot_read,2026-08-12,unique_name_year_total_match,internal_development_site_read,2026-08-12,matched_development_identity_previously_adjudicated_site_address_differs,https://www.wheda.com/developers-and-property-managers/tax-credits/multifamily-data-library/monitored-htc-projects,wheda_monitored_htc_projects.html,ba00414cf334e76c060d65ca8bcbda9ef6b2f50b260b3bdfca58af9bff2da25c,direct_value_proposed_not_applied,2026-08-12
DEV_WIA20100046,51950,37,37,propose_direct_wheda_low_income_value,wheda_snapshot_read,2026-08-12,unique_name_year_total_match,internal_development_site_read,2026-08-12,matched_development_has_exact_site_address,https://www.wheda.com/developers-and-property-managers/tax-credits/multifamily-data-library/monitored-htc-projects,wheda_monitored_htc_projects.html,ba00414cf334e76c060d65ca8bcbda9ef6b2f50b260b3bdfca58af9bff2da25c,direct_value_proposed_not_applied,2026-08-12
DEV_WIA20100050,,,,retain_hud_pending_scope_or_match_review,wheda_snapshot_read,2026-08-12,wheda_snapshot_searched_no_safe_scope_match,internal_development_site_read,2026-08-12,internal_development_and_site_evidence_inspected_no_safe_scope_match,https://www.wheda.com/developers-and-property-managers/tax-credits/multifamily-data-library/monitored-htc-projects,wheda_monitored_htc_projects.html,ba00414cf334e76c060d65ca8bcbda9ef6b2f50b260b3bdfca58af9bff2da25c,no_unique_name_year_total_positive_low_income_match,2026-08-12
DEV_WIA20100051,52073,48,48,propose_direct_wheda_low_income_value,wheda_snapshot_read,2026-08-12,unique_name_year_total_match,internal_development_site_read,2026-08-12,matched_development_identity_previously_adjudicated_site_address_differs,https://www.wheda.com/developers-and-property-managers/tax-credits/multifamily-data-library/monitored-htc-projects,wheda_monitored_htc_projects.html,ba00414cf334e76c060d65ca8bcbda9ef6b2f50b260b3bdfca58af9bff2da25c,direct_value_proposed_not_applied,2026-08-12
DEV_WIA20100054,51401,150,149,propose_direct_wheda_low_income_value,wheda_snapshot_read,2026-08-12,unique_name_year_total_match,internal_development_site_read,2026-08-12,matched_development_has_exact_site_address,https://www.wheda.com/developers-and-property-managers/tax-credits/multifamily-data-library/monitored-htc-projects,wheda_monitored_htc_projects.html,ba00414cf334e76c060d65ca8bcbda9ef6b2f50b260b3bdfca58af9bff2da25c,direct_value_proposed_not_applied,2026-08-12
DEV_WIA20100060,51922,61,61,propose_direct_wheda_low_income_value,wheda_snapshot_read,2026-08-12,unique_name_year_total_match,internal_development_site_read,2026-08-12,matched_development_identity_previously_adjudicated_site_address_differs,https://www.wheda.com/developers-and-property-managers/tax-credits/multifamily-data-library/monitored-htc-projects,wheda_monitored_htc_projects.html,ba00414cf334e76c060d65ca8bcbda9ef6b2f50b260b3bdfca58af9bff2da25c,direct_value_proposed_not_applied,2026-08-12
DEV_WIA20100065,52028,80,80,propose_direct_wheda_low_income_value,wheda_snapshot_read,2026-08-12,unique_name_year_total_match,internal_development_site_read,2026-08-12,matched_development_identity_previously_adjudicated_site_address_differs,https://www.wheda.com/developers-and-property-managers/tax-credits/multifamily-data-library/monitored-htc-projects,wheda_monitored_htc_projects.html,ba00414cf334e76c060d65ca8bcbda9ef6b2f50b260b3bdfca58af9bff2da25c,direct_value_proposed_not_applied,2026-08-12
DEV_WIA20100070,51962,71,71,propose_direct_wheda_low_income_value,wheda_snapshot_read,2026-08-12,unique_name_year_total_match,internal_development_site_read,2026-08-12,matched_development_identity_previously_adjudicated_site_address_differs,https://www.wheda.com/developers-and-property-managers/tax-credits/multifamily-data-library/monitored-htc-projects,wheda_monitored_htc_projects.html,ba00414cf334e76c060d65ca8bcbda9ef6b2f50b260b3bdfca58af9bff2da25c,direct_value_proposed_not_applied,2026-08-12
DEV_WIA20100508,51984,84,84,propose_direct_wheda_low_income_value,wheda_snapshot_read,2026-08-12,unique_name_year_total_match,internal_development_site_read,2026-08-12,matched_development_identity_previously_adjudicated_site_address_differs,https://www.wheda.com/developers-and-property-managers/tax-credits/multifamily-data-library/monitored-htc-projects,wheda_monitored_htc_projects.html,ba00414cf334e76c060d65ca8bcbda9ef6b2f50b260b3bdfca58af9bff2da25c,direct_value_proposed_not_applied,2026-08-12
DEV_WIA20100510,50997,150,150,propose_direct_wheda_low_income_value,wheda_snapshot_read,2026-08-12,unique_name_year_total_match,internal_development_site_read,2026-08-12,matched_development_identity_previously_adjudicated_site_address_differs,https://www.wheda.com/developers-and-property-managers/tax-credits/multifamily-data-library/monitored-htc-projects,wheda_monitored_htc_projects.html,ba00414cf334e76c060d65ca8bcbda9ef6b2f50b260b3bdfca58af9bff2da25c,direct_value_proposed_not_applied,2026-08-12
DEV_WIA20100800,51875,72,59,propose_direct_wheda_low_income_value,wheda_snapshot_read,2026-08-12,unique_name_year_total_match,internal_development_site_read,2026-08-12,matched_development_has_exact_site_address,https://www.wheda.com/developers-and-property-managers/tax-credits/multifamily-data-library/monitored-htc-projects,wheda_monitored_htc_projects.html,ba00414cf334e76c060d65ca8bcbda9ef6b2f50b260b3bdfca58af9bff2da25c,direct_value_proposed_not_applied,2026-08-12
DEV_WIA20100924,51972,24,23,propose_direct_wheda_low_income_value,wheda_snapshot_read,2026-08-12,unique_name_year_total_match,internal_development_site_read,2026-08-12,matched_development_identity_previously_adjudicated_site_address_differs,https://www.wheda.com/developers-and-property-managers/tax-credits/multifamily-data-library/monitored-htc-projects,wheda_monitored_htc_projects.html,ba00414cf334e76c060d65ca8bcbda9ef6b2f50b260b3bdfca58af9bff2da25c,direct_value_proposed_not_applied,2026-08-12
DEV_WIA20100936,51885,121,120,propose_direct_wheda_low_income_value,wheda_snapshot_read,2026-08-12,unique_name_year_total_match,internal_development_site_read,2026-08-12,matched_development_identity_previously_adjudicated_site_address_differs,https://www.wheda.com/developers-and-property-managers/tax-credits/multifamily-data-library/monitored-htc-projects,wheda_monitored_htc_projects.html,ba00414cf334e76c060d65ca8bcbda9ef6b2f50b260b3bdfca58af9bff2da25c,direct_value_proposed_not_applied,2026-08-12
DEV_WIA20100941,51859,23,23,propose_direct_wheda_low_income_value,wheda_snapshot_read,2026-08-12,unique_name_year_total_match,internal_development_site_read,2026-08-12,matched_development_has_exact_site_address,https://www.wheda.com/developers-and-property-managers/tax-credits/multifamily-data-library/monitored-htc-projects,wheda_monitored_htc_projects.html,ba00414cf334e76c060d65ca8bcbda9ef6b2f50b260b3bdfca58af9bff2da25c,direct_value_proposed_not_applied,2026-08-12
DEV_WIA20100945,,,,retain_hud_pending_scope_or_match_review,wheda_snapshot_read,2026-08-12,wheda_snapshot_searched_no_safe_scope_match,internal_development_site_read,2026-08-12,internal_development_and_site_evidence_inspected_no_safe_scope_match,https://www.wheda.com/developers-and-property-managers/tax-credits/multifamily-data-library/monitored-htc-projects,wheda_monitored_htc_projects.html,ba00414cf334e76c060d65ca8bcbda9ef6b2f50b260b3bdfca58af9bff2da25c,no_unique_name_year_total_positive_low_income_match,2026-08-12
DEV_WIA20100946,,,,retain_hud_pending_scope_or_match_review,wheda_snapshot_read,2026-08-12,wheda_snapshot_searched_no_safe_scope_match,internal_development_site_read,2026-08-12,internal_development_and_site_evidence_inspected_no_safe_scope_match,https://www.wheda.com/developers-and-property-managers/tax-credits/multifamily-data-library/monitored-htc-projects,wheda_monitored_htc_projects.html,ba00414cf334e76c060d65ca8bcbda9ef6b2f50b260b3bdfca58af9bff2da25c,no_unique_name_year_total_positive_low_income_match,2026-08-12
DEV_WIA20100951,51926,62,55,propose_direct_wheda_low_income_value,wheda_snapshot_read,2026-08-12,unique_name_year_total_match,internal_development_site_read,2026-08-12,matched_development_identity_previously_adjudicated_site_address_differs,https://www.wheda.com/developers-and-property-managers/tax-credits/multifamily-data-library/monitored-htc-projects,wheda_monitored_htc_projects.html,ba00414cf334e76c060d65ca8bcbda9ef6b2f50b260b3bdfca58af9bff2da25c,direct_value_proposed_not_applied,2026-08-12
DEV_WIA20100960,51868,54,45,propose_direct_wheda_low_income_value,wheda_snapshot_read,2026-08-12,unique_name_year_total_match,internal_development_site_read,2026-08-12,matched_development_has_exact_site_address,https://www.wheda.com/developers-and-property-managers/tax-credits/multifamily-data-library/monitored-htc-projects,wheda_monitored_htc_projects.html,ba00414cf334e76c060d65ca8bcbda9ef6b2f50b260b3bdfca58af9bff2da25c,direct_value_proposed_not_applied,2026-08-12
DEV_WIA20100963,51964,105,105,propose_direct_wheda_low_income_value,wheda_snapshot_read,2026-08-12,unique_name_year_total_match,internal_development_site_read,2026-08-12,matched_development_identity_previously_adjudicated_site_address_differs,https://www.wheda.com/developers-and-property-managers/tax-credits/multifamily-data-library/monitored-htc-projects,wheda_monitored_htc_projects.html,ba00414cf334e76c060d65ca8bcbda9ef6b2f50b260b3bdfca58af9bff2da25c,direct_value_proposed_not_applied,2026-08-12
DEV_WIA20100973,50512,99,99,propose_direct_wheda_low_income_value,wheda_snapshot_read,2026-08-12,unique_name_year_total_match,internal_development_site_read,2026-08-12,matched_development_identity_previously_adjudicated_site_address_differs,https://www.wheda.com/developers-and-property-managers/tax-credits/multifamily-data-library/monitored-htc-projects,wheda_monitored_htc_projects.html,ba00414cf334e76c060d65ca8bcbda9ef6b2f50b260b3bdfca58af9bff2da25c,direct_value_proposed_not_applied,2026-08-12
DEV_WIA20105007,51953,66,66,propose_direct_wheda_low_income_value,wheda_snapshot_read,2026-08-12,unique_name_year_total_match,internal_development_site_read,2026-08-12,matched_development_identity_previously_adjudicated_site_address_differs,https://www.wheda.com/developers-and-property-managers/tax-credits/multifamily-data-library/monitored-htc-projects,wheda_monitored_htc_projects.html,ba00414cf334e76c060d65ca8bcbda9ef6b2f50b260b3bdfca58af9bff2da25c,direct_value_proposed_not_applied,2026-08-12
DEV_WIA20105027,51861,99,97,propose_direct_wheda_low_income_value,wheda_snapshot_read,2026-08-12,unique_name_year_total_match,internal_development_site_read,2026-08-12,matched_development_has_exact_site_address,https://www.wheda.com/developers-and-property-managers/tax-credits/multifamily-data-library/monitored-htc-projects,wheda_monitored_htc_projects.html,ba00414cf334e76c060d65ca8bcbda9ef6b2f50b260b3bdfca58af9bff2da25c,direct_value_proposed_not_applied,2026-08-12
DEV_WIA20110001,51863,50,50,propose_direct_wheda_low_income_value,wheda_snapshot_read,2026-08-12,unique_name_year_total_match,internal_development_site_read,2026-08-12,matched_development_has_exact_site_address,https://www.wheda.com/developers-and-property-managers/tax-credits/multifamily-data-library/monitored-htc-projects,wheda_monitored_htc_projects.html,ba00414cf334e76c060d65ca8bcbda9ef6b2f50b260b3bdfca58af9bff2da25c,direct_value_proposed_not_applied,2026-08-12
DEV_WIA20110003,51985,74,73,propose_direct_wheda_low_income_value,wheda_snapshot_read,2026-08-12,unique_name_year_total_match,internal_development_site_read,2026-08-12,matched_development_identity_previously_adjudicated_site_address_differs,https://www.wheda.com/developers-and-property-managers/tax-credits/multifamily-data-library/monitored-htc-projects,wheda_monitored_htc_projects.html,ba00414cf334e76c060d65ca8bcbda9ef6b2f50b260b3bdfca58af9bff2da25c,direct_value_proposed_not_applied,2026-08-12
DEV_WIA20110006,,,,retain_hud_pending_scope_or_match_review,wheda_snapshot_read,2026-08-12,wheda_snapshot_searched_no_safe_scope_match,internal_development_site_read,2026-08-12,internal_development_and_site_evidence_inspected_no_safe_scope_match,https://www.wheda.com/developers-and-property-managers/tax-credits/multifamily-data-library/monitored-htc-projects,wheda_monitored_htc_projects.html,ba00414cf334e76c060d65ca8bcbda9ef6b2f50b260b3bdfca58af9bff2da25c,no_unique_name_year_total_positive_low_income_match,2026-08-12
DEV_WIA20110007,51937,34,33,propose_direct_wheda_low_income_value,wheda_snapshot_read,2026-08-12,unique_name_year_total_match,internal_development_site_read,2026-08-12,matched_development_has_exact_site_address,https://www.wheda.com/developers-and-property-managers/tax-credits/multifamily-data-library/monitored-htc-projects,wheda_monitored_htc_projects.html,ba00414cf334e76c060d65ca8bcbda9ef6b2f50b260b3bdfca58af9bff2da25c,direct_value_proposed_not_applied,2026-08-12
DEV_WIA20110008,51978,80,80,propose_direct_wheda_low_income_value,wheda_snapshot_read,2026-08-12,unique_name_year_total_match,internal_development_site_read,2026-08-12,matched_development_has_exact_site_address,https://www.wheda.com/developers-and-property-managers/tax-credits/multifamily-data-library/monitored-htc-projects,wheda_monitored_htc_projects.html,ba00414cf334e76c060d65ca8bcbda9ef6b2f50b260b3bdfca58af9bff2da25c,direct_value_proposed_not_applied,2026-08-12
DEV_WIA20110012,51968,38,38,propose_direct_wheda_low_income_value,wheda_snapshot_read,2026-08-12,unique_name_year_total_match,internal_development_site_read,2026-08-12,matched_development_has_exact_site_address,https://www.wheda.com/developers-and-property-managers/tax-credits/multifamily-data-library/monitored-htc-projects,wheda_monitored_htc_projects.html,ba00414cf334e76c060d65ca8bcbda9ef6b2f50b260b3bdfca58af9bff2da25c,direct_value_proposed_not_applied,2026-08-12
DEV_WIA20110017,51983,69,69,propose_direct_wheda_low_income_value,wheda_snapshot_read,2026-08-12,unique_name_year_total_match,internal_development_site_read,2026-08-12,matched_development_has_exact_site_address,https://www.wheda.com/developers-and-property-managers/tax-credits/multifamily-data-library/monitored-htc-projects,wheda_monitored_htc_projects.html,ba00414cf334e76c060d65ca8bcbda9ef6b2f50b260b3bdfca58af9bff2da25c,direct_value_proposed_not_applied,2026-08-12
DEV_WIA20110020,51925,89,81,propose_direct_wheda_low_income_value,wheda_snapshot_read,2026-08-12,unique_name_year_total_match,internal_development_site_read,2026-08-12,matched_development_identity_previously_adjudicated_site_address_differs,https://www.wheda.com/developers-and-property-managers/tax-credits/multifamily-data-library/monitored-htc-projects,wheda_monitored_htc_projects.html,ba00414cf334e76c060d65ca8bcbda9ef6b2f50b260b3bdfca58af9bff2da25c,direct_value_proposed_not_applied,2026-08-12
DEV_WIA20110025,51935,41,40,propose_direct_wheda_low_income_value,wheda_snapshot_read,2026-08-12,unique_name_year_total_match,internal_development_site_read,2026-08-12,matched_development_identity_previously_adjudicated_site_address_differs,https://www.wheda.com/developers-and-property-managers/tax-credits/multifamily-data-library/monitored-htc-projects,wheda_monitored_htc_projects.html,ba00414cf334e76c060d65ca8bcbda9ef6b2f50b260b3bdfca58af9bff2da25c,direct_value_proposed_not_applied,2026-08-12
DEV_WIA20110032,51345,55,55,propose_direct_wheda_low_income_value,wheda_snapshot_read,2026-08-12,unique_name_year_total_match,internal_development_site_read,2026-08-12,matched_development_has_exact_site_address,https://www.wheda.com/developers-and-property-managers/tax-credits/multifamily-data-library/monitored-htc-projects,wheda_monitored_htc_projects.html,ba00414cf334e76c060d65ca8bcbda9ef6b2f50b260b3bdfca58af9bff2da25c,direct_value_proposed_not_applied,2026-08-12
DEV_WIA20110034,51993,60,52,propose_direct_wheda_low_income_value,wheda_snapshot_read,2026-08-12,unique_name_year_total_match,internal_development_site_read,2026-08-12,matched_development_identity_previously_adjudicated_site_address_differs,https://www.wheda.com/developers-and-property-managers/tax-credits/multifamily-data-library/monitored-htc-projects,wheda_monitored_htc_projects.html,ba00414cf334e76c060d65ca8bcbda9ef6b2f50b260b3bdfca58af9bff2da25c,direct_value_proposed_not_applied,2026-08-12
DEV_WIA20110035,,,,retain_hud_pending_scope_or_match_review,wheda_snapshot_read,2026-08-12,wheda_snapshot_searched_no_safe_scope_match,internal_development_site_read,2026-08-12,internal_development_and_site_evidence_inspected_no_safe_scope_match,https://www.wheda.com/developers-and-property-managers/tax-credits/multifamily-data-library/monitored-htc-projects,wheda_monitored_htc_projects.html,ba00414cf334e76c060d65ca8bcbda9ef6b2f50b260b3bdfca58af9bff2da25c,no_unique_name_year_total_positive_low_income_match,2026-08-12
DEV_WIA20110042,,,,retain_hud_pending_scope_or_match_review,wheda_snapshot_read,2026-08-12,wheda_snapshot_searched_no_safe_scope_match,internal_development_site_read,2026-08-12,internal_development_and_site_evidence_inspected_no_safe_scope_match,https://www.wheda.com/developers-and-property-managers/tax-credits/multifamily-data-library/monitored-htc-projects,wheda_monitored_htc_projects.html,ba00414cf334e76c060d65ca8bcbda9ef6b2f50b260b3bdfca58af9bff2da25c,no_unique_name_year_total_positive_low_income_match,2026-08-12
DEV_WIA20110043,,,,retain_hud_pending_scope_or_match_review,wheda_snapshot_read,2026-08-12,wheda_snapshot_searched_no_safe_scope_match,internal_development_site_read,2026-08-12,internal_development_and_site_evidence_inspected_no_safe_scope_match,https://www.wheda.com/developers-and-property-managers/tax-credits/multifamily-data-library/monitored-htc-projects,wheda_monitored_htc_projects.html,ba00414cf334e76c060d65ca8bcbda9ef6b2f50b260b3bdfca58af9bff2da25c,no_unique_name_year_total_positive_low_income_match,2026-08-12
DEV_WIA20110048,,,,retain_hud_pending_scope_or_match_review,wheda_snapshot_read,2026-08-12,wheda_snapshot_searched_no_safe_scope_match,internal_development_site_read,2026-08-12,internal_development_and_site_evidence_inspected_no_safe_scope_match,https://www.wheda.com/developers-and-property-managers/tax-credits/multifamily-data-library/monitored-htc-projects,wheda_monitored_htc_projects.html,ba00414cf334e76c060d65ca8bcbda9ef6b2f50b260b3bdfca58af9bff2da25c,no_unique_name_year_total_positive_low_income_match,2026-08-12
DEV_WIA20110060,52010,96,95,propose_direct_wheda_low_income_value,wheda_snapshot_read,2026-08-12,unique_name_year_total_match,internal_development_site_read,2026-08-12,matched_development_has_exact_site_address,https://www.wheda.com/developers-and-property-managers/tax-credits/multifamily-data-library/monitored-htc-projects,wheda_monitored_htc_projects.html,ba00414cf334e76c060d65ca8bcbda9ef6b2f50b260b3bdfca58af9bff2da25c,direct_value_proposed_not_applied,2026-08-12
DEV_WIA20110062,52030,46,10,propose_direct_wheda_low_income_value,wheda_snapshot_read,2026-08-12,unique_name_year_total_match,internal_development_site_read,2026-08-12,matched_development_has_exact_site_address,https://www.wheda.com/developers-and-property-managers/tax-credits/multifamily-data-library/monitored-htc-projects,wheda_monitored_htc_projects.html,ba00414cf334e76c060d65ca8bcbda9ef6b2f50b260b3bdfca58af9bff2da25c,direct_value_proposed_not_applied,2026-08-12
DEV_WIA20110063,51981,72,72,propose_direct_wheda_low_income_value,wheda_snapshot_read,2026-08-12,unique_name_year_total_match,internal_development_site_read,2026-08-12,matched_development_identity_previously_adjudicated_site_address_differs,https://www.wheda.com/developers-and-property-managers/tax-credits/multifamily-data-library/monitored-htc-projects,wheda_monitored_htc_projects.html,ba00414cf334e76c060d65ca8bcbda9ef6b2f50b260b3bdfca58af9bff2da25c,direct_value_proposed_not_applied,2026-08-12
DEV_WIA20110065,,,,retain_hud_pending_scope_or_match_review,wheda_snapshot_read,2026-08-12,wheda_snapshot_searched_no_safe_scope_match,internal_development_site_read,2026-08-12,internal_development_and_site_evidence_inspected_no_safe_scope_match,https://www.wheda.com/developers-and-property-managers/tax-credits/multifamily-data-library/monitored-htc-projects,wheda_monitored_htc_projects.html,ba00414cf334e76c060d65ca8bcbda9ef6b2f50b260b3bdfca58af9bff2da25c,no_unique_name_year_total_positive_low_income_match,2026-08-12
DEV_WIA20110068,51976,68,68,propose_direct_wheda_low_income_value,wheda_snapshot_read,2026-08-12,unique_name_year_total_match,internal_development_site_read,2026-08-12,matched_development_identity_previously_adjudicated_site_address_differs,https://www.wheda.com/developers-and-property-managers/tax-credits/multifamily-data-library/monitored-htc-projects,wheda_monitored_htc_projects.html,ba00414cf334e76c060d65ca8bcbda9ef6b2f50b260b3bdfca58af9bff2da25c,direct_value_proposed_not_applied,2026-08-12
DEV_WIA20110085,51947,47,47,propose_direct_wheda_low_income_value,wheda_snapshot_read,2026-08-12,unique_name_year_total_match,internal_development_site_read,2026-08-12,matched_development_has_exact_site_address,https://www.wheda.com/developers-and-property-managers/tax-credits/multifamily-data-library/monitored-htc-projects,wheda_monitored_htc_projects.html,ba00414cf334e76c060d65ca8bcbda9ef6b2f50b260b3bdfca58af9bff2da25c,direct_value_proposed_not_applied,2026-08-12
DEV_WIA20110087,52129,76,76,propose_direct_wheda_low_income_value,wheda_snapshot_read,2026-08-12,unique_name_year_total_match,internal_development_site_read,2026-08-12,matched_development_identity_previously_adjudicated_site_address_differs,https://www.wheda.com/developers-and-property-managers/tax-credits/multifamily-data-library/monitored-htc-projects,wheda_monitored_htc_projects.html,ba00414cf334e76c060d65ca8bcbda9ef6b2f50b260b3bdfca58af9bff2da25c,direct_value_proposed_not_applied,2026-08-12
DEV_WIA20110519,51934,51,51,propose_direct_wheda_low_income_value,wheda_snapshot_read,2026-08-12,unique_name_year_total_match,internal_development_site_read,2026-08-12,matched_development_has_exact_site_address,https://www.wheda.com/developers-and-property-managers/tax-credits/multifamily-data-library/monitored-htc-projects,wheda_monitored_htc_projects.html,ba00414cf334e76c060d65ca8bcbda9ef6b2f50b260b3bdfca58af9bff2da25c,direct_value_proposed_not_applied,2026-08-12
DEV_WIA20110527,51995,44,44,propose_direct_wheda_low_income_value,wheda_snapshot_read,2026-08-12,unique_name_year_total_match,internal_development_site_read,2026-08-12,matched_development_identity_previously_adjudicated_site_address_differs,https://www.wheda.com/developers-and-property-managers/tax-credits/multifamily-data-library/monitored-htc-projects,wheda_monitored_htc_projects.html,ba00414cf334e76c060d65ca8bcbda9ef6b2f50b260b3bdfca58af9bff2da25c,direct_value_proposed_not_applied,2026-08-12
DEV_WIA20110800,52066,201,201,propose_direct_wheda_low_income_value,wheda_snapshot_read,2026-08-12,unique_name_year_total_match,internal_development_site_read,2026-08-12,matched_development_identity_previously_adjudicated_site_address_differs,https://www.wheda.com/developers-and-property-managers/tax-credits/multifamily-data-library/monitored-htc-projects,wheda_monitored_htc_projects.html,ba00414cf334e76c060d65ca8bcbda9ef6b2f50b260b3bdfca58af9bff2da25c,direct_value_proposed_not_applied,2026-08-12
DEV_WIA20110801,52056,104,100,propose_direct_wheda_low_income_value,wheda_snapshot_read,2026-08-12,unique_name_year_total_match,internal_development_site_read,2026-08-12,matched_development_identity_previously_adjudicated_site_address_differs,https://www.wheda.com/developers-and-property-managers/tax-credits/multifamily-data-library/monitored-htc-projects,wheda_monitored_htc_projects.html,ba00414cf334e76c060d65ca8bcbda9ef6b2f50b260b3bdfca58af9bff2da25c,direct_value_proposed_not_applied,2026-08-12
DEV_WIA20110802,52047,84,84,propose_direct_wheda_low_income_value,wheda_snapshot_read,2026-08-12,unique_name_year_total_match,internal_development_site_read,2026-08-12,matched_development_identity_previously_adjudicated_site_address_differs,https://www.wheda.com/developers-and-property-managers/tax-credits/multifamily-data-library/monitored-htc-projects,wheda_monitored_htc_projects.html,ba00414cf334e76c060d65ca8bcbda9ef6b2f50b260b3bdfca58af9bff2da25c,direct_value_proposed_not_applied,2026-08-12
DEV_WIA20110803,52017,68,68,propose_direct_wheda_low_income_value,wheda_snapshot_read,2026-08-12,unique_name_year_total_match,internal_development_site_read,2026-08-12,matched_development_has_exact_site_address,https://www.wheda.com/developers-and-property-managers/tax-credits/multifamily-data-library/monitored-htc-projects,wheda_monitored_htc_projects.html,ba00414cf334e76c060d65ca8bcbda9ef6b2f50b260b3bdfca58af9bff2da25c,direct_value_proposed_not_applied,2026-08-12
DEV_WIA20110804,51973,73,72,propose_direct_wheda_low_income_value,wheda_snapshot_read,2026-08-12,unique_name_year_total_match,internal_development_site_read,2026-08-12,matched_development_has_exact_site_address,https://www.wheda.com/developers-and-property-managers/tax-credits/multifamily-data-library/monitored-htc-projects,wheda_monitored_htc_projects.html,ba00414cf334e76c060d65ca8bcbda9ef6b2f50b260b3bdfca58af9bff2da25c,direct_value_proposed_not_applied,2026-08-12
DEV_WIA20120001,51729,84,83,propose_direct_wheda_low_income_value,wheda_snapshot_read,2026-08-12,unique_name_year_total_match,internal_development_site_read,2026-08-12,matched_development_identity_previously_adjudicated_site_address_differs,https://www.wheda.com/developers-and-property-managers/tax-credits/multifamily-data-library/monitored-htc-projects,wheda_monitored_htc_projects.html,ba00414cf334e76c060d65ca8bcbda9ef6b2f50b260b3bdfca58af9bff2da25c,direct_value_proposed_not_applied,2026-08-12
DEV_WIA20120002,,,,retain_hud_pending_scope_or_match_review,wheda_snapshot_read,2026-08-12,wheda_snapshot_searched_no_safe_scope_match,internal_development_site_read,2026-08-12,internal_development_and_site_evidence_inspected_no_safe_scope_match,https://www.wheda.com/developers-and-property-managers/tax-credits/multifamily-data-library/monitored-htc-projects,wheda_monitored_htc_projects.html,ba00414cf334e76c060d65ca8bcbda9ef6b2f50b260b3bdfca58af9bff2da25c,no_unique_name_year_total_positive_low_income_match,2026-08-12
DEV_WIA20120003,51496,24,23,propose_direct_wheda_low_income_value,wheda_snapshot_read,2026-08-12,unique_name_year_total_match,internal_development_site_read,2026-08-12,matched_development_identity_previously_adjudicated_site_address_differs,https://www.wheda.com/developers-and-property-managers/tax-credits/multifamily-data-library/monitored-htc-projects,wheda_monitored_htc_projects.html,ba00414cf334e76c060d65ca8bcbda9ef6b2f50b260b3bdfca58af9bff2da25c,direct_value_proposed_not_applied,2026-08-12
DEV_WIA20120006,52115,139,134,propose_direct_wheda_low_income_value,wheda_snapshot_read,2026-08-12,unique_name_year_total_match,internal_development_site_read,2026-08-12,matched_development_identity_previously_adjudicated_site_address_differs,https://www.wheda.com/developers-and-property-managers/tax-credits/multifamily-data-library/monitored-htc-projects,wheda_monitored_htc_projects.html,ba00414cf334e76c060d65ca8bcbda9ef6b2f50b260b3bdfca58af9bff2da25c,direct_value_proposed_not_applied,2026-08-12
DEV_WIA20120010,51994,55,55,propose_direct_wheda_low_income_value,wheda_snapshot_read,2026-08-12,unique_name_year_total_match,internal_development_site_read,2026-08-12,matched_development_identity_previously_adjudicated_site_address_differs,https://www.wheda.com/developers-and-property-managers/tax-credits/multifamily-data-library/monitored-htc-projects,wheda_monitored_htc_projects.html,ba00414cf334e76c060d65ca8bcbda9ef6b2f50b260b3bdfca58af9bff2da25c,direct_value_proposed_not_applied,2026-08-12
DEV_WIA20120015,52022,140,119,propose_direct_wheda_low_income_value,wheda_snapshot_read,2026-08-12,unique_name_year_total_match,internal_development_site_read,2026-08-12,matched_development_identity_previously_adjudicated_site_address_differs,https://www.wheda.com/developers-and-property-managers/tax-credits/multifamily-data-library/monitored-htc-projects,wheda_monitored_htc_projects.html,ba00414cf334e76c060d65ca8bcbda9ef6b2f50b260b3bdfca58af9bff2da25c,direct_value_proposed_not_applied,2026-08-12
DEV_WIA20120020,52021,90,76,propose_direct_wheda_low_income_value,wheda_snapshot_read,2026-08-12,unique_name_year_total_match,internal_development_site_read,2026-08-12,matched_development_has_exact_site_address,https://www.wheda.com/developers-and-property-managers/tax-credits/multifamily-data-library/monitored-htc-projects,wheda_monitored_htc_projects.html,ba00414cf334e76c060d65ca8bcbda9ef6b2f50b260b3bdfca58af9bff2da25c,direct_value_proposed_not_applied,2026-08-12
DEV_WIA20120025,52822,39,10,propose_direct_wheda_low_income_value,wheda_snapshot_read,2026-08-12,unique_name_year_total_match,internal_development_site_read,2026-08-12,matched_development_has_exact_site_address,https://www.wheda.com/developers-and-property-managers/tax-credits/multifamily-data-library/monitored-htc-projects,wheda_monitored_htc_projects.html,ba00414cf334e76c060d65ca8bcbda9ef6b2f50b260b3bdfca58af9bff2da25c,direct_value_proposed_not_applied,2026-08-12
DEV_WIA20120035,52005,80,79,propose_direct_wheda_low_income_value,wheda_snapshot_read,2026-08-12,unique_name_year_total_match,internal_development_site_read,2026-08-12,matched_development_identity_previously_adjudicated_site_address_differs,https://www.wheda.com/developers-and-property-managers/tax-credits/multifamily-data-library/monitored-htc-projects,wheda_monitored_htc_projects.html,ba00414cf334e76c060d65ca8bcbda9ef6b2f50b260b3bdfca58af9bff2da25c,direct_value_proposed_not_applied,2026-08-12
DEV_WIA20120040,52004,47,47,propose_direct_wheda_low_income_value,wheda_snapshot_read,2026-08-12,unique_name_year_total_match,internal_development_site_read,2026-08-12,matched_development_has_exact_site_address,https://www.wheda.com/developers-and-property-managers/tax-credits/multifamily-data-library/monitored-htc-projects,wheda_monitored_htc_projects.html,ba00414cf334e76c060d65ca8bcbda9ef6b2f50b260b3bdfca58af9bff2da25c,direct_value_proposed_not_applied,2026-08-12
DEV_WIA20120065,,,,retain_hud_pending_scope_or_match_review,wheda_snapshot_read,2026-08-12,wheda_snapshot_searched_no_safe_scope_match,internal_development_site_read,2026-08-12,internal_development_and_site_evidence_inspected_no_safe_scope_match,https://www.wheda.com/developers-and-property-managers/tax-credits/multifamily-data-library/monitored-htc-projects,wheda_monitored_htc_projects.html,ba00414cf334e76c060d65ca8bcbda9ef6b2f50b260b3bdfca58af9bff2da25c,no_unique_name_year_total_positive_low_income_match,2026-08-12
DEV_WIA20120075,52032,50,50,propose_direct_wheda_low_income_value,wheda_snapshot_read,2026-08-12,unique_name_year_total_match,internal_development_site_read,2026-08-12,matched_development_identity_previously_adjudicated_site_address_differs,https://www.wheda.com/developers-and-property-managers/tax-credits/multifamily-data-library/monitored-htc-projects,wheda_monitored_htc_projects.html,ba00414cf334e76c060d65ca8bcbda9ef6b2f50b260b3bdfca58af9bff2da25c,direct_value_proposed_not_applied,2026-08-12
DEV_WIA20120095,52009,48,43,propose_direct_wheda_low_income_value,wheda_snapshot_read,2026-08-12,unique_name_year_total_match,internal_development_site_read,2026-08-12,matched_development_has_exact_site_address,https://www.wheda.com/developers-and-property-managers/tax-credits/multifamily-data-library/monitored-htc-projects,wheda_monitored_htc_projects.html,ba00414cf334e76c060d65ca8bcbda9ef6b2f50b260b3bdfca58af9bff2da25c,direct_value_proposed_not_applied,2026-08-12
DEV_WIA20120105,52019,70,70,propose_direct_wheda_low_income_value,wheda_snapshot_read,2026-08-12,unique_name_year_total_match,internal_development_site_read,2026-08-12,matched_development_has_exact_site_address,https://www.wheda.com/developers-and-property-managers/tax-credits/multifamily-data-library/monitored-htc-projects,wheda_monitored_htc_projects.html,ba00414cf334e76c060d65ca8bcbda9ef6b2f50b260b3bdfca58af9bff2da25c,direct_value_proposed_not_applied,2026-08-12
DEV_WIA20120115,52057,68,64,propose_direct_wheda_low_income_value,wheda_snapshot_read,2026-08-12,unique_name_year_total_match,internal_development_site_read,2026-08-12,matched_development_identity_previously_adjudicated_site_address_differs,https://www.wheda.com/developers-and-property-managers/tax-credits/multifamily-data-library/monitored-htc-projects,wheda_monitored_htc_projects.html,ba00414cf334e76c060d65ca8bcbda9ef6b2f50b260b3bdfca58af9bff2da25c,direct_value_proposed_not_applied,2026-08-12
DEV_WIA20120800,52320,232,148,propose_direct_wheda_low_income_value,wheda_snapshot_read,2026-08-12,unique_name_year_total_match,internal_development_site_read,2026-08-12,matched_development_identity_previously_adjudicated_site_address_differs,https://www.wheda.com/developers-and-property-managers/tax-credits/multifamily-data-library/monitored-htc-projects,wheda_monitored_htc_projects.html,ba00414cf334e76c060d65ca8bcbda9ef6b2f50b260b3bdfca58af9bff2da25c,direct_value_proposed_not_applied,2026-08-12
DEV_WIA20120801,52059,42,38,propose_direct_wheda_low_income_value,wheda_snapshot_read,2026-08-12,unique_name_year_total_match,internal_development_site_read,2026-08-12,matched_development_identity_previously_adjudicated_site_address_differs,https://www.wheda.com/developers-and-property-managers/tax-credits/multifamily-data-library/monitored-htc-projects,wheda_monitored_htc_projects.html,ba00414cf334e76c060d65ca8bcbda9ef6b2f50b260b3bdfca58af9bff2da25c,direct_value_proposed_not_applied,2026-08-12
DEV_WIA20120804,,,,retain_hud_pending_scope_or_match_review,wheda_snapshot_read,2026-08-12,wheda_snapshot_searched_no_safe_scope_match,internal_development_site_read,2026-08-12,internal_development_and_site_evidence_inspected_no_safe_scope_match,https://www.wheda.com/developers-and-property-managers/tax-credits/multifamily-data-library/monitored-htc-projects,wheda_monitored_htc_projects.html,ba00414cf334e76c060d65ca8bcbda9ef6b2f50b260b3bdfca58af9bff2da25c,no_unique_name_year_total_positive_low_income_match,2026-08-12
DEV_WIA20120805,52042,48,46,propose_direct_wheda_low_income_value,wheda_snapshot_read,2026-08-12,unique_name_year_total_match,internal_development_site_read,2026-08-12,matched_development_identity_previously_adjudicated_site_address_differs,https://www.wheda.com/developers-and-property-managers/tax-credits/multifamily-data-library/monitored-htc-projects,wheda_monitored_htc_projects.html,ba00414cf334e76c060d65ca8bcbda9ef6b2f50b260b3bdfca58af9bff2da25c,direct_value_proposed_not_applied,2026-08-12
DEV_WIA20120807,52038,41,41,propose_direct_wheda_low_income_value,wheda_snapshot_read,2026-08-12,unique_name_year_total_match,internal_development_site_read,2026-08-12,matched_development_identity_previously_adjudicated_site_address_differs,https://www.wheda.com/developers-and-property-managers/tax-credits/multifamily-data-library/monitored-htc-projects,wheda_monitored_htc_projects.html,ba00414cf334e76c060d65ca8bcbda9ef6b2f50b260b3bdfca58af9bff2da25c,direct_value_proposed_not_applied,2026-08-12
DEV_WIA20120810,52008,24,23,propose_direct_wheda_low_income_value,wheda_snapshot_read,2026-08-12,unique_name_year_total_match,internal_development_site_read,2026-08-12,matched_development_has_exact_site_address,https://www.wheda.com/developers-and-property-managers/tax-credits/multifamily-data-library/monitored-htc-projects,wheda_monitored_htc_projects.html,ba00414cf334e76c060d65ca8bcbda9ef6b2f50b260b3bdfca58af9bff2da25c,direct_value_proposed_not_applied,2026-08-12
DEV_WIA20123005,52063,60,60,propose_direct_wheda_low_income_value,wheda_snapshot_read,2026-08-12,unique_name_year_total_match,internal_development_site_read,2026-08-12,matched_development_identity_previously_adjudicated_site_address_differs,https://www.wheda.com/developers-and-property-managers/tax-credits/multifamily-data-library/monitored-htc-projects,wheda_monitored_htc_projects.html,ba00414cf334e76c060d65ca8bcbda9ef6b2f50b260b3bdfca58af9bff2da25c,direct_value_proposed_not_applied,2026-08-12
DEV_WIA20123012,52045,72,72,propose_direct_wheda_low_income_value,wheda_snapshot_read,2026-08-12,unique_name_year_total_match,internal_development_site_read,2026-08-12,matched_development_identity_previously_adjudicated_site_address_differs,https://www.wheda.com/developers-and-property-managers/tax-credits/multifamily-data-library/monitored-htc-projects,wheda_monitored_htc_projects.html,ba00414cf334e76c060d65ca8bcbda9ef6b2f50b260b3bdfca58af9bff2da25c,direct_value_proposed_not_applied,2026-08-12
DEV_WIA20123039,52050,51,51,propose_direct_wheda_low_income_value,wheda_snapshot_read,2026-08-12,unique_name_year_total_match,internal_development_site_read,2026-08-12,matched_development_identity_previously_adjudicated_site_address_differs,https://www.wheda.com/developers-and-property-managers/tax-credits/multifamily-data-library/monitored-htc-projects,wheda_monitored_htc_projects.html,ba00414cf334e76c060d65ca8bcbda9ef6b2f50b260b3bdfca58af9bff2da25c,direct_value_proposed_not_applied,2026-08-12
DEV_WIA20130003,52041,32,32,propose_direct_wheda_low_income_value,wheda_snapshot_read,2026-08-12,unique_name_year_total_match,internal_development_site_read,2026-08-12,matched_development_has_exact_site_address,https://www.wheda.com/developers-and-property-managers/tax-credits/multifamily-data-library/monitored-htc-projects,wheda_monitored_htc_projects.html,ba00414cf334e76c060d65ca8bcbda9ef6b2f50b260b3bdfca58af9bff2da25c,direct_value_proposed_not_applied,2026-08-12
DEV_WIA20130010,52226,60,60,propose_direct_wheda_low_income_value,wheda_snapshot_read,2026-08-12,unique_name_year_total_match,internal_development_site_read,2026-08-12,matched_development_identity_previously_adjudicated_site_address_differs,https://www.wheda.com/developers-and-property-managers/tax-credits/multifamily-data-library/monitored-htc-projects,wheda_monitored_htc_projects.html,ba00414cf334e76c060d65ca8bcbda9ef6b2f50b260b3bdfca58af9bff2da25c,direct_value_proposed_not_applied,2026-08-12
DEV_WIA20130013,,,,retain_hud_pending_scope_or_match_review,wheda_snapshot_read,2026-08-12,wheda_snapshot_searched_no_safe_scope_match,internal_development_site_read,2026-08-12,internal_development_and_site_evidence_inspected_no_safe_scope_match,https://www.wheda.com/developers-and-property-managers/tax-credits/multifamily-data-library/monitored-htc-projects,wheda_monitored_htc_projects.html,ba00414cf334e76c060d65ca8bcbda9ef6b2f50b260b3bdfca58af9bff2da25c,no_unique_name_year_total_positive_low_income_match,2026-08-12
DEV_WIA20130015,52727,30,30,propose_direct_wheda_low_income_value,wheda_snapshot_read,2026-08-12,unique_name_year_total_match,internal_development_site_read,2026-08-12,matched_development_identity_previously_adjudicated_site_address_differs,https://www.wheda.com/developers-and-property-managers/tax-credits/multifamily-data-library/monitored-htc-projects,wheda_monitored_htc_projects.html,ba00414cf334e76c060d65ca8bcbda9ef6b2f50b260b3bdfca58af9bff2da25c,direct_value_proposed_not_applied,2026-08-12
DEV_WIA20130016,52812,40,40,propose_direct_wheda_low_income_value,wheda_snapshot_read,2026-08-12,unique_name_year_total_match,internal_development_site_read,2026-08-12,matched_development_identity_previously_adjudicated_site_address_differs,https://www.wheda.com/developers-and-property-managers/tax-credits/multifamily-data-library/monitored-htc-projects,wheda_monitored_htc_projects.html,ba00414cf334e76c060d65ca8bcbda9ef6b2f50b260b3bdfca58af9bff2da25c,direct_value_proposed_not_applied,2026-08-12
DEV_WIA20130019,52706,46,41,propose_direct_wheda_low_income_value,wheda_snapshot_read,2026-08-12,unique_name_year_total_match,internal_development_site_read,2026-08-12,matched_development_has_exact_site_address,https://www.wheda.com/developers-and-property-managers/tax-credits/multifamily-data-library/monitored-htc-projects,wheda_monitored_htc_projects.html,ba00414cf334e76c060d65ca8bcbda9ef6b2f50b260b3bdfca58af9bff2da25c,direct_value_proposed_not_applied,2026-08-12
DEV_WIA20130020,52061,149,148,propose_direct_wheda_low_income_value,wheda_snapshot_read,2026-08-12,unique_name_year_total_match,internal_development_site_read,2026-08-12,matched_development_identity_previously_adjudicated_site_address_differs,https://www.wheda.com/developers-and-property-managers/tax-credits/multifamily-data-library/monitored-htc-projects,wheda_monitored_htc_projects.html,ba00414cf334e76c060d65ca8bcbda9ef6b2f50b260b3bdfca58af9bff2da25c,direct_value_proposed_not_applied,2026-08-12
DEV_WIA20130021,51921,53,53,propose_direct_wheda_low_income_value,wheda_snapshot_read,2026-08-12,unique_name_year_total_match,internal_development_site_read,2026-08-12,matched_development_identity_previously_adjudicated_site_address_differs,https://www.wheda.com/developers-and-property-managers/tax-credits/multifamily-data-library/monitored-htc-projects,wheda_monitored_htc_projects.html,ba00414cf334e76c060d65ca8bcbda9ef6b2f50b260b3bdfca58af9bff2da25c,direct_value_proposed_not_applied,2026-08-12
DEV_WIA20132003,50634,72,72,propose_direct_wheda_low_income_value,wheda_snapshot_read,2026-08-12,unique_name_year_total_match,internal_development_site_read,2026-08-12,matched_development_identity_previously_adjudicated_site_address_differs,https://www.wheda.com/developers-and-property-managers/tax-credits/multifamily-data-library/monitored-htc-projects,wheda_monitored_htc_projects.html,ba00414cf334e76c060d65ca8bcbda9ef6b2f50b260b3bdfca58af9bff2da25c,direct_value_proposed_not_applied,2026-08-12
DEV_WIA20132005,50166,80,77,propose_direct_wheda_low_income_value,wheda_snapshot_read,2026-08-12,unique_name_year_total_match,internal_development_site_read,2026-08-12,matched_development_identity_previously_adjudicated_site_address_differs,https://www.wheda.com/developers-and-property-managers/tax-credits/multifamily-data-library/monitored-htc-projects,wheda_monitored_htc_projects.html,ba00414cf334e76c060d65ca8bcbda9ef6b2f50b260b3bdfca58af9bff2da25c,direct_value_proposed_not_applied,2026-08-12
DEV_WIA20132010,52803,24,24,propose_direct_wheda_low_income_value,wheda_snapshot_read,2026-08-12,unique_name_year_total_match,internal_development_site_read,2026-08-12,matched_development_identity_previously_adjudicated_site_address_differs,https://www.wheda.com/developers-and-property-managers/tax-credits/multifamily-data-library/monitored-htc-projects,wheda_monitored_htc_projects.html,ba00414cf334e76c060d65ca8bcbda9ef6b2f50b260b3bdfca58af9bff2da25c,direct_value_proposed_not_applied,2026-08-12
DEV_WIA20140005,52780,36,30,propose_direct_wheda_low_income_value,wheda_snapshot_read,2026-08-12,unique_name_year_total_match,internal_development_site_read,2026-08-12,matched_development_identity_previously_adjudicated_site_address_differs,https://www.wheda.com/developers-and-property-managers/tax-credits/multifamily-data-library/monitored-htc-projects,wheda_monitored_htc_projects.html,ba00414cf334e76c060d65ca8bcbda9ef6b2f50b260b3bdfca58af9bff2da25c,direct_value_proposed_not_applied,2026-08-12
DEV_WIA20140020,52816,60,56,propose_direct_wheda_low_income_value,wheda_snapshot_read,2026-08-12,unique_name_year_total_match,internal_development_site_read,2026-08-12,matched_development_identity_previously_adjudicated_site_address_differs,https://www.wheda.com/developers-and-property-managers/tax-credits/multifamily-data-library/monitored-htc-projects,wheda_monitored_htc_projects.html,ba00414cf334e76c060d65ca8bcbda9ef6b2f50b260b3bdfca58af9bff2da25c,direct_value_proposed_not_applied,2026-08-12
DEV_WIA20141006,52718,24,24,propose_direct_wheda_low_income_value,wheda_snapshot_read,2026-08-12,unique_name_year_total_match,internal_development_site_read,2026-08-12,matched_development_identity_previously_adjudicated_site_address_differs,https://www.wheda.com/developers-and-property-managers/tax-credits/multifamily-data-library/monitored-htc-projects,wheda_monitored_htc_projects.html,ba00414cf334e76c060d65ca8bcbda9ef6b2f50b260b3bdfca58af9bff2da25c,direct_value_proposed_not_applied,2026-08-12
DEV_WIA20141010,52708,72,61,propose_direct_wheda_low_income_value,wheda_snapshot_read,2026-08-12,unique_name_year_total_match,internal_development_site_read,2026-08-12,matched_development_identity_previously_adjudicated_site_address_differs,https://www.wheda.com/developers-and-property-managers/tax-credits/multifamily-data-library/monitored-htc-projects,wheda_monitored_htc_projects.html,ba00414cf334e76c060d65ca8bcbda9ef6b2f50b260b3bdfca58af9bff2da25c,direct_value_proposed_not_applied,2026-08-12
DEV_WIA20141011,52791,84,84,propose_direct_wheda_low_income_value,wheda_snapshot_read,2026-08-12,unique_name_year_total_match,internal_development_site_read,2026-08-12,matched_development_identity_previously_adjudicated_site_address_differs,https://www.wheda.com/developers-and-property-managers/tax-credits/multifamily-data-library/monitored-htc-projects,wheda_monitored_htc_projects.html,ba00414cf334e76c060d65ca8bcbda9ef6b2f50b260b3bdfca58af9bff2da25c,direct_value_proposed_not_applied,2026-08-12
DEV_WIA20141012,52866,127,127,propose_direct_wheda_low_income_value,wheda_snapshot_read,2026-08-12,unique_name_year_total_match,internal_development_site_read,2026-08-12,matched_development_identity_previously_adjudicated_site_address_differs,https://www.wheda.com/developers-and-property-managers/tax-credits/multifamily-data-library/monitored-htc-projects,wheda_monitored_htc_projects.html,ba00414cf334e76c060d65ca8bcbda9ef6b2f50b260b3bdfca58af9bff2da25c,direct_value_proposed_not_applied,2026-08-12
DEV_WIA20141014,,,,retain_hud_pending_scope_or_match_review,wheda_snapshot_read,2026-08-12,wheda_snapshot_searched_no_safe_scope_match,internal_development_site_read,2026-08-12,internal_development_and_site_evidence_inspected_no_safe_scope_match,https://www.wheda.com/developers-and-property-managers/tax-credits/multifamily-data-library/monitored-htc-projects,wheda_monitored_htc_projects.html,ba00414cf334e76c060d65ca8bcbda9ef6b2f50b260b3bdfca58af9bff2da25c,no_unique_name_year_total_positive_low_income_match,2026-08-12
DEV_WIA20141015,,,,retain_hud_pending_scope_or_match_review,wheda_snapshot_read,2026-08-12,wheda_snapshot_searched_no_safe_scope_match,internal_development_site_read,2026-08-12,internal_development_and_site_evidence_inspected_no_safe_scope_match,https://www.wheda.com/developers-and-property-managers/tax-credits/multifamily-data-library/monitored-htc-projects,wheda_monitored_htc_projects.html,ba00414cf334e76c060d65ca8bcbda9ef6b2f50b260b3bdfca58af9bff2da25c,no_unique_name_year_total_positive_low_income_match,2026-08-12
DEV_WIA20141019,51721,40,40,propose_direct_wheda_low_income_value,wheda_snapshot_read,2026-08-12,unique_name_year_total_match,internal_development_site_read,2026-08-12,matched_development_identity_previously_adjudicated_site_address_differs,https://www.wheda.com/developers-and-property-managers/tax-credits/multifamily-data-library/monitored-htc-projects,wheda_monitored_htc_projects.html,ba00414cf334e76c060d65ca8bcbda9ef6b2f50b260b3bdfca58af9bff2da25c,direct_value_proposed_not_applied,2026-08-12
DEV_WIA20141020,52830,439,431,propose_direct_wheda_low_income_value,wheda_snapshot_read,2026-08-12,unique_name_year_total_match,internal_development_site_read,2026-08-12,matched_development_identity_previously_adjudicated_site_address_differs,https://www.wheda.com/developers-and-property-managers/tax-credits/multifamily-data-library/monitored-htc-projects,wheda_monitored_htc_projects.html,ba00414cf334e76c060d65ca8bcbda9ef6b2f50b260b3bdfca58af9bff2da25c,direct_value_proposed_not_applied,2026-08-12
DEV_WIA20150001,52795,49,41,propose_direct_wheda_low_income_value,wheda_snapshot_read,2026-08-12,unique_name_year_total_match,internal_development_site_read,2026-08-12,matched_development_has_exact_site_address,https://www.wheda.com/developers-and-property-managers/tax-credits/multifamily-data-library/monitored-htc-projects,wheda_monitored_htc_projects.html,ba00414cf334e76c060d65ca8bcbda9ef6b2f50b260b3bdfca58af9bff2da25c,direct_value_proposed_not_applied,2026-08-12
DEV_WIA20150005,51422,54,54,propose_direct_wheda_low_income_value,wheda_snapshot_read,2026-08-12,unique_name_year_total_match,internal_development_site_read,2026-08-12,matched_development_identity_previously_adjudicated_site_address_differs,https://www.wheda.com/developers-and-property-managers/tax-credits/multifamily-data-library/monitored-htc-projects,wheda_monitored_htc_projects.html,ba00414cf334e76c060d65ca8bcbda9ef6b2f50b260b3bdfca58af9bff2da25c,direct_value_proposed_not_applied,2026-08-12
DEV_WIA20150008,52766,40,40,propose_direct_wheda_low_income_value,wheda_snapshot_read,2026-08-12,unique_name_year_total_match,internal_development_site_read,2026-08-12,matched_development_identity_previously_adjudicated_site_address_differs,https://www.wheda.com/developers-and-property-managers/tax-credits/multifamily-data-library/monitored-htc-projects,wheda_monitored_htc_projects.html,ba00414cf334e76c060d65ca8bcbda9ef6b2f50b260b3bdfca58af9bff2da25c,direct_value_proposed_not_applied,2026-08-12
DEV_WIA20150011,52843,50,50,propose_direct_wheda_low_income_value,wheda_snapshot_read,2026-08-12,unique_name_year_total_match,internal_development_site_read,2026-08-12,matched_development_identity_previously_adjudicated_site_address_differs,https://www.wheda.com/developers-and-property-managers/tax-credits/multifamily-data-library/monitored-htc-projects,wheda_monitored_htc_projects.html,ba00414cf334e76c060d65ca8bcbda9ef6b2f50b260b3bdfca58af9bff2da25c,direct_value_proposed_not_applied,2026-08-12
DEV_WIA20151006,51707,40,40,propose_direct_wheda_low_income_value,wheda_snapshot_read,2026-08-12,unique_name_year_total_match,internal_development_site_read,2026-08-12,matched_development_identity_previously_adjudicated_site_address_differs,https://www.wheda.com/developers-and-property-managers/tax-credits/multifamily-data-library/monitored-htc-projects,wheda_monitored_htc_projects.html,ba00414cf334e76c060d65ca8bcbda9ef6b2f50b260b3bdfca58af9bff2da25c,direct_value_proposed_not_applied,2026-08-12
DEV_WIA20151010,51389,164,164,propose_direct_wheda_low_income_value,wheda_snapshot_read,2026-08-12,unique_name_year_total_match,internal_development_site_read,2026-08-12,matched_development_identity_previously_adjudicated_site_address_differs,https://www.wheda.com/developers-and-property-managers/tax-credits/multifamily-data-library/monitored-htc-projects,wheda_monitored_htc_projects.html,ba00414cf334e76c060d65ca8bcbda9ef6b2f50b260b3bdfca58af9bff2da25c,direct_value_proposed_not_applied,2026-08-12
DEV_WIA20151011,51106,80,80,propose_direct_wheda_low_income_value,wheda_snapshot_read,2026-08-12,unique_name_year_total_match,internal_development_site_read,2026-08-12,matched_development_identity_previously_adjudicated_site_address_differs,https://www.wheda.com/developers-and-property-managers/tax-credits/multifamily-data-library/monitored-htc-projects,wheda_monitored_htc_projects.html,ba00414cf334e76c060d65ca8bcbda9ef6b2f50b260b3bdfca58af9bff2da25c,direct_value_proposed_not_applied,2026-08-12
DEV_WIA20151014,52282,224,224,propose_direct_wheda_low_income_value,wheda_snapshot_read,2026-08-12,unique_name_year_total_match,internal_development_site_read,2026-08-12,matched_development_identity_previously_adjudicated_site_address_differs,https://www.wheda.com/developers-and-property-managers/tax-credits/multifamily-data-library/monitored-htc-projects,wheda_monitored_htc_projects.html,ba00414cf334e76c060d65ca8bcbda9ef6b2f50b260b3bdfca58af9bff2da25c,direct_value_proposed_not_applied,2026-08-12
DEV_WIA20151016,52829,24,23,propose_direct_wheda_low_income_value,wheda_snapshot_read,2026-08-12,unique_name_year_total_match,internal_development_site_read,2026-08-12,matched_development_has_exact_site_address,https://www.wheda.com/developers-and-property-managers/tax-credits/multifamily-data-library/monitored-htc-projects,wheda_monitored_htc_projects.html,ba00414cf334e76c060d65ca8bcbda9ef6b2f50b260b3bdfca58af9bff2da25c,direct_value_proposed_not_applied,2026-08-12
DEV_WIA20160001,52858,60,40,propose_direct_wheda_low_income_value,wheda_snapshot_read,2026-08-12,unique_name_year_total_match,internal_development_site_read,2026-08-12,matched_development_identity_previously_adjudicated_site_address_differs,https://www.wheda.com/developers-and-property-managers/tax-credits/multifamily-data-library/monitored-htc-projects,wheda_monitored_htc_projects.html,ba00414cf334e76c060d65ca8bcbda9ef6b2f50b260b3bdfca58af9bff2da25c,direct_value_proposed_not_applied,2026-08-12
DEV_WIA20160010,52697,72,61,propose_direct_wheda_low_income_value,wheda_snapshot_read,2026-08-12,unique_name_year_total_match,internal_development_site_read,2026-08-12,matched_development_identity_previously_adjudicated_site_address_differs,https://www.wheda.com/developers-and-property-managers/tax-credits/multifamily-data-library/monitored-htc-projects,wheda_monitored_htc_projects.html,ba00414cf334e76c060d65ca8bcbda9ef6b2f50b260b3bdfca58af9bff2da25c,direct_value_proposed_not_applied,2026-08-12
DEV_WIA20160011,52851,60,60,propose_direct_wheda_low_income_value,wheda_snapshot_read,2026-08-12,unique_name_year_total_match,internal_development_site_read,2026-08-12,matched_development_has_exact_site_address,https://www.wheda.com/developers-and-property-managers/tax-credits/multifamily-data-library/monitored-htc-projects,wheda_monitored_htc_projects.html,ba00414cf334e76c060d65ca8bcbda9ef6b2f50b260b3bdfca58af9bff2da25c,direct_value_proposed_not_applied,2026-08-12
DEV_WIA20160013,52310,52,51,propose_direct_wheda_low_income_value,wheda_snapshot_read,2026-08-12,unique_name_year_total_match,internal_development_site_read,2026-08-12,matched_development_has_exact_site_address,https://www.wheda.com/developers-and-property-managers/tax-credits/multifamily-data-library/monitored-htc-projects,wheda_monitored_htc_projects.html,ba00414cf334e76c060d65ca8bcbda9ef6b2f50b260b3bdfca58af9bff2da25c,direct_value_proposed_not_applied,2026-08-12
DEV_WIA20161005,52845,40,40,propose_direct_wheda_low_income_value,wheda_snapshot_read,2026-08-12,unique_name_year_total_match,internal_development_site_read,2026-08-12,matched_development_identity_previously_adjudicated_site_address_differs,https://www.wheda.com/developers-and-property-managers/tax-credits/multifamily-data-library/monitored-htc-projects,wheda_monitored_htc_projects.html,ba00414cf334e76c060d65ca8bcbda9ef6b2f50b260b3bdfca58af9bff2da25c,direct_value_proposed_not_applied,2026-08-12
DEV_WIA20161006,,,,retain_hud_pending_scope_or_match_review,wheda_snapshot_read,2026-08-12,wheda_snapshot_searched_no_safe_scope_match,internal_development_site_read,2026-08-12,internal_development_and_site_evidence_inspected_no_safe_scope_match,https://www.wheda.com/developers-and-property-managers/tax-credits/multifamily-data-library/monitored-htc-projects,wheda_monitored_htc_projects.html,ba00414cf334e76c060d65ca8bcbda9ef6b2f50b260b3bdfca58af9bff2da25c,no_unique_name_year_total_positive_low_income_match,2026-08-12
DEV_WIA20161009,51492,28,26,propose_direct_wheda_low_income_value,wheda_snapshot_read,2026-08-12,unique_name_year_total_match,internal_development_site_read,2026-08-12,matched_development_identity_previously_adjudicated_site_address_differs,https://www.wheda.com/developers-and-property-managers/tax-credits/multifamily-data-library/monitored-htc-projects,wheda_monitored_htc_projects.html,ba00414cf334e76c060d65ca8bcbda9ef6b2f50b260b3bdfca58af9bff2da25c,direct_value_proposed_not_applied,2026-08-12
DEV_WIA20161017,52868,55,47,propose_direct_wheda_low_income_value,wheda_snapshot_read,2026-08-12,unique_name_year_total_match,internal_development_site_read,2026-08-12,matched_development_has_exact_site_address,https://www.wheda.com/developers-and-property-managers/tax-credits/multifamily-data-library/monitored-htc-projects,wheda_monitored_htc_projects.html,ba00414cf334e76c060d65ca8bcbda9ef6b2f50b260b3bdfca58af9bff2da25c,direct_value_proposed_not_applied,2026-08-12
DEV_WIA20161020,,,,retain_hud_pending_scope_or_match_review,wheda_snapshot_read,2026-08-12,wheda_snapshot_searched_no_safe_scope_match,internal_development_site_read,2026-08-12,internal_development_and_site_evidence_inspected_no_safe_scope_match,https://www.wheda.com/developers-and-property-managers/tax-credits/multifamily-data-library/monitored-htc-projects,wheda_monitored_htc_projects.html,ba00414cf334e76c060d65ca8bcbda9ef6b2f50b260b3bdfca58af9bff2da25c,no_unique_name_year_total_positive_low_income_match,2026-08-12
DEV_WIA20162007,,,,retain_hud_pending_scope_or_match_review,wheda_snapshot_read,2026-08-12,wheda_snapshot_searched_no_safe_scope_match,internal_development_site_read,2026-08-12,internal_development_and_site_evidence_inspected_no_safe_scope_match,https://www.wheda.com/developers-and-property-managers/tax-credits/multifamily-data-library/monitored-htc-projects,wheda_monitored_htc_projects.html,ba00414cf334e76c060d65ca8bcbda9ef6b2f50b260b3bdfca58af9bff2da25c,no_unique_name_year_total_positive_low_income_match,2026-08-12
DEV_WIA20162017,52890,33,33,propose_direct_wheda_low_income_value,wheda_snapshot_read,2026-08-12,unique_name_year_total_match,internal_development_site_read,2026-08-12,matched_development_has_exact_site_address,https://www.wheda.com/developers-and-property-managers/tax-credits/multifamily-data-library/monitored-htc-projects,wheda_monitored_htc_projects.html,ba00414cf334e76c060d65ca8bcbda9ef6b2f50b260b3bdfca58af9bff2da25c,direct_value_proposed_not_applied,2026-08-12
DEV_WIA20163017,52931,38,38,propose_direct_wheda_low_income_value,wheda_snapshot_read,2026-08-12,unique_name_year_total_match,internal_development_site_read,2026-08-12,matched_development_identity_previously_adjudicated_site_address_differs,https://www.wheda.com/developers-and-property-managers/tax-credits/multifamily-data-library/monitored-htc-projects,wheda_monitored_htc_projects.html,ba00414cf334e76c060d65ca8bcbda9ef6b2f50b260b3bdfca58af9bff2da25c,direct_value_proposed_not_applied,2026-08-12
DEV_WIA20170004,52918,54,54,propose_direct_wheda_low_income_value,wheda_snapshot_read,2026-08-12,unique_name_year_total_match,internal_development_site_read,2026-08-12,matched_development_has_exact_site_address,https://www.wheda.com/developers-and-property-managers/tax-credits/multifamily-data-library/monitored-htc-projects,wheda_monitored_htc_projects.html,ba00414cf334e76c060d65ca8bcbda9ef6b2f50b260b3bdfca58af9bff2da25c,direct_value_proposed_not_applied,2026-08-12
DEV_WIA20170006,52882,57,50,propose_direct_wheda_low_income_value,wheda_snapshot_read,2026-08-12,unique_name_year_total_match,internal_development_site_read,2026-08-12,matched_development_identity_previously_adjudicated_site_address_differs,https://www.wheda.com/developers-and-property-managers/tax-credits/multifamily-data-library/monitored-htc-projects,wheda_monitored_htc_projects.html,ba00414cf334e76c060d65ca8bcbda9ef6b2f50b260b3bdfca58af9bff2da25c,direct_value_proposed_not_applied,2026-08-12
DEV_WIA20170010,52162,118,117,propose_direct_wheda_low_income_value,wheda_snapshot_read,2026-08-12,unique_name_year_total_match,internal_development_site_read,2026-08-12,matched_development_has_exact_site_address,https://www.wheda.com/developers-and-property-managers/tax-credits/multifamily-data-library/monitored-htc-projects,wheda_monitored_htc_projects.html,ba00414cf334e76c060d65ca8bcbda9ef6b2f50b260b3bdfca58af9bff2da25c,direct_value_proposed_not_applied,2026-08-12
DEV_WIA20171003,52924,28,24,propose_direct_wheda_low_income_value,wheda_snapshot_read,2026-08-12,unique_name_year_total_match,internal_development_site_read,2026-08-12,matched_development_identity_previously_adjudicated_site_address_differs,https://www.wheda.com/developers-and-property-managers/tax-credits/multifamily-data-library/monitored-htc-projects,wheda_monitored_htc_projects.html,ba00414cf334e76c060d65ca8bcbda9ef6b2f50b260b3bdfca58af9bff2da25c,direct_value_proposed_not_applied,2026-08-12
DEV_WIA20171008,52883,32,29,propose_direct_wheda_low_income_value,wheda_snapshot_read,2026-08-12,unique_name_year_total_match,internal_development_site_read,2026-08-12,matched_development_identity_previously_adjudicated_site_address_differs,https://www.wheda.com/developers-and-property-managers/tax-credits/multifamily-data-library/monitored-htc-projects,wheda_monitored_htc_projects.html,ba00414cf334e76c060d65ca8bcbda9ef6b2f50b260b3bdfca58af9bff2da25c,direct_value_proposed_not_applied,2026-08-12
DEV_WIA20171016,52925,18,16,propose_direct_wheda_low_income_value,wheda_snapshot_read,2026-08-12,unique_name_year_total_match,internal_development_site_read,2026-08-12,matched_development_has_exact_site_address,https://www.wheda.com/developers-and-property-managers/tax-credits/multifamily-data-library/monitored-htc-projects,wheda_monitored_htc_projects.html,ba00414cf334e76c060d65ca8bcbda9ef6b2f50b260b3bdfca58af9bff2da25c,direct_value_proposed_not_applied,2026-08-12
DEV_WIA20171021,52859,90,44,propose_direct_wheda_low_income_value,wheda_snapshot_read,2026-08-12,unique_name_year_total_match,internal_development_site_read,2026-08-12,matched_development_has_exact_site_address,https://www.wheda.com/developers-and-property-managers/tax-credits/multifamily-data-library/monitored-htc-projects,wheda_monitored_htc_projects.html,ba00414cf334e76c060d65ca8bcbda9ef6b2f50b260b3bdfca58af9bff2da25c,direct_value_proposed_not_applied,2026-08-12
DEV_WIA20171022,53023,74,37,propose_direct_wheda_low_income_value,wheda_snapshot_read,2026-08-12,unique_name_year_total_match,internal_development_site_read,2026-08-12,matched_development_identity_previously_adjudicated_site_address_differs,https://www.wheda.com/developers-and-property-managers/tax-credits/multifamily-data-library/monitored-htc-projects,wheda_monitored_htc_projects.html,ba00414cf334e76c060d65ca8bcbda9ef6b2f50b260b3bdfca58af9bff2da25c,direct_value_proposed_not_applied,2026-08-12
DEV_WIA20172007,52293,72,72,propose_direct_wheda_low_income_value,wheda_snapshot_read,2026-08-12,unique_name_year_total_match,internal_development_site_read,2026-08-12,matched_development_identity_previously_adjudicated_site_address_differs,https://www.wheda.com/developers-and-property-managers/tax-credits/multifamily-data-library/monitored-htc-projects,wheda_monitored_htc_projects.html,ba00414cf334e76c060d65ca8bcbda9ef6b2f50b260b3bdfca58af9bff2da25c,direct_value_proposed_not_applied,2026-08-12
DEV_WIA20172020,53025,128,128,propose_direct_wheda_low_income_value,wheda_snapshot_read,2026-08-12,unique_name_year_total_match,internal_development_site_read,2026-08-12,matched_development_identity_previously_adjudicated_site_address_differs,https://www.wheda.com/developers-and-property-managers/tax-credits/multifamily-data-library/monitored-htc-projects,wheda_monitored_htc_projects.html,ba00414cf334e76c060d65ca8bcbda9ef6b2f50b260b3bdfca58af9bff2da25c,direct_value_proposed_not_applied,2026-08-12
DEV_WIA20172022,52075,40,40,propose_direct_wheda_low_income_value,wheda_snapshot_read,2026-08-12,unique_name_year_total_match,internal_development_site_read,2026-08-12,matched_development_identity_previously_adjudicated_site_address_differs,https://www.wheda.com/developers-and-property-managers/tax-credits/multifamily-data-library/monitored-htc-projects,wheda_monitored_htc_projects.html,ba00414cf334e76c060d65ca8bcbda9ef6b2f50b260b3bdfca58af9bff2da25c,direct_value_proposed_not_applied,2026-08-12
DEV_WIA20172023,52941,48,41,propose_direct_wheda_low_income_value,wheda_snapshot_read,2026-08-12,unique_name_year_total_match,internal_development_site_read,2026-08-12,matched_development_identity_previously_adjudicated_site_address_differs,https://www.wheda.com/developers-and-property-managers/tax-credits/multifamily-data-library/monitored-htc-projects,wheda_monitored_htc_projects.html,ba00414cf334e76c060d65ca8bcbda9ef6b2f50b260b3bdfca58af9bff2da25c,direct_value_proposed_not_applied,2026-08-12
DEV_WIA20180004,52930,48,44,propose_direct_wheda_low_income_value,wheda_snapshot_read,2026-08-12,unique_name_year_total_match,internal_development_site_read,2026-08-12,matched_development_has_exact_site_address,https://www.wheda.com/developers-and-property-managers/tax-credits/multifamily-data-library/monitored-htc-projects,wheda_monitored_htc_projects.html,ba00414cf334e76c060d65ca8bcbda9ef6b2f50b260b3bdfca58af9bff2da25c,direct_value_proposed_not_applied,2026-08-12
DEV_WIA20180005,52960,60,60,propose_direct_wheda_low_income_value,wheda_snapshot_read,2026-08-12,unique_name_year_total_match,internal_development_site_read,2026-08-12,matched_development_has_exact_site_address,https://www.wheda.com/developers-and-property-managers/tax-credits/multifamily-data-library/monitored-htc-projects,wheda_monitored_htc_projects.html,ba00414cf334e76c060d65ca8bcbda9ef6b2f50b260b3bdfca58af9bff2da25c,direct_value_proposed_not_applied,2026-08-12
DEV_WIA20181001,52922,64,54,propose_direct_wheda_low_income_value,wheda_snapshot_read,2026-08-12,unique_name_year_total_match,internal_development_site_read,2026-08-12,matched_development_has_exact_site_address,https://www.wheda.com/developers-and-property-managers/tax-credits/multifamily-data-library/monitored-htc-projects,wheda_monitored_htc_projects.html,ba00414cf334e76c060d65ca8bcbda9ef6b2f50b260b3bdfca58af9bff2da25c,direct_value_proposed_not_applied,2026-08-12
DEV_WIA20181006,53022,31,9,propose_direct_wheda_low_income_value,wheda_snapshot_read,2026-08-12,unique_name_year_total_match,internal_development_site_read,2026-08-12,matched_development_has_exact_site_address,https://www.wheda.com/developers-and-property-managers/tax-credits/multifamily-data-library/monitored-htc-projects,wheda_monitored_htc_projects.html,ba00414cf334e76c060d65ca8bcbda9ef6b2f50b260b3bdfca58af9bff2da25c,direct_value_proposed_not_applied,2026-08-12
DEV_WIA20181008,52950,44,37,propose_direct_wheda_low_income_value,wheda_snapshot_read,2026-08-12,unique_name_year_total_match,internal_development_site_read,2026-08-12,matched_development_has_exact_site_address,https://www.wheda.com/developers-and-property-managers/tax-credits/multifamily-data-library/monitored-htc-projects,wheda_monitored_htc_projects.html,ba00414cf334e76c060d65ca8bcbda9ef6b2f50b260b3bdfca58af9bff2da25c,direct_value_proposed_not_applied,2026-08-12
DEV_WIA20181014,53014,96,96,propose_direct_wheda_low_income_value,wheda_snapshot_read,2026-08-12,unique_name_year_total_match,internal_development_site_read,2026-08-12,matched_development_identity_previously_adjudicated_site_address_differs,https://www.wheda.com/developers-and-property-managers/tax-credits/multifamily-data-library/monitored-htc-projects,wheda_monitored_htc_projects.html,ba00414cf334e76c060d65ca8bcbda9ef6b2f50b260b3bdfca58af9bff2da25c,direct_value_proposed_not_applied,2026-08-12
DEV_WIA20181019,52135,32,32,propose_direct_wheda_low_income_value,wheda_snapshot_read,2026-08-12,unique_name_year_total_match,internal_development_site_read,2026-08-12,matched_development_identity_previously_adjudicated_site_address_differs,https://www.wheda.com/developers-and-property-managers/tax-credits/multifamily-data-library/monitored-htc-projects,wheda_monitored_htc_projects.html,ba00414cf334e76c060d65ca8bcbda9ef6b2f50b260b3bdfca58af9bff2da25c,direct_value_proposed_not_applied,2026-08-12
DEV_WIA20181021,52230,48,48,propose_direct_wheda_low_income_value,wheda_snapshot_read,2026-08-12,unique_name_year_total_match,internal_development_site_read,2026-08-12,matched_development_identity_previously_adjudicated_site_address_differs,https://www.wheda.com/developers-and-property-managers/tax-credits/multifamily-data-library/monitored-htc-projects,wheda_monitored_htc_projects.html,ba00414cf334e76c060d65ca8bcbda9ef6b2f50b260b3bdfca58af9bff2da25c,direct_value_proposed_not_applied,2026-08-12
DEV_WIA20181022,53011,36,30,propose_direct_wheda_low_income_value,wheda_snapshot_read,2026-08-12,unique_name_year_total_match,internal_development_site_read,2026-08-12,matched_development_identity_previously_adjudicated_site_address_differs,https://www.wheda.com/developers-and-property-managers/tax-credits/multifamily-data-library/monitored-htc-projects,wheda_monitored_htc_projects.html,ba00414cf334e76c060d65ca8bcbda9ef6b2f50b260b3bdfca58af9bff2da25c,direct_value_proposed_not_applied,2026-08-12
DEV_WIA20181024,51359,240,205,propose_direct_wheda_low_income_value,wheda_snapshot_read,2026-08-12,unique_name_year_total_match,internal_development_site_read,2026-08-12,matched_development_has_exact_site_address,https://www.wheda.com/developers-and-property-managers/tax-credits/multifamily-data-library/monitored-htc-projects,wheda_monitored_htc_projects.html,ba00414cf334e76c060d65ca8bcbda9ef6b2f50b260b3bdfca58af9bff2da25c,direct_value_proposed_not_applied,2026-08-12
DEV_WIA20181025,52919,56,56,propose_direct_wheda_low_income_value,wheda_snapshot_read,2026-08-12,unique_name_year_total_match,internal_development_site_read,2026-08-12,matched_development_has_exact_site_address,https://www.wheda.com/developers-and-property-managers/tax-credits/multifamily-data-library/monitored-htc-projects,wheda_monitored_htc_projects.html,ba00414cf334e76c060d65ca8bcbda9ef6b2f50b260b3bdfca58af9bff2da25c,direct_value_proposed_not_applied,2026-08-12
DEV_WIA20190003,,,,retain_hud_pending_scope_or_match_review,wheda_snapshot_read,2026-08-12,wheda_snapshot_searched_no_safe_scope_match,internal_development_site_read,2026-08-12,internal_development_and_site_evidence_inspected_no_safe_scope_match,https://www.wheda.com/developers-and-property-managers/tax-credits/multifamily-data-library/monitored-htc-projects,wheda_monitored_htc_projects.html,ba00414cf334e76c060d65ca8bcbda9ef6b2f50b260b3bdfca58af9bff2da25c,no_unique_name_year_total_positive_low_income_match,2026-08-12
