mixed_site_question_id,development_id,development_name,development_anchor_hud_id,first_pis_year,last_pis_year,episode_unit_count_max,n_units_development,complete_site_key_examples,review_cluster_id,adjudicated_development_id,adjudicated_development_anchor_hud_id,n_review_cluster_members,cluster_status,member_action,episode_to_property_bridge_status,shared_geocoding_query_decision,source_rows_changed
MSIR_0001,DEV_AKA19960020,HILLPOINT PARK APPARTMENTS,AKA19960020,1996,1996,24,24,AK|315 BARROW ST|ANCHORAGE | AK|315 BARROW ST|ANCORAGE,MSIC_00001,DEV_AKA19960020,AKA19960020,2,final_physical_development,merge_to_review_cluster,not_required,not_approved,FALSE
MSIR_0001,DEV_AKA19969001,HILLPOINT PARK,AKA19969001,1996,1996,24,24,AK|315 BARROW ST|ANCHORAGE,MSIC_00001,DEV_AKA19960020,AKA19960020,2,final_physical_development,merge_to_review_cluster,not_required,not_approved,FALSE
MSIR_0002,DEV_AKA19940005,LOUSSAC SOGN SRO,AKA19940005,1994,1994,52,52,AK|429 D ST|ANCHORAGE,MSIC_00002,DEV_AKA19940005,AKA19940005,2,final_physical_development,merge_to_review_cluster,not_required,not_approved,FALSE
MSIR_0002,DEV_AKA19949001,LOUSSAC-SOGN,AKA19949001,1994,1994,52,52,AK|429 D ST|ANCHORAGE | AK|LOUSSAC SOGN 429 D ST|ANCHORAGE,MSIC_00002,DEV_AKA19940005,AKA19940005,2,final_physical_development,merge_to_review_cluster,not_required,not_approved,FALSE
MSIR_0003,DEV_AKA20201002,SPRUCE CAPE HOMES,AKA20201002,2020,2020,30,30,AK|529 CARROLL WAY|KODIAK,MSIC_00003,DEV_AKA20201002,AKA20201002,2,final_physical_development,merge_to_review_cluster,not_required,not_approved,FALSE
MSIR_0003,DEV_AKA20203005,SPRUCE CAPE I,AKA20203005,2020,2020,30,30,AK|529 CARROLL WAY|KODIAK,MSIC_00003,DEV_AKA20201002,AKA20201002,2,final_physical_development,merge_to_review_cluster,not_required,not_approved,FALSE
MSIR_0003,DEV_AKA20201003,SPRUCE CAPE HOMES II,AKA20201003,2020,2020,20,20,AK|3386 SHARATIN RD|KODIAK,MSIC_00004,DEV_AKA20201003,AKA20201003,2,final_physical_development,merge_to_review_cluster,not_required,not_approved,FALSE
MSIR_0003,DEV_AKA20203006,SPRUCE CAPE II,AKA20203006,2020,2020,20,20,AK|3386 SHARATIN RD|KODIAK | AK|529 CARROLL WAY|KODIAK,MSIC_00004,DEV_AKA20201003,AKA20201003,2,final_physical_development,merge_to_review_cluster,not_required,not_approved,FALSE
MSIR_0004,DEV_ARA19990028,EAST OAKWOOD PLACE,ARA19990028,1999,1999,50,50,AR|1651 HAIRSTON ST|CONWAY,MSIC_00005,DEV_ARA19990028,ARA19990028,2,final_physical_development,merge_to_review_cluster,not_required,not_approved,FALSE
MSIR_0004,DEV_ARA19999722,EAST OAKWOOD APARTMENTS,ARA19999722,1999,1999,50,50,AR|1651 HAIRSTON AVE|CONWAY | AR|1651 HAIRSTON ST|CONWAY,MSIC_00005,DEV_ARA19990028,ARA19990028,2,final_physical_development,merge_to_review_cluster,not_required,not_approved,FALSE
MSIR_0005,DEV_ARA19980690,HELENA SCATTERED SITES I,ARA19980690,1998,1998,20,20,AR|1322 HOLLY|HELENA,MSIC_00006,DEV_ARA19980690,ARA19980690,2,final_physical_development,merge_to_review_cluster,not_required,not_approved,FALSE
MSIR_0005,DEV_ARA19989006,HELENA SCATTERED SITES I/HELENA HOUSING PARTN,ARA19989006,1998,1998,20,,AR|1207 CHERRY ST|HELENA | AR|1219 CHERRY ST|HELENA | AR|1309 PECAN ST|HELENA | AR|1313 PECAN|HELENA | AR|1317 PECAN|HELENA | AR|1321 PECAN|HELENA | AR|1322 HOLLY|HELENA | AR|1326 HOLLY|HELENA | AR|1506 HOLLY|HELENA | AR|1511 PECAN|HELENA | AR|206 MILLER|HELENA | AR|809 OHIO ST|HELENA | AR|901 OHIO|HELENA | AR|904 CHERRY|HELENA | AR|907 OHIO ST|HELENA | AR|908 CHERRY|HELENA | AR|911 OHIO ST|HELENA | AR|917 OHIO ST|HELENA | AR|919 CHERRY|HELENA | AR|923 CHERRY|HELENA,MSIC_00006,DEV_ARA19980690,ARA19980690,2,final_physical_development,merge_to_review_cluster,not_required,not_approved,FALSE
MSIR_0006,DEV_ARA20120928,PEAKS AT COUNTRY CLUB III F,ARA20120928,2012,2012,48,48,AR|10720 RICHSMITH LN|NORTH LITTLE ROCK,MSIC_00007,DEV_ARA20120928,ARA20120928,2,final_physical_development,merge_to_review_cluster,not_required,not_approved,FALSE
MSIR_0006,DEV_ARA20125015,PEAKS AT COUNTRY CLUB III FKA PEAKS NLR II,ARA20125015,2012,2012,48,48,AR|10700 10720 RICHSMITH LN|NORTH LITTLE ROCK | AR|10700 RICHSMITH LN|NORTH LITTLE ROCK | AR|10720 RICHSMITH LN|NORTH LITTLE ROCK,MSIC_00007,DEV_ARA20120928,ARA20120928,2,final_physical_development,merge_to_review_cluster,not_required,not_approved,FALSE
MSIR_0007,DEV_DEA20090040,HOLLYBROOK FARMS II,DEA20090040,2009,2009,24,24,DE|500 COUNTRY RD|LAUREL,MSIC_00008,DEV_DEA20090040,DEA20090040,2,final_physical_development,merge_to_review_cluster,not_required,not_approved,FALSE
MSIR_0007,DEV_DEA20096005,HOLLYBROOK II APARTMENTS,DEA20096005,2009,2009,24,24,DE|1111 GRAZING CT|LAUREL | DE|500 COUNTRY RD|LAUREL | DE|600 COUNTY RD|LAUREL | DE|700 COUNTY RD|LAUREL,MSIC_00008,DEV_DEA20090040,DEA20090040,2,final_physical_development,merge_to_review_cluster,not_required,not_approved,FALSE
MSIR_0008,DEV_FLA19990804,WENTWORTH I,FLA19990804,1999,1999,264,264,FL|10200 DYLAN ST|ORLANDO,MSIC_00009,DEV_FLA19990804,FLA19990804,1,final_physical_development,retain_current_development,not_required,not_approved,FALSE
MSIR_0008,DEV_FLA20000190,WENTWORTH APTS II,FLA20000190,2000,2000,264,264,FL|10112 EASTMAR COMMONS BLVD|ORLANDO | FL|10200 DYLAN ST|ORLANDO,MSIC_00010,DEV_FLA20000190,FLA20000190,1,final_physical_development,retain_current_development,not_required,not_approved,FALSE
MSIR_0009,DEV_GAA20143002,APPLE LANE,GAA20143002,2014,2014,24,24,GA|100 N 5TH ST|GLENWOOD | GA|116 N 5TH ST|GLENWOOD,MSIC_00011,DEV_GAA20143002,GAA20143002,1,final_physical_development,retain_current_development,not_required,not_approved,FALSE
MSIR_0009,DEV_GAA20134002,APPLE VILLAGE APARTMENTS,GAA20134002,2013,2013,24,24,GA|116 N 5TH ST|GLENWOOD,MSIC_00012,DEV_GAA20134002,GAA20134002,1,final_physical_development,retain_current_development,not_required,not_approved,FALSE
MSIR_0010,DEV_GAA19979001,ASHTON PINES,GAA19979001,1997,1997,70,70,GA|11115 COLERAIN RD|ST MARYS | GA|1115 COLERAIN RD|SAINT MARYS,MSIC_00013,DEV_GAA19979001,GAA19979001,2,final_physical_development,merge_to_review_cluster,not_required,not_approved,FALSE
MSIR_0010,DEV_GAA19980120,SUGAR MILL APARTMENTS,GAA19980120,1998,1998,70,70,GA|11115 COLERAIN RD|ST MARYS,MSIC_00013,DEV_GAA19979001,GAA19979001,2,final_physical_development,merge_to_review_cluster,not_required,not_approved,FALSE
MSIR_0011,DEV_GAA19950295,AUGUSTA SPRING APARTMENTS,GAA19950295,1995,1995,100,100,GA|1730 SIBLEY RD BLDG 1|AUGUSTA | GA|1730 SIBLEY RD|AUGUSTA,MSIC_00014,DEV_GAA19950295,GAA19950295,3,final_physical_development,merge_to_review_cluster,not_required,not_approved,FALSE
MSIR_0011,DEV_GAA20010140,AUGUSTA SPRINGS SENIOR II,GAA20010140,2001,2001,100,100,GA|1730 SIBLEY RD|AUGUSTA,MSIC_00014,DEV_GAA19950295,GAA19950295,3,final_physical_development,merge_to_review_cluster,not_required,not_approved,FALSE
MSIR_0011,DEV_GAA20019007,AUGUSTA SPRINGS,GAA20019007,2001,2001,100,100,GA|1730 SIBLEY RD STE 31|AUGUSTA | GA|1730 SIBLEY RD|AUGUSTA,MSIC_00014,DEV_GAA19950295,GAA19950295,3,final_physical_development,merge_to_review_cluster,not_required,not_approved,FALSE
MSIR_0012,DEV_GAA20030175,BLOUNT CROSSING APARTMENTS / 2001-001,GAA20030175,2003,2003,40,40,GA|232 BLOUNT CROSSING RD|DARIEN,MSIC_00015,DEV_GAA20030175,GAA20030175,3,final_physical_development,merge_to_review_cluster,not_required,not_approved,FALSE
MSIR_0012,DEV_GAA20039009,BLOUNT CROSSING APARTMENTS,GAA20039009,2003,2003,40,40,GA|1263 BLOUNT CROSSING RD SE|DARIEN | GA|232 BLOUNT CROSSING RD|DARIEN,MSIC_00015,DEV_GAA20030175,GAA20030175,3,final_physical_development,merge_to_review_cluster,not_required,not_approved,FALSE
MSIR_0012,DEV_GAA20039011,BLOUNT CROSSING APARTMENTS PREDEVELOPMENT,GAA20039011,2003,2003,40,40,GA|232 BLOUNT CROSSING RD|DARIEN,MSIC_00015,DEV_GAA20030175,GAA20030175,3,final_physical_development,merge_to_review_cluster,not_required,not_approved,FALSE
MSIR_0013,DEV_GAA20120100,KINGSLAND III,GAA20120100,2012,2012,28,28,GA|100 CANEY PL|KINGSLAND,MSIC_00016,DEV_GAA20120100,GAA20120100,2,final_physical_development,merge_to_review_cluster,not_required,not_approved,FALSE
MSIR_0013,DEV_GAA20125004,CANEY HEIGHTS (AKA KINGSLAND III),GAA20125004,2012,2012,28,28,GA|100 CANEY PL|KINGSLAND | GA|102 CANEY PL|KINGSLAND | GA|103 CANEY PL|KINGSLAND | GA|104 CANEY PL|KINGSLAND | GA|105 CANEY PL|KINGSLAND | GA|106 CANEY PL|KINGSLAND | GA|107 CANEY PL|KINGSLAND | GA|108 CANEY PL|KINGSLAND | GA|109 CANEY PL|KINGSLAND | GA|110 CANEY PL|KINGSLAND | GA|111 CANEY PL|KINGSLAND | GA|112 CANEY PL|KINGSLAND | GA|114 CANEY PL|KINGSLAND | GA|116 CANEY PL|KINGSLAND | GA|118 CANEY PL|KINGSLAND | GA|119 CANEY PL|KINGSLAND | GA|120 CANEY PL|KINGSLAND | GA|122 CANEY PL|KINGSLAND | GA|124 CANEY PL|KINGSLAND | GA|125 CANEY PL|KINGSLAND | GA|126 CANEY PL|KINGSLAND | GA|127 CANEY PL|KINGSLAND | GA|128 CANEY PL|KINGSLAND | GA|129 CANEY PL|KINGSLAND | GA|130 CANEY PL|KINGSLAND | GA|131 CANEY PL|KINGSLAND | GA|132 CANEY PL|KINGSLAND | GA|133 CANEY PL|KINGSLAND | GA|201 CANEY HEIGHTS CT|KINGSLAND,MSIC_00016,DEV_GAA20120100,GAA20120100,2,final_physical_development,merge_to_review_cluster,not_required,not_approved,FALSE
MSIR_0014,DEV_GAA20010040,COLUMBIA CREEK,GAA20010040,2001,2001,172,172,GA|100 SANDY CIR|WOODSTOCK,MSIC_00017,DEV_GAA20010040,GAA20010040,2,final_physical_development,merge_to_review_cluster,not_required,not_approved,FALSE
MSIR_0014,DEV_GAA20019033,RIVERSTOCK FKA COLUMBIA CREEK,GAA20019033,2001,2001,172,172,GA|100 SANDY CIR|WOODSTOCK | GA|50 SANDY CIR|WOODSTOCK,MSIC_00017,DEV_GAA20010040,GAA20010040,2,final_physical_development,merge_to_review_cluster,not_required,not_approved,FALSE
MSIR_0015,DEV_GAA20120055,FARMINGTON HILLS PHASE I,GAA20120055,2012,2012,72,72,GA|1506 FARMINGTON WAY|WINDER,MSIC_00018,DEV_GAA20120055,GAA20120055,2,final_physical_development,merge_to_review_cluster,not_required,not_approved,FALSE
MSIR_0015,DEV_GAA20125012,FARMINGTON HILLS,GAA20125012,2012,2012,72,72,GA|1505 FARMINGTON WAY|WINDER | GA|1506 FARMINGTON WAY|WINDER,MSIC_00018,DEV_GAA20120055,GAA20120055,2,final_physical_development,merge_to_review_cluster,not_required,not_approved,FALSE
MSIR_0016,DEV_GAA20100035,OCONEE PARK,GAA20100035,2010,2010,117,117,GA|200 RIVERVIEW DR|DUBLIN,MSIC_00019,DEV_GAA20100035,GAA20100035,2,final_physical_development,merge_to_review_cluster,not_required,not_approved,FALSE
MSIR_0016,DEV_GAA20107022,RIVERVIEW HEIGHTS FKA OCONEE PARK,GAA20107022,2010,2010,117,117,GA|200 RIVERVIEW DR|DUBLIN | GA|200 RIVERVIEW PARK DR|DUBLIN | GA|202 RIVERVIEW DR|DUBLIN | GA|204 RIVERVIEW DR|DUBLIN | GA|206 RIVERVIEW DR|DUBLIN | GA|208 RIVERVIEW DR|DUBLIN | GA|210 RIVERVIEW DR|DUBLIN | GA|212 RIVERVIEW DR|DUBLIN | GA|214 RIVERVIEW DR|DUBLIN | GA|216 RIVERVIEW DR|DUBLIN | GA|218 RIVERVIEW DR|DUBLIN | GA|220 RIVERVIEW DR|DUBLIN | GA|222 RIVERVIEW DR|DUBLIN,MSIC_00019,DEV_GAA20100035,GAA20100035,2,final_physical_development,merge_to_review_cluster,not_required,not_approved,FALSE
MSIR_0017,DEV_GAA19920120,PINE TERRACE I,GAA19920120,1992,1992,48,,GA|8214 S MARCUS ST 25|WRIGHTSVILLE | GA|823 S MARCUS ST|WRIGHTSVILLE,MSIC_00020,DEV_GAA19920120,GAA19920120,1,final_physical_development,retain_current_development,not_required,not_approved,FALSE
MSIR_0017,DEV_GAA19950230,PINE TERRACE II,GAA19950230,1995,1995,24,24,GA|823 S MARCUS ST|WRIGHTSVILLE,MSIC_00021,DEV_GAA19950230,GAA19950230,1,final_physical_development,retain_current_development,not_required,not_approved,FALSE
MSIR_0018,DEV_ILB20049002,HILLIARD HOMES I,ILB20049002,2004,2004,654,654,IL|2031 S CLARK ST|CHICAGO | IL|2111 S CLARK ST|CHICAGO,MSIC_00022,DEV_ILB20049002,ILB20049002,2,final_physical_development,merge_to_review_cluster,not_required,not_approved,FALSE
MSIR_0018,DEV_ILB20060809,HILLIARD HOMES,ILB20060809,2006,2006,654,654,IL|2031 S CLARK ST|CHICAGO,MSIC_00022,DEV_ILB20049002,ILB20049002,2,final_physical_development,merge_to_review_cluster,not_required,not_approved,FALSE
MSIR_0019,DEV_ILA20010100,NORTH TOWN VILLAGE,ILA20010100,2001,2001,116,,IL|1311 N HALSTED ST|CHICAGO | IL|1321 N BURLING ST|CHICAGO | IL|1329 N BURLING ST|CHICAGO | IL|1415 N HALSTED ST|CHICAGO | IL|1427 N HALSTED ST|CHICAGO,MSIC_00023,DEV_ILA20010100,ILA20010100,2,final_physical_development,merge_to_review_cluster,not_required,not_approved,FALSE
MSIR_0019,DEV_ILB20010803,NORTH TOWN VILLAGE I,ILB20010803,2001,2001,116,116,IL|1321 N BURLING ST|CHICAGO,MSIC_00023,DEV_ILA20010100,ILA20010100,2,final_physical_development,merge_to_review_cluster,not_required,not_approved,FALSE
MSIR_0020,DEV_KYA19999002,ALBANY COMMONS II APARTMENTS -  PROJECT,KYA19999002,1999,1999,12,12,KY|NOLAN ST|ALBANY,MSIC_00024,DEV_KYA19999002,KYA19999002,2,final_physical_development,merge_to_review_cluster,not_required,not_approved,FALSE
MSIR_0020,DEV_KYA19999581,ALBANY COMMONS II APTS - PROJECT,KYA19999581,1999,1999,12,12,KY|34 37 NOLAN ST|ALBANY | KY|NOLAN ST|ALBANY,MSIC_00024,DEV_KYA19999002,KYA19999002,2,final_physical_development,merge_to_review_cluster,not_required,not_approved,FALSE
MSIR_0021,DEV_KYA19970010,"AUSTIN PARK APARTMENTS, LTD.",KYA19970010,1997,1997,38,38,KY|BYPASS PLZ DR|FRANKFORT,MSIC_00025,DEV_KYA19970010,KYA19970010,2,final_physical_development,merge_to_review_cluster,not_required,not_approved,FALSE
MSIR_0021,DEV_KYA19979576,"AUSTIN PARK APTS, LTD",KYA19979576,1997,1997,38,38,KY|315 BYPASS PLZ DR|FRANKFORT | KY|BYPASS PLZ DR|FRANKFORT,MSIC_00025,DEV_KYA19970010,KYA19970010,2,final_physical_development,merge_to_review_cluster,not_required,not_approved,FALSE
MSIR_0022,DEV_KYA19940555,BRIDLEWOOD TERRACE APARTMENTS,KYA19940555,1994,1994,24,24,KY|HARPER DR|HORSE CAVE,MSIC_00026,DEV_KYA19940555,KYA19940555,1,final_physical_development,retain_current_development,not_required,not_approved,FALSE
MSIR_0022,DEV_KYA19960060,HORSE CAVE FAMILY APARTMENTS,KYA19960060,1996,1996,24,24,KY|315 HARPER DR|HORSE CAVE | KY|HARPER DR|HORSE CAVE,MSIC_00027,DEV_KYA19960060,KYA19960060,1,final_physical_development,retain_current_development,not_required,not_approved,FALSE
MSIR_0023,DEV_KYA20114010,FULTON MANOR I APARTMENTS,KYA20114010,2011,2011,24,24,KY|MIDDLE RD|FULTON,MSIC_00028,DEV_KYA20114010,KYA20114010,1,final_physical_development,retain_current_development,not_required,not_approved,FALSE
MSIR_0023,DEV_KYA20110662,FULTON MANOR APTS PHASE I,KYA20110662,2011,2011,14,14,KY|1109 MIDDLE RD|FULTON | KY|MIDDLE RD|FULTON,MSIC_00029,DEV_KYA20110662,KYA20110662,1,final_physical_development,retain_current_development,not_required,not_approved,FALSE
MSIR_0023,DEV_KYA20110672,FULTON MANOR II APARTMENTS,KYA20110672,2011,2011,14,14,KY|MIDDLE RD|FULTON,MSIC_00030,DEV_KYA20110672,KYA20110672,1,final_physical_development,retain_current_development,not_required,not_approved,FALSE
MSIR_0024,DEV_KYA19960150,VAUGHN VILLAGE I APARTMENTS,KYA19960150,1996,1996,24,24,KY|CRIMSON CREEK CT|ELIZABETHTOWN,MSIC_00031,DEV_KYA19960150,KYA19960150,1,final_physical_development,retain_current_development,not_required,not_approved,FALSE
MSIR_0024,DEV_KYA19960155,VAUGHN VILLAGE II APARTMENTS,KYA19960155,1996,1996,24,24,KY|CRIMSON CREEK CT|ELIZABETHTOWN,MSIC_00032,DEV_KYA19960155,KYA19960155,2,final_physical_development,merge_to_review_cluster,not_required,not_approved,FALSE
MSIR_0024,DEV_KYA19969574,VAUGHN VILLAGE II APTS,KYA19969574,1996,1996,24,24,KY|1119 NORTHRIDGE DR|ELIZABETHTOWN | KY|CRIMSON CREEK CT|ELIZABETHTOWN,MSIC_00032,DEV_KYA19960155,KYA19960155,2,final_physical_development,merge_to_review_cluster,not_required,not_approved,FALSE
MSIR_0025,DEV_MDA20030087,VILLAS AT WHITEHALL,MDA20030087,2003,2003,70,70,MD|100 111 SKIPJACK CT|ELKTON | MD|100 SKIPJACK CT|ELKTON | MD|200 211 SKIPJACK CT|ELKTON | MD|300 311 SKIPJACK CT|ELKTON | MD|400 409 SKIPJACK CT|ELKTON | MD|500 511 SKIPJACK CT|ELKTON | MD|600 611 SKIPJACK CT|ELKTON,MSIC_00033,DEV_MDA20030087,MDA20030087,2,final_physical_development,merge_to_review_cluster,not_required,not_approved,FALSE
MSIR_0025,DEV_MDA20039101,THE VILLAS AT WHITEHALL,MDA20039101,2003,2003,70,70,MD|100 111 SKIPJACK CT|ELKTON,MSIC_00033,DEV_MDA20030087,MDA20030087,2,final_physical_development,merge_to_review_cluster,not_required,not_approved,FALSE
MSIR_0026,DEV_MSA20130013,OAKWOOD APTS & MAPLEWOOD APTS,MSA20130013,2013,2013,48,48,MS|1062 WHITFIELD RD|BEAUMONT,MSIC_00034,DEV_MSA20130013,MSA20130013,2,final_physical_development,merge_to_review_cluster,not_required,not_approved,FALSE
MSIR_0026,DEV_MSA20150024,OAKWOOD APTS AND MAPLEWOOD APTS.,MSA20150024,2015,2015,48,48,MS|1062 WHITFIELD RD|BEAUMONT | MS|1115 SECOND ST|BEAUMONT,MSIC_00034,DEV_MSA20130013,MSA20130013,2,final_physical_development,merge_to_review_cluster,not_required,not_approved,FALSE
MSIR_0027,DEV_MTA20090027,MOUNTAIN VIEW III,MTA20090027,2009,2009,46,46,MT|251 STONEGATE DR|HAMILTON,MSIC_00035,DEV_MTA20090027,MTA20090027,2,final_physical_development,merge_to_review_cluster,not_required,not_approved,FALSE
MSIR_0027,DEV_MTA20098005,MOUNTAIN VIEW III - HAMILTON,MTA20098005,2009,2009,46,46,MT|150 PINTAIL LOOP|HAMILTON | MT|160 PINTAIL LOOP|HAMILTON | MT|225 STONEGATE DR|HAMILTON | MT|229 STONEGATE DR|HAMILTON | MT|251 STONEGATE DR|HAMILTON,MSIC_00035,DEV_MTA20090027,MTA20090027,2,final_physical_development,merge_to_review_cluster,not_required,not_approved,FALSE
MSIR_0028,DEV_NCA19940360,HORSE CREEK APTS,NCA19940360,1994,1994,4,4,NC|649 N MAIN ST|WARRENTON,MSIC_00036,DEV_NCA19940360,NCA19940360,2,final_physical_development,merge_to_review_cluster,not_required,not_approved,FALSE
MSIR_0028,DEV_NCA19949091,PWN HORSE CREEK APTS,NCA19949091,1994,1994,4,4,NC|102 HORSE CREEK RD|WARRENTON | NC|649 651 653 N MAIN ST|WARRENTON | NC|649 N MAIN ST|WARRENTON | NC|651 N MAIN ST|WARRENTON | NC|653 N MAIN ST|WARRENTON,MSIC_00036,DEV_NCA19940360,NCA19940360,2,final_physical_development,merge_to_review_cluster,not_required,not_approved,FALSE
MSIR_0029,DEV_NCA19910320,MENLO PARK,NCA19910320,1991,1992,2,,NC|1703 TENTH ST|GREENSBORO | NC|1705 B TENTH ST|GREENSBORO | NC|1705 TENTH ST|GREENSBORO | NC|1707 A B TENTH ST|GREENSBORO | NC|1707 TENTH ST|GREENSBORO | NC|1709 TENTH ST|GREENSBORO | NC|1711 TENTH ST|GREENSBORO | NC|1802 A B TUCKER ST|GREENSBORO | NC|1802 TUCKER ST|GREENSBORO | NC|1804 TUCKER ST|GREENSBORO,MSIC_00037,DEV_NCA19910320,NCA19910320,2,final_physical_development,merge_to_review_cluster,not_required,not_approved,FALSE
MSIR_0029,DEV_NCA19910325,MENLO PARK,NCA19910325,1991,1991,2,2,NC|1707 TENTH ST|GREENSBORO,MSIC_00037,DEV_NCA19910320,NCA19910320,2,final_physical_development,merge_to_review_cluster,not_required,not_approved,FALSE
MSIR_0030,DEV_NCA19930370,STEVENS APTS,NCA19930370,1993,1993,12,12,NC|1613 MCPHERSON ST|GREENSBORO,MSIC_00038,DEV_NCA19930370,NCA19930370,2,final_physical_development,merge_to_review_cluster,not_required,not_approved,FALSE
MSIR_0030,DEV_NCA19939053,PWE STEVENS APTS,NCA19939053,1993,1993,12,12,NC|1613 1615 1617 MCPHERSON ST|GREENSBORO | NC|1613 MCPHERSON ST|GREENSBORO | NC|1615 MCPHERSON ST|GREENSBORO | NC|1617 MCPHERSON ST|GREENSBORO,MSIC_00038,DEV_NCA19930370,NCA19930370,2,final_physical_development,merge_to_review_cluster,not_required,not_approved,FALSE
MSIR_0031,DEV_NDA19950030,COMMONS AT 45TH I,NDA19950030,1995,1995,32,32,ND|435 22ND ST E|WEST FARGO,MSIC_00039,DEV_NDA19950030,NDA19950030,2,final_physical_development,merge_to_review_cluster,not_required,not_approved,FALSE
MSIR_0031,DEV_NDA19959015,RATTENBORG COURT,NDA19959015,1995,1995,32,32,ND|415 22ND ST E|WEST FARGO | ND|425 22ND ST E|WEST FARGO | ND|435 22ND ST E|WEST FARGO,MSIC_00039,DEV_NDA19950030,NDA19950030,2,final_physical_development,merge_to_review_cluster,not_required,not_approved,FALSE
MSIR_0032,DEV_NDA19930020,MAYBROOK APTSNT,NDA19930020,1993,1993,30,30,ND|3219 18TH ST S|FARGO,MSIC_00040,DEV_NDA19930020,NDA19930020,2,final_physical_development,merge_to_review_cluster,not_required,not_approved,FALSE
MSIR_0032,DEV_NDA19939002,MAYBROOK APARTMENTS,NDA19939002,1993,1993,30,30,ND|3219 18TH ST S|FARGO | ND|3219 S 18TH ST|FARGO,MSIC_00040,DEV_NDA19930020,NDA19930020,2,final_physical_development,merge_to_review_cluster,not_required,not_approved,FALSE
MSIR_0033,DEV_NDA20050015,STANDING ROCK REHAB #9,NDA20050015,2005,2005,20,20,ND|5562 GRASS ST|FORT YATES,MSIC_00041,DEV_NDA20050015,NDA20050015,2,final_physical_development,merge_to_review_cluster,not_required,not_approved,FALSE
MSIR_0033,DEV_NDA20059004,STANDING ROCK MODERNIZATION PROJECT #9,NDA20059004,2005,2005,20,20,ND|5109 2ND AVE|CANNONBALL | ND|5192 GOLDEN EAGLE AVE|FORT YATES | ND|5195 BEAR ST|FORT YATES | ND|5204 WALLEYE ST|FORT YATES | ND|5329 HAWK AVE|FORT YATES | ND|5331 HAWK AVE|FORT YATES | ND|5509 WHITE TAIL ST|FORT YATES | ND|5511 WHITE TAIL ST|FORT YATES | ND|5550 WARRIOR ST|FORT YATES | ND|5553 RED FISH ST|FORT YATES | ND|5560 GRASS ST|FORT YATES | ND|5562 GRASS ST|FORT YATES | ND|5564 GRASS ST|FORT YATES | ND|5609 GRASS ST|FORT YATES | ND|5611 GRASS ST|FORT YATES | ND|5614 WARRIOR ST|FORT YATES | ND|5628 HORSESHOE RD|CANNONBALL | ND|5630 HORSESHOE RD|CANNONBALL | ND|5635 HORSESHOE RD|CANNONBALL | ND|5642 WARRIOR ST|FORT YATES,MSIC_00041,DEV_NDA20050015,NDA20050015,2,final_physical_development,merge_to_review_cluster,not_required,not_approved,FALSE
MSIR_0034,DEV_NDA20070040,STANDING ROCK REHAB #12,NDA20070040,2007,2007,39,39,ND|DOUG SKYE COMPLEX S RIVER RD|FORT YATES,MSIC_00042,DEV_NDA20070040,NDA20070040,2,final_physical_development,merge_to_review_cluster,not_required,not_approved,FALSE
MSIR_0034,DEV_NDA20079010,STANDING ROCK REHABILITATION PROJECT #12,NDA20079010,2007,2007,39,39,ND|BLDG C S RIVER RD|FORT YATES | ND|DOUG SKYE COMPLEX S RIVER RD|FORT YATES,MSIC_00042,DEV_NDA20070040,NDA20070040,2,final_physical_development,merge_to_review_cluster,not_required,not_approved,FALSE
MSIR_0035,DEV_NDA20060037,STANDING ROCK REHAB #13,NDA20060037,2006,2006,30,30,ND|1333 92ND ST|FORT YATES,MSIC_00043,DEV_NDA20060037,NDA20060037,1,final_physical_development,retain_current_development,not_required,not_approved,FALSE
MSIR_0035,DEV_NDA20070045,STANDING ROCK REHAB #15,NDA20070045,2007,2007,20,,ND|1333 92ND ST|FORT YATES | ND|UNIT 5102|FORT YATES | ND|UNIT 5106|FORT YATES | ND|UNIT 5110|FORT YATES | ND|UNIT 5131|FORT YATES | ND|UNIT 5132|FORT YATES | ND|UNIT 5133|FORT YATES | ND|UNIT 5134|FORT YATES | ND|UNIT 5135|FORT YATES | ND|UNIT 5191|FORT YATES | ND|UNIT 5277|FORT YATES | ND|UNIT 5285|FORT YATES | ND|UNIT 5432|FORT YATES | ND|UNIT 5566|FORT YATES | ND|UNIT 5575|FORT YATES | ND|UNIT 5633|FORT YATES | ND|UNIT 5637|FORT YATES | ND|UNIT 5640|FORT YATES | ND|UNIT 5700|FORT YATES | ND|UNIT 5701|FORT YATES,MSIC_00044,DEV_NDA20070045,NDA20070045,1,final_physical_development,retain_current_development,not_required,not_approved,FALSE
MSIR_0036,DEV_NDA20080025,STANDING ROCK REHAB #16,NDA20080025,2008,2008,20,20,ND|WARRIOR ST SIOUX VILG SUB|FORT YATES,MSIC_00045,DEV_NDA20080025,NDA20080025,2,final_physical_development,merge_to_review_cluster,not_required,not_approved,FALSE
MSIR_0036,DEV_NDA20089006,STANDING ROCK REHABILITATION PROJECT #16,NDA20089006,2008,2008,20,20,ND|2ND AVE CANNONBALL SUBDIVSION|CANNONBALL | ND|GALL AVE SIOUX VLG SUB|FORT YATES | ND|GOLDEN EAGLE AVE SIOUX VLG|FORT YATES | ND|GRASS ST SIOUX VLG SUB|FORT YATES | ND|HAWK AVE SIOUX VILG SUB|FORT YATES | ND|HAWK AVE SIOUX VLG SUB|FORT YATES | ND|HORSESHOE RD CANNONBALL SUB|CANNONBALL | ND|WARRIOR ST SIOUX VILG SUB|FORT YATES | ND|WARRIOR ST SIOUX VLG SUB|FORT YATES | ND|WOLF AVE SIOUX VILLAGE SUB|FORT YATES,MSIC_00045,DEV_NDA20080025,NDA20080025,2,final_physical_development,merge_to_review_cluster,not_required,not_approved,FALSE
MSIR_0037,DEV_NJA20059035,ADAMS STREET,NJA20059035,2005,2005,90,90,NJ|1118 ADAMS ST|HOBOKEN | NJ|1118 ADAMS ST|HOBOKEN CITY,MSIC_00046,DEV_NJA20059035,NJA20059035,2,final_physical_development,merge_to_review_cluster,not_required,not_approved,FALSE
MSIR_0037,DEV_NJA20059115,1118 ADAMS STREET #704,NJA20059115,2005,2005,90,90,NJ|1118 ADAMS ST|HOBOKEN,MSIC_00046,DEV_NJA20059035,NJA20059035,2,final_physical_development,merge_to_review_cluster,not_required,not_approved,FALSE
MSIR_0038,DEV_NJA19910015,COOPER ST APTS,NJA19910015,1991,1991,30,30,NJ|220 COOPER ST|CAMDEN,MSIC_00047,DEV_NJA19910015,NJA19910015,3,final_physical_development,merge_to_review_cluster,not_required,not_approved,FALSE
MSIR_0038,DEV_NJA19919001,220 COOPER STREET  #214,NJA19919001,1991,1991,30,30,NJ|220 COOPER ST|CAMDEN,MSIC_00047,DEV_NJA19910015,NJA19910015,3,final_physical_development,merge_to_review_cluster,not_required,not_approved,FALSE
MSIR_0038,DEV_NJA19919003,220 COOPER STREET,NJA19919003,1991,1991,30,30,NJ|220 COOPER ST|CAMDEN | NJ|220 COOPER ST|CAMDEN CITY,MSIC_00047,DEV_NJA19910015,NJA19910015,3,final_physical_development,merge_to_review_cluster,not_required,not_approved,FALSE
MSIR_0039,DEV_NJA20150001,999 BROAD PHASE II,NJA20150001,2015,2015,75,75,NJ|46 60 NEVADA ST|NEWARK | NJ|60 NEVADA ST|NEWARK,MSIC_00048,DEV_NJA20150001,NJA20150001,2,final_physical_development,merge_to_review_cluster,not_required,not_approved,FALSE
MSIR_0039,DEV_NJA20159001,60 NEVADA,NJA20159001,2015,2015,75,75,NJ|60 NEVADA ST|NEWARK,MSIC_00048,DEV_NJA20150001,NJA20150001,2,final_physical_development,merge_to_review_cluster,not_required,not_approved,FALSE
MSIR_0040,DEV_NJA20059002,ALLAIRE CROSSING #750,NJA20059002,2005,2005,66,66,NJ|2011 NEW BEDFORD RD|WALL,MSIC_00049,DEV_NJA20059002,NJA20059002,2,final_physical_development,merge_to_review_cluster,not_required,not_approved,FALSE
MSIR_0040,DEV_NJA20059146,"WALL SENIOR CITIZENS HOUSING, LP",NJA20059146,2005,2005,66,66,NJ|2011 NEW BEDFORD RD|WALL | NJ|2011 NEW BEDFORD RD|WALL TOWNSHIP,MSIC_00049,DEV_NJA20059002,NJA20059002,2,final_physical_development,merge_to_review_cluster,not_required,not_approved,FALSE
MSIR_0041,DEV_NJA20060125,ANTIOCH MANOR,NJA20060125,2006,2006,64,64,NJ|1820 VAN BUREN ST|CAMDEN,MSIC_00050,DEV_NJA20060125,NJA20060125,3,final_physical_development,merge_to_review_cluster,not_required,not_approved,FALSE
MSIR_0041,DEV_NJA20069001,ANTIOCH MANOR #723,NJA20069001,2006,2006,64,64,NJ|1820 VAN BUREN ST|CAMDEN,MSIC_00050,DEV_NJA20060125,NJA20060125,3,final_physical_development,merge_to_review_cluster,not_required,not_approved,FALSE
MSIR_0041,DEV_NJA20069034,ANTIOCH MANOR - PHASE I,NJA20069034,2006,2006,64,,NJ|1820 VAN BUREN ST|CAMDEN | NJ|1820 VAN BUREN ST|CAMDEN CITY | NJ|699 FERRY AVE|CAMDEN | NJ|700 FERRY ST|CAMDEN CITY,MSIC_00050,DEV_NJA20060125,NJA20060125,3,final_physical_development,merge_to_review_cluster,not_required,not_approved,FALSE
MSIR_0042,DEV_NJA19990085,ARTISANS MILL RENTAL HOUSING,NJA19990085,1999,1999,31,,NJ|600 ARTISAN ST|TRENTON | NJ|600 ARTISAN ST|TRENTON CITY,MSIC_00051,DEV_NJA19990085,NJA19990085,2,final_physical_development,merge_to_review_cluster,not_required,not_approved,FALSE
MSIR_0042,DEV_NJA19999001,ARTISAN'S MILL #538,NJA19999001,1999,1999,31,31,NJ|600 ARTISAN ST|TRENTON,MSIC_00051,DEV_NJA19990085,NJA19990085,2,final_physical_development,merge_to_review_cluster,not_required,not_approved,FALSE
MSIR_0043,DEV_NJA20080040,BIRCH STREET SUPPORTIVE HOUSING,NJA20080040,2008,2008,15,15,NJ|65 BIRCH ST 17 23 PATERSON AVE|PATERSON | NJ|65 BIRCH ST|PATERSON,MSIC_00052,DEV_NJA20080040,NJA20080040,2,final_physical_development,merge_to_review_cluster,not_required,not_approved,FALSE
MSIR_0043,DEV_NJA20087012,LITC# 06901 - BIRCH STREET SUPPORTIVE HSG,NJA20087012,2008,2008,15,15,NJ|65 BIRCH ST|PATERSON,MSIC_00052,DEV_NJA20080040,NJA20080040,2,final_physical_development,merge_to_review_cluster,not_required,not_approved,FALSE
MSIR_0044,DEV_NJA20120936,BRAMHALL AVENUE APARTMENTS,NJA20120936,2012,2012,85,85,NJ|462 BRAMHALL AVE|JERSEY CITY,MSIC_00053,DEV_NJA20120936,NJA20120936,2,final_physical_development,merge_to_review_cluster,not_required,not_approved,FALSE
MSIR_0044,DEV_NJA20123022,BRAMHALL AVENUE APARTMENTS #520,NJA20123022,2012,2012,85,85,NJ|462 BRAMHALL AVE 478|JERSEY CITY | NJ|462 BRAMHALL AVE|JERSEY CITY | NJ|466 BRAMHALL AVE|JERSEY CITY | NJ|470 BRAMHALL AVE|JERSEY CITY | NJ|474 BRAMHALL AVE|JERSEY CITY | NJ|478 BRAMHALL AVE|JERSEY CITY,MSIC_00053,DEV_NJA20120936,NJA20120936,2,final_physical_development,merge_to_review_cluster,not_required,not_approved,FALSE
MSIR_0045,DEV_NJA20080175,BRIDGETON HOPE VI PHASE V,NJA20080175,2008,2008,23,23,NJ|278 COHANSEY ST|BRIDGETON,MSIC_00054,DEV_NJA20080175,NJA20080175,2,final_physical_development,merge_to_review_cluster,not_required,not_approved,FALSE
MSIR_0045,DEV_NJA20087021,"LITC#06915 BRIDGETON HOPE VI, PHASE V",NJA20087021,2008,2008,23,23,NJ|1 3 EGRET ST|BRIDGETON | NJ|2 EGRET ST|BRIDGETON | NJ|276 COHANSEY ST|BRIDGETON | NJ|278 COHANSEY ST|BRIDGETON | NJ|280 282 COHANSEY ST|BRIDGETON | NJ|284 286 COHANSEY ST|BRIDGETON | NJ|288 290 COHANSEY ST|BRIDGETON | NJ|292 294 COHANSEY ST|BRIDGETON | NJ|296 298 COHANSEY ST|BRIDGETON | NJ|300 302 COHANSEY ST|BRIDGETON | NJ|304 306 COHANSEY ST|BRIDGETON | NJ|4 6 EGRET ST|BRIDGETON | NJ|5 7 EGRET ST|BRIDGETON | NJ|76 LAKEVIEW AVE|BRIDGETON,MSIC_00054,DEV_NJA20080175,NJA20080175,2,final_physical_development,merge_to_review_cluster,not_required,not_approved,FALSE
MSIR_0046,DEV_NJA20195007,CEDAR MEADOW APARTMENTS,NJA20195007,2019,2019,100,100,NJ|1450 RAHWAY AVE|AVENEL,MSIC_00055,DEV_NJA20195007,NJA20195007,3,final_physical_development,merge_to_review_cluster,not_required,not_approved,FALSE
MSIR_0046,DEV_NJA20195008,CEDAR MEADOWS APARTMENTS #1761,NJA20195008,2019,2019,100,100,NJ|1450 RAHWAY AVE|AVENEL,MSIC_00055,DEV_NJA20195007,NJA20195007,3,final_physical_development,merge_to_review_cluster,not_required,not_approved,FALSE
MSIR_0046,DEV_NJA20200010,CEDAR MEADOWS,NJA20200010,2020,2020,100,,NJ|1450 RAHWAY AVE|AVENEL | NJ|1462 RAHWAY AVE|WOODBRIDGE,MSIC_00055,DEV_NJA20195007,NJA20195007,3,final_physical_development,merge_to_review_cluster,not_required,not_approved,FALSE
MSIR_0047,DEV_NJA20170008,DALINA MANOR,NJA20170008,2017,2017,57,57,NJ|113 JAMES ST|WOODBRIDGE TWP,MSIC_00056,DEV_NJA20170008,NJA20170008,2,final_physical_development,merge_to_review_cluster,not_required,not_approved,FALSE
MSIR_0047,DEV_NJA20177019,DALINA MANOR #1516,NJA20177019,2017,2017,57,57,NJ|113 JAMES ST|HOPELAWN | NJ|113 JAMES ST|WOODBRIDGE TWP,MSIC_00056,DEV_NJA20170008,NJA20170008,2,final_physical_development,merge_to_review_cluster,not_required,not_approved,FALSE
MSIR_0048,DEV_NJA20153045,DUFFY SCHOOL,NJA20153045,2015,2015,53,53,NJ|203 225 W 2ND ST|FLORENCE | NJ|225 W 2ND ST|FLORENCE,MSIC_00057,DEV_NJA20153045,NJA20153045,2,final_physical_development,merge_to_review_cluster,not_required,not_approved,FALSE
MSIR_0048,DEV_NJA20159014,DUFFY MANOR AKA DUFFY SCHOOL #1332,NJA20159014,2015,2015,53,53,NJ|225 W 2ND ST|FLORENCE,MSIC_00057,DEV_NJA20153045,NJA20153045,2,final_physical_development,merge_to_review_cluster,not_required,not_approved,FALSE
MSIR_0049,DEV_NJA20120912,ESCHER STREET SRO,NJA20120912,2012,2012,100,100,NJ|50 ESCHER ST|TRENTON | NJ|50 ESCHER ST|TRENTON CITY,MSIC_00058,DEV_NJA20120912,NJA20120912,2,final_physical_development,merge_to_review_cluster,not_required,not_approved,FALSE
MSIR_0049,DEV_NJA20123045,ESCHER STREET SRO #304,NJA20123045,2012,2012,100,100,NJ|50 ESCHER ST|TRENTON,MSIC_00058,DEV_NJA20120912,NJA20120912,2,final_physical_development,merge_to_review_cluster,not_required,not_approved,FALSE
MSIR_0050,DEV_NJA20090030,EWING INDEPENDENT LIVING,NJA20090030,2009,2009,72,72,NJ|1015 WHITEHEAD RD EXT|EWING | NJ|1015 WHITEHEAD RD EXT|EWING TWP | NJ|1015 WHITEHEAD RD EXTENSION|EWING TWP,MSIC_00059,DEV_NJA20090030,NJA20090030,2,final_physical_development,merge_to_review_cluster,not_required,not_approved,FALSE
MSIR_0050,DEV_NJA20096009,EWING INDEPENDENT LIVING LITC#0752,NJA20096009,2009,2009,72,72,NJ|1015 WHITEHEAD RD EXT|EWING,MSIC_00059,DEV_NJA20090030,NJA20090030,2,final_physical_development,merge_to_review_cluster,not_required,not_approved,FALSE
MSIR_0051,DEV_NJA20125004,FERRY SENIOR,NJA20125004,2012,2012,50,,NJ|1801 DAVIS ST|CAMDEN | NJ|2015 FERRY AVE|CAMDEN | NJ|2015 FERRY AVE|CAMDEN CITY,MSIC_00060,DEV_NJA20125004,NJA20125004,2,final_physical_development,merge_to_review_cluster,not_required,not_approved,FALSE
MSIR_0051,DEV_NJA20129027,WHITMAN PARK SENIOR (FERRY SENIOR),NJA20129027,2012,2012,50,50,NJ|2015 FERRY AVE|CAMDEN,MSIC_00060,DEV_NJA20125004,NJA20125004,2,final_physical_development,merge_to_review_cluster,not_required,not_approved,FALSE
MSIR_0052,DEV_NJA20080155,FORREST SENIOR APARTMENTS,NJA20080155,2008,2008,43,43,NJ|376 382 BERGEN AVE|JERSEY CITY,MSIC_00061,DEV_NJA20080155,NJA20080155,2,final_physical_development,merge_to_review_cluster,not_required,not_approved,FALSE
MSIR_0052,DEV_NJA20087017,LITC#06903 FORREST SENIOR APARTMENTS,NJA20087017,2008,2008,43,43,NJ|376 382 BERGEN AVE|JERSEY CITY | NJ|382 BERGEN AVE|JERSEY CITY,MSIC_00061,DEV_NJA20080155,NJA20080155,2,final_physical_development,merge_to_review_cluster,not_required,not_approved,FALSE
MSIR_0053,DEV_NJA20110563,FRANKLIN BOULEVARD COMMONS,NJA20110563,2011,2011,66,66,NJ|727 FRANKLIN BLVD|FRANKLIN TWP | NJ|727 FRANKLIN BLVD|SOMERSET,MSIC_00062,DEV_NJA20110563,NJA20110563,2,final_physical_development,merge_to_review_cluster,not_required,not_approved,FALSE
MSIR_0053,DEV_NJA20119029,FRANKLIN BLVD. COMMONS URBAN RENEWAL ASSOC.,NJA20119029,2011,2011,66,66,NJ|727 FRANKLIN BLVD|SOMERSET,MSIC_00062,DEV_NJA20110563,NJA20110563,2,final_physical_development,merge_to_review_cluster,not_required,not_approved,FALSE
MSIR_0053,DEV_NJA20110082,PARKSIDE FAMILY HOUSING,NJA20110082,2011,2011,70,70,NJ|10 PARKSIDE ST|SOMERSET | NJ|101 CHESTER ST|SOMERSET | NJ|105 CHESTER ST|SOMERSET | NJ|109 CHESTER ST|SOMERSET | NJ|131 MARK ST|SOMERSET | NJ|132 VICTOR ST|SOMERSET | NJ|133 MARK ST|SOMERSET | NJ|134 VICTOR ST|SOMERSET | NJ|135 MARK ST|SOMERSET | NJ|136 VICTOR ST|SOMERSET | NJ|137 MARK ST|SOMERSET | NJ|138 VICTOR ST|SOMERSET | NJ|139 MARK ST|SOMERSET | NJ|14 PARKSIDE ST|SOMERSET | NJ|140 VICTOR ST|SOMERSET | NJ|141 MARK ST|SOMERSET | NJ|142 VICTOR ST|SOMERSET | NJ|143 MARK ST|SOMERSET | NJ|144 VICTOR ST|SOMERSET | NJ|145 MARK ST|SOMERSET | NJ|146 VICTOR ST|SOMERSET | NJ|147 MARK ST|SOMERSET | NJ|148 VICTOR ST|SOMERSET | NJ|161 MINETTA RD|SOMERSET | NJ|164 MINETTA RD|SOMERSET | NJ|18 PARKSIDE ST|SOMERSET | NJ|2 PARKSIDE ST|SOMERSET | NJ|22 PARKSIDE ST|SOMERSET | NJ|26 PARKSIDE ST|SOMERSET | NJ|30 PARKSIDE ST|SOMERSET | NJ|31 FULLER ST|SOMERSET | NJ|33 FULLER ST|SOMERSET | NJ|34 PARKSIDE ST|SOMERSET | NJ|38 PARKSIDE ST|SOMERSET | NJ|6 PARKSIDE ST|SOMERSET | NJ|727 FRANKLIN BLVD|SOMERSET,MSIC_00063,DEV_NJA20110082,NJA20110082,1,final_physical_development,retain_current_development,not_required,not_approved,FALSE
MSIR_0054,DEV_NJA20090040,FRANKLIN SENIOR,NJA20090040,2009,2009,94,94,NJ|1 MILL ST|FRANKLIN,MSIC_00064,DEV_NJA20090040,NJA20090040,2,final_physical_development,merge_to_review_cluster,not_required,not_approved,FALSE
MSIR_0054,DEV_NJA20096015,LITC#0755 FRANKLIN SENIOR HOUSING,NJA20096015,2009,2009,94,,NJ|1 MILL ST STE 107|FRANKLIN | NJ|1 MILL ST|FRANKLIN,MSIC_00064,DEV_NJA20090040,NJA20090040,2,final_physical_development,merge_to_review_cluster,not_required,not_approved,FALSE
MSIR_0055,DEV_NJA20120906,GARFIELD SENIOR HOUSING PROGRAM,NJA20120906,2012,2012,36,36,NJ|15 COMMERCE ST|GARFIELD | NJ|15 COMMERCE ST|GARFIELD CITY,MSIC_00065,DEV_NJA20120906,NJA20120906,2,final_physical_development,merge_to_review_cluster,not_required,not_approved,FALSE
MSIR_0055,DEV_NJA20123050,GARFIELD SENIOR HOUSING #471,NJA20123050,2012,2012,36,36,NJ|15 COMMERCE ST|GARFIELD,MSIC_00065,DEV_NJA20120906,NJA20120906,2,final_physical_development,merge_to_review_cluster,not_required,not_approved,FALSE
MSIR_0056,DEV_NJA20180003,HILLTOP APARTMENTS,NJA20180003,2018,2018,113,113,NJ|280 PARK AVE|IRVINGTON | NJ|280 PARK PL|IRVINGTON | NJ|832 CHANCELLOR AVE|IRVINGTON,MSIC_00066,DEV_NJA20180003,NJA20180003,2,final_physical_development,merge_to_review_cluster,not_required,not_approved,FALSE
MSIR_0056,DEV_NJA20186015,HILLTOP APARTMENTS - LITC# 1514,NJA20186015,2018,2018,113,113,NJ|280 PARK PL|IRVINGTON,MSIC_00066,DEV_NJA20180003,NJA20180003,2,final_physical_development,merge_to_review_cluster,not_required,not_approved,FALSE
MSIR_0056,DEV_NJA20221013,HILLTOP SENIOR LITC #2016,NJA20221013,2022,2022,95,95,NJ|280 PARK PL BLDG 2|IRVINGTON | NJ|280 PARK PL|IRVINGTON,MSIC_00067,DEV_NJA20221013,NJA20221013,1,final_physical_development,retain_current_development,not_required,not_approved,FALSE
MSIR_0057,DEV_NJA20123062,HOBOKEN YMCA #07912,NJA20123062,2012,2012,96,96,NJ|1301 WASHINGTON ST|HOBOKEN,MSIC_00068,DEV_NJA20123062,NJA20123062,3,final_physical_development,merge_to_review_cluster,not_required,not_approved,FALSE
MSIR_0057,DEV_NJA20125007,HOBOKEN YMCA,NJA20125007,2012,2012,96,96,NJ|1301 WASHINGTON ST|HOBOKEN | NJ|1301 WASHINGTON ST|HOBOKEN CITY,MSIC_00068,DEV_NJA20123062,NJA20123062,3,final_physical_development,merge_to_review_cluster,not_required,not_approved,FALSE
MSIR_0057,DEV_NJA20129018,HOBOKEN NORTH HUDSON YMCA,NJA20129018,2012,2012,96,96,NJ|1301 WASHINGTON ST|HOBOKEN,MSIC_00068,DEV_NJA20123062,NJA20123062,3,final_physical_development,merge_to_review_cluster,not_required,not_approved,FALSE
MSIR_0058,DEV_NJA20120879,LINCOLN HILL VILLAGE,NJA20120879,2012,2012,50,50,NJ|15 LINCOLN AVE|WEST MILFORD TWP,MSIC_00069,DEV_NJA20120879,NJA20120879,2,final_physical_development,merge_to_review_cluster,not_required,not_approved,FALSE
MSIR_0058,DEV_NJA20123080,LINCOLN HILL VILLAGE #647,NJA20123080,2012,2012,50,50,NJ|15 LINCOLN AVE|WEST MILFORD | NJ|15 LINCOLN AVE|WEST MILFORD TWP,MSIC_00069,DEV_NJA20120879,NJA20120879,2,final_physical_development,merge_to_review_cluster,not_required,not_approved,FALSE
MSIR_0059,DEV_NJA20050185,MOUNT HOLLY SENIOR,NJA20050185,2005,2005,29,29,NJ|256 CLIFTON AVE|MT HOLLY,MSIC_00070,DEV_NJA20050185,NJA20050185,2,final_physical_development,merge_to_review_cluster,not_required,not_approved,FALSE
MSIR_0059,DEV_NJA20069819,LITC#05909 MOUNT HOLLY SENIOR,NJA20069819,2006,2006,29,29,NJ|256 CLIFTON AVE|MOUNT HOLLY | NJ|256 CLIFTON AVE|MT HOLLY,MSIC_00070,DEV_NJA20050185,NJA20050185,2,final_physical_development,merge_to_review_cluster,not_required,not_approved,FALSE
MSIR_0060,DEV_NJA20070185,PATRIOT VILLAGE,NJA20070185,2007,2007,36,36,NJ|350 362 PENNINGTON AVE|TRENTON | NJ|350 362 PENNINGTON AVE|TRENTON CITY | NJ|350 PENNINGTON AVE|TRENTON CITY,MSIC_00071,DEV_NJA20070185,NJA20070185,2,final_physical_development,merge_to_review_cluster,not_required,not_approved,FALSE
MSIR_0060,DEV_NJA20078015,LITC#05915 PATRIOT VILLAGE,NJA20078015,2007,2007,36,36,NJ|350 362 PENNINGTON AVE|TRENTON,MSIC_00071,DEV_NJA20070185,NJA20070185,2,final_physical_development,merge_to_review_cluster,not_required,not_approved,FALSE
MSIR_0061,DEV_NJA20231016,NEWCOMB SENIOR APARTMENTS URBAN RENEWAL LLC,NJA20231016,2023,2023,65,65,NJ|1035 E ALMOND ST|VINELAND | NJ|66 S STATE ST|VINELAND,MSIC_00072,DEV_NJA20231016,NJA20231016,1,final_physical_development,retain_current_development,not_required,not_approved,FALSE
MSIR_0061,DEV_NJA20240017,NEWCOMB SENIOR APARTMENTS PHASE 2 #2015,NJA20240017,2024,2024,70,70,NJ|1035 E ALMOND ST|VINELAND,MSIC_00073,DEV_NJA20240017,NJA20240017,2,final_physical_development,merge_to_review_cluster,not_required,not_approved,FALSE
MSIR_0061,DEV_NJA20240018,NEWCOMB SENIOR APTS. PHASE 2 #2015,NJA20240018,2024,2024,70,70,NJ|1035 E ALMOND ST|VINELAND | NJ|925 ELANDIS AVE SUITE E|VINELAND,MSIC_00073,DEV_NJA20240017,NJA20240017,2,final_physical_development,merge_to_review_cluster,not_required,not_approved,FALSE
MSIR_0062,DEV_NJA20120857,PADUA COURT,NJA20120857,2012,2012,38,38,NJ|350 6TH ST|JERSEY CITY | NJ|350 SIXTH ST|JERSEY CITY,MSIC_00074,DEV_NJA20120857,NJA20120857,2,final_physical_development,merge_to_review_cluster,not_required,not_approved,FALSE
MSIR_0062,DEV_NJA20123102,PADUA COURT #409,NJA20123102,2012,2012,38,38,NJ|350 SIXTH ST|JERSEY CITY,MSIC_00074,DEV_NJA20120857,NJA20120857,2,final_physical_development,merge_to_review_cluster,not_required,not_approved,FALSE
MSIR_0063,DEV_NJA19980150,PAVILLION AT LUFTMAN TOWERS,NJA19980150,1998,1998,60,60,NJ|43 HURLEYS LN|LINCROFT,MSIC_00075,DEV_NJA19980150,NJA19980150,2,final_physical_development,merge_to_review_cluster,not_required,not_approved,FALSE
MSIR_0063,DEV_NJA19989006,PAVILLION AT LUFTMAN,NJA19989006,1998,1998,60,60,NJ|43 HURLEY S LN|LINCROFT | NJ|43 HURLEYS LN|LINCROFT,MSIC_00075,DEV_NJA19980150,NJA19980150,2,final_physical_development,merge_to_review_cluster,not_required,not_approved,FALSE
MSIR_0064,DEV_NJA20100090,PROVIDENCE SQUARE II,NJA20100090,2010,2010,53,53,NJ|55 HARVEY ST|NEW BRUNSWICK | NJ|55 HARVEY ST|NEW BRUNSWICK CITY,MSIC_00076,DEV_NJA20100090,NJA20100090,3,final_physical_development,merge_to_review_cluster,not_required,not_approved,FALSE
MSIR_0064,DEV_NJA20105021,PROVIDENCE SQUARE II  #0907,NJA20105021,2010,2010,53,53,NJ|55 HARVEY ST|NEW BRUNSWICK,MSIC_00076,DEV_NJA20100090,NJA20100090,3,final_physical_development,merge_to_review_cluster,not_required,not_approved,FALSE
MSIR_0064,DEV_NJA20105022,PROVIDENCE SQUARE II LITC #0907,NJA20105022,2010,2010,53,53,NJ|55 HARVEY ST|NEW BRUNSWICK,MSIC_00076,DEV_NJA20100090,NJA20100090,3,final_physical_development,merge_to_review_cluster,not_required,not_approved,FALSE
MSIR_0065,DEV_NJA20039073,RIVER ROAD RESIDENCE #610,NJA20039073,2003,2003,100,100,NJ|45 RIVER DR|PASSAIC,MSIC_00077,DEV_NJA20039073,NJA20039073,3,final_physical_development,merge_to_review_cluster,not_required,not_approved,FALSE
MSIR_0065,DEV_NJA20120846,RIVER DRIVE RESIDENCE,NJA20120846,2012,2012,100,100,NJ|45 RIVER DR|PASSAIC | NJ|45 RIVER DR|PASSAIC CITY,MSIC_00077,DEV_NJA20039073,NJA20039073,3,final_physical_development,merge_to_review_cluster,not_required,not_approved,FALSE
MSIR_0065,DEV_NJA20123114,RIVER DRIVE RESIDENCE #610,NJA20123114,2012,2012,100,100,NJ|45 RIVER DR|PASSAIC,MSIC_00077,DEV_NJA20039073,NJA20039073,3,final_physical_development,merge_to_review_cluster,not_required,not_approved,FALSE
MSIR_0066,DEV_NJA20120804,SIERRA GARDENS,NJA20120804,2012,2012,33,33,NJ|138 MADISON AVE|ELIZABETH CITY | NJ|144 MADISON AVE|ELIZABETH | NJ|144 MADISON AVE|ELIZABETH CITY,MSIC_00078,DEV_NJA20120804,NJA20120804,2,final_physical_development,merge_to_review_cluster,not_required,not_approved,FALSE
MSIR_0066,DEV_NJA20123162,YMCA SIERRA GARDENS #656,NJA20123162,2012,2012,33,33,NJ|144 MADISON AVE|ELIZABETH,MSIC_00078,DEV_NJA20120804,NJA20120804,2,final_physical_development,merge_to_review_cluster,not_required,not_approved,FALSE
MSIR_0067,DEV_NJA19980165,STEPPING STONES COMMONS,NJA19980165,1998,1998,64,64,NJ|27 N CLINTON AVE|TRENTON | NJ|27 N CLINTON AVE|TRENTON CITY,MSIC_00079,DEV_NJA19980165,NJA19980165,2,final_physical_development,merge_to_review_cluster,not_required,not_approved,FALSE
MSIR_0067,DEV_NJA19989011,STEPPING STONES COMMONS #504,NJA19989011,1998,1998,64,64,NJ|27 N CLINTON AVE|TRENTON,MSIC_00079,DEV_NJA19980165,NJA19980165,2,final_physical_development,merge_to_review_cluster,not_required,not_approved,FALSE
MSIR_0068,DEV_NJA19969012,STEVENS AVENUE PROJECT,NJA19969012,1996,1996,16,16,NJ|78 STEVENS AVE|JERSEY CITY,MSIC_00080,DEV_NJA19969012,NJA19969012,3,final_physical_development,merge_to_review_cluster,not_required,not_approved,FALSE
MSIR_0068,DEV_NJA20120830,STEVENS AVE PROJECT,NJA20120830,2012,2012,16,16,NJ|78 STEVENS AVE|JERSEY CITY,MSIC_00080,DEV_NJA19969012,NJA19969012,3,final_physical_development,merge_to_review_cluster,not_required,not_approved,FALSE
MSIR_0068,DEV_NJA20123130,STEVENS AVE. PROJECT #392,NJA20123130,2012,2012,16,16,NJ|78 STEVENS AVE 80|JERSEY CITY | NJ|78 STEVENS AVE|JERSEY CITY,MSIC_00080,DEV_NJA19969012,NJA19969012,3,final_physical_development,merge_to_review_cluster,not_required,not_approved,FALSE
MSIR_0069,DEV_NJA19970110,WEEHAWKEN SENIOR HOUSING,NJA19970110,1997,1997,28,,NJ|2 4 POTTER PL|WEEHAWKEN | NJ|2 POTTER PL|WEEHAWKEN | NJ|2 POTTER PL|WEEHAWKEN TWP | NJ|43500 POTTER PL|WEEHAWKEN | NJ|43500 POTTER PL|WEEHAWKEN TWP,MSIC_00081,DEV_NJA19970110,NJA19970110,2,final_physical_development,merge_to_review_cluster,not_required,not_approved,FALSE
MSIR_0069,DEV_NJA19979066,WEEHAWKEN SENIOR HOUSING #499,NJA19979066,1997,1997,28,28,NJ|2 4 POTTER PL|WEEHAWKEN,MSIC_00081,DEV_NJA19970110,NJA19970110,2,final_physical_development,merge_to_review_cluster,not_required,not_approved,FALSE
MSIR_0070,DEV_NJA20120806,WYNDHURST AT PLAINSBORO,NJA20120806,2012,2012,126,126,NJ|900 WYNDHURST DR|PLAINSBORO | NJ|900 WYNDHURST DR|PLAINSBORO TWP,MSIC_00082,DEV_NJA20120806,NJA20120806,2,final_physical_development,merge_to_review_cluster,not_required,not_approved,FALSE
MSIR_0070,DEV_NJA20123160,WYNDHURST AT PLAINSBORO -#259,NJA20123160,2012,2012,126,126,NJ|900 WYNDHURST DR|PLAINSBORO,MSIC_00082,DEV_NJA20120806,NJA20120806,2,final_physical_development,merge_to_review_cluster,not_required,not_approved,FALSE
MSIR_0071,DEV_NVA20110010,CORONADO DR APTS,NVA20110010,2011,2011,60,60,NV|500 N MAJOR AVE|HENDERSON,MSIC_00083,DEV_NVA20110010,NVA20110010,2,final_physical_development,merge_to_review_cluster,not_required,not_approved,FALSE
MSIR_0071,DEV_NVA20114001,CORONADO DRIVE APARTMENTS,NVA20114001,2011,2011,60,60,NV|500 N MAJOR AVE|HENDERSON | NV|CORNER OF CORONADO AND|HENDERSON,MSIC_00083,DEV_NVA20110010,NVA20110010,2,final_physical_development,merge_to_review_cluster,not_required,not_approved,FALSE
MSIR_0072,DEV_NVA20020015,FOURTH STREET I,NVA20020015,2002,2002,20,20,NV|801 E FOURTH ST|RENO,MSIC_00084,DEV_NVA20020015,NVA20020015,1,final_physical_development,retain_current_development,not_required,not_approved,FALSE
MSIR_0072,DEV_NVA20020020,FOURTH STREET II,NVA20020020,2002,2002,30,30,NV|801 E FOURTH ST|RENO,MSIC_00085,DEV_NVA20020020,NVA20020020,1,final_physical_development,retain_current_development,not_required,not_approved,FALSE
MSIR_0072,DEV_NVA20029004,FOURTH STREET PROJECT II,NVA20029004,2002,2002,30,30,NV|450 N WELLS AVE|RENO | NV|801 E FOURTH ST|RENO,MSIC_00086,DEV_NVA20029004,NVA20029004,1,final_physical_development,retain_current_development,not_required,not_approved,FALSE
MSIR_0072,DEV_NVA20190011,PLAZA AT 4TH STREET,NVA20190011,2019,2019,73,73,NV|450 N WELLS AVE|RENO,MSIC_00087,DEV_NVA20190011,NVA20190011,1,final_physical_development,retain_current_development,not_required,not_approved,FALSE
MSIR_0073,DEV_NVA19980075,WILLOWBROOK APTS III,NVA19980075,1998,1998,20,20,NV|1648 MIDAS DR|WINNEMUCCA,MSIC_00088,DEV_NVA19980075,NVA19980075,2,final_physical_development,merge_to_review_cluster,not_required,not_approved,FALSE
MSIR_0073,DEV_NVA19989009,WILLOWBROOK III APARTMENTS,NVA19989009,1998,1998,20,20,NV|1648 MIDAS DR BLDG 4|WINNEMUCCA | NV|1648 MIDAS DR BLDG A|WINNEMUCCA | NV|1648 MIDAS DR BLDG C|WINNEMUCCA | NV|1648 MIDAS DR BLDG F|WINNEMUCCA | NV|1648 MIDAS DR|WINNEMUCCA | NV|1648 MIDAS|WINNEMUCCA,MSIC_00088,DEV_NVA19980075,NVA19980075,2,final_physical_development,merge_to_review_cluster,not_required,not_approved,FALSE
MSIR_0074,DEV_NYC20090008,1405 FIFTH AVE APTS,NYC20090008,2009,2009,81,81,NY|1405 FIFTH AVE|NEW YORK,MSIC_00089,DEV_NYC20090008,NYC20090008,2,final_physical_development,merge_to_review_cluster,not_required,not_approved,FALSE
MSIR_0074,DEV_NYC20097002,1405 FIFTH AVENUE,NYC20097002,2009,2009,81,81,NY|1405 5TH AVE|NEW YORK | NY|1405 FIFTH AVE|NEW YORK | NY|3 E 115TH ST|NEW YORK | NY|6 E 116TH ST|NEW YORK,MSIC_00089,DEV_NYC20090008,NYC20090008,2,final_physical_development,merge_to_review_cluster,not_required,not_approved,FALSE
MSIR_0075,DEV_NYC20090317,BEACON,NYC20090317,2009,2009,168,168,NY|54 BRISTOL ST|BROOKLYN,MSIC_00090,DEV_NYC20090317,NYC20090317,2,final_physical_development,merge_to_review_cluster,not_required,not_approved,FALSE
MSIR_0075,DEV_NYC20090815,BRISTOL HOPKINSON LLC,NYC20090815,2009,2009,168,168,NY|445 HOPKINSON AVE|BROOKLYN | NY|54 BRISTOL ST|BROOKLYN,MSIC_00090,DEV_NYC20090317,NYC20090317,2,final_physical_development,merge_to_review_cluster,not_required,not_approved,FALSE
MSIR_0076,DEV_NYC20090320,CIENA,NYC20090320,2009,2009,81,81,NY|314 E 100TH ST|NEW YORK,MSIC_00091,DEV_NYC20090320,NYC20090320,2,final_physical_development,merge_to_review_cluster,not_required,not_approved,FALSE
MSIR_0076,DEV_NYC20110823,HOBBS CIENA APTS,NYC20110823,2011,2011,81,81,NY|305 E 102ND ST|NEW YORK | NY|314 E 100TH ST|NEW YORK | NY|315 E 102ND ST|NEW YORK,MSIC_00091,DEV_NYC20090320,NYC20090320,2,final_physical_development,merge_to_review_cluster,not_required,not_approved,FALSE
MSIR_0076,DEV_NYC20110822,HOBBS COURT,NYC20110822,2011,2011,884,884,NY|315 E 102ND ST|NEW YORK,MSIC_00092,DEV_NYC20110822,NYC20110822,1,final_physical_development,retain_current_development,not_required,not_approved,FALSE
MSIR_0076,DEV_NYC20110841,HOBBS CIENA APARTMENTS,NYC20110841,2011,2011,340,340,NY|314 E 100TH ST|NEW YORK | NY|315 E 102ND ST|NEW YORK,MSIC_00093,NOT_APPLICABLE_NONPHYSICAL_UMBRELLA,NOT_APPLICABLE,1,nonphysical_financing_umbrella_requires_bridge,retain_for_episode_to_property_bridge,required_unresolved,not_approved,FALSE
MSIR_0077,DEV_NYC20100065,CONCORD COURT & SEASIDE PLAZA APTS,NYC20100065,2010,2010,430,430,NY|18 FATHER CAPODANNO BLVD|STATEN ISLAND,MSIC_00094,DEV_NYC20100065,NYC20100065,2,final_physical_development,merge_to_review_cluster,not_required,not_approved,FALSE
MSIR_0077,DEV_NYC20110843,SEASIDE CONCORD APARTMENTS,NYC20110843,2011,2011,430,430,NY|18 FATHER CAPODANNO BLVD|STATEN ISLAND | NY|20 FATHER CAPODANNO BLVD|STATEN ISLAND | NY|55 BOWEN ST|STATEN ISLAND,MSIC_00094,DEV_NYC20100065,NYC20100065,2,final_physical_development,merge_to_review_cluster,not_required,not_approved,FALSE
MSIR_0078,DEV_NYC20060009,"COURTLANDT AVENUE ASSOCIATES, LP",NYC20060009,2006,2006,167,167,NY|303 E 158TH ST|BRONX | NY|320 E 159TH ST|BRONX,MSIC_00095,DEV_NYC20060009,NYC20060009,2,final_physical_development,merge_to_review_cluster,not_required,not_approved,FALSE
MSIR_0078,DEV_NYC20060806,COURTLANDT AVENUE APTS,NYC20060806,2006,2006,167,167,NY|320 E 159TH ST|BRONX,MSIC_00095,DEV_NYC20060009,NYC20060009,2,final_physical_development,merge_to_review_cluster,not_required,not_approved,FALSE
MSIR_0079,DEV_NYC20070170,OGDEN AVENUE APTS II,NYC20070170,2007,2007,59,59,NY|1457 OGDEN AVE|BRONX,MSIC_00096,DEV_NYC20070170,NYC20070170,2,final_physical_development,merge_to_review_cluster,not_required,not_approved,FALSE
MSIR_0079,DEV_NYC20070813,CROSS BRONX LP,NYC20070813,2007,2007,59,59,NY|1457 1471 OGDEN AVE|BRONX | NY|1457 OGDEN AVE|BRONX,MSIC_00096,DEV_NYC20070170,NYC20070170,2,final_physical_development,merge_to_review_cluster,not_required,not_approved,FALSE
MSIR_0080,DEV_NYC20120050,GATEWAY ELTON STREET PHASE I,NYC20120050,2012,2012,197,197,NY|1149 ELTON ST|BROOKLYN,MSIC_00097,DEV_NYC20120050,NYC20120050,2,final_physical_development,merge_to_review_cluster,not_required,not_approved,FALSE
MSIR_0080,DEV_NYC20120854,GATEWAY ELTON,NYC20120854,2012,2012,197,197,NY|1149 ELTON ST|BROOKLYN | NY|1152 ELTON ST|BROOKLYN | NY|1165 ELTON ST|BROOKLYN | NY|1166 ELTON ST|BROOKLYN,MSIC_00097,DEV_NYC20120050,NYC20120050,2,final_physical_development,merge_to_review_cluster,not_required,not_approved,FALSE
MSIR_0081,DEV_NYC20070245,PLAZA RESIDENCES I,NYC20070245,2007,2007,66,66,NY|37 NEW LOTS AVE|BROOKLYN,MSIC_00098,DEV_NYC20070245,NYC20070245,2,final_physical_development,merge_to_review_cluster,not_required,not_approved,FALSE
MSIR_0081,DEV_NYC20080812,PLAZA RESIDENCES,NYC20080812,2008,2008,385,385,NY|23 25 NEW LOTS AVE|BROOKLYN | NY|230 232 LOTT AVE|BROOKLYN | NY|240 242 LOTT AVE|BROOKLYN | NY|250 252 LOTT AVE|BROOKLYN | NY|37 NEW LOTS AVE|BROOKLYN,MSIC_00098,DEV_NYC20070245,NYC20070245,2,final_physical_development,merge_to_review_cluster,not_required,not_approved,FALSE
MSIR_0082,DEV_NYC20120130,PRC WESTCHESTER AVENUE,NYC20120130,2012,2012,409,409,NY|985 SIMPSON ST|BRONX,MSIC_00099,DEV_NYC20120130,NYC20120130,2,final_physical_development,merge_to_review_cluster,not_required,not_approved,FALSE
MSIR_0082,DEV_NYC20120849,PRC WESTCHESTER,NYC20120849,2012,2012,409,409,NY|1000 SIMPSON ST|BRONX | NY|1075 LONGFELLOW AVE|BRONX | NY|1076 FAILE ST|BRONX | NY|1083 LONGFELLOW AVE|BRONX | NY|1240 WESTCHESTER AVE|BRONX | NY|975 SIMPSON ST|BRONX | NY|985 SIMPSON ST|BRONX | NY|995 SIMPSON ST|BRONX,MSIC_00099,DEV_NYC20120130,NYC20120130,2,final_physical_development,merge_to_review_cluster,not_required,not_approved,FALSE
MSIR_0083,DEV_NYC20080235,RIVERROCK APTS,NYC20080235,2008,2008,54,54,NY|774 ROCKAWAY AVE|BROOKLYN | NY|782 ROCKAWAY AVE|BROOKLYN,MSIC_00100,DEV_NYC20080235,NYC20080235,2,final_physical_development,merge_to_review_cluster,not_required,not_approved,FALSE
MSIR_0083,DEV_NYC20100833,RIVER ROCK LLC,NYC20100833,2010,2010,54,54,NY|774 ROCKAWAY AVE|BROOKLYN,MSIC_00100,DEV_NYC20080235,NYC20080235,2,final_physical_development,merge_to_review_cluster,not_required,not_approved,FALSE
MSIR_0084,DEV_NYC20100347,WEST 135TH STREET APTS,NYC20100347,2010,2010,198,198,NY|107 W 135TH ST|NEW YORK,MSIC_00101,DEV_NYC20100347,NYC20100347,2,final_physical_development,merge_to_review_cluster,not_required,not_approved,FALSE
MSIR_0084,DEV_NYC20100482,"WEST 135 STREET APARTMENTS, LLC",NYC20100482,2010,2010,198,198,NY|107 9 W 135TH ST|NEW YORK | NY|107 W 135TH ST|NEW YORK | NY|111 W 135TH ST|NEW YORK | NY|115 W 135TH ST|NEW YORK | NY|119 W 135TH ST|NEW YORK | NY|123 W 135TH ST|NEW YORK | NY|127 W 135TH ST|NEW YORK | NY|131 W 135TH ST|NEW YORK | NY|135 W 135TH ST|NEW YORK | NY|139 W 135TH ST|NEW YORK | NY|145 W 135TH ST|NEW YORK,MSIC_00101,DEV_NYC20100347,NYC20100347,2,final_physical_development,merge_to_review_cluster,not_required,not_approved,FALSE
MSIR_0085,DEV_OKA20160022,WILLOW GARDENS,OKA20160022,2016,2016,47,47,OK|400 ALEDO DR|BARTLESVILLE | OK|401 ALEDO DR|BARTLESVILLE | OK|402 ALEDO DR|BARTLESVILLE | OK|403 ALEDO DR|BARTLESVILLE | OK|404 ALEDO DR|BARTLESVILLE | OK|405 ALEDO DR|BARTLESVILLE | OK|406 ALEDO DR|BARTLESVILLE | OK|407 ALEDO DR|BARTLESVILLE | OK|409 ALEDO DR|BARTLESVILLE | OK|411 ALEDO DR|BARTLESVILLE | OK|413 ALEDO DR|BARTLESVILLE | OK|415 ALEDO DR|BARTLESVILLE | OK|417 ALEDO DR|BARTLESVILLE | OK|419 ALEDO DR|BARTLESVILLE | OK|421 ALEDO DR|BARTLESVILLE | OK|423 ALEDO DR|BARTLESVILLE | OK|425 ALEDO DR|BARTLESVILLE | OK|427 ALEDO DR|BARTLESVILLE | OK|500 LARCHMONT DR|BARTLESVILLE | OK|501 CUMBERLAND DR|BARTLESVILLE | OK|501 LARCHMONT DR|BARTLESVILLE | OK|502 LARCHMONT DR|BARTLESVILLE | OK|503 CUMBERLAND DR|BARTLESVILLE | OK|503 LARCHMONT DR|BARTLESVILLE | OK|504 LARCHMONT DR|BARTLESVILLE | OK|505 CUMBERLAND DR|BARTLESVILLE | OK|505 LARCHMONT DR|BARTLESVILLE | OK|506 LARCHMONT DR|BARTLESVILLE | OK|507 CUMBERLAND DR|BARTLESVILLE | OK|507 LARCHMONT DR|BARTLESVILLE | OK|508 LARCHMONT DR|BARTLESVILLE | OK|509 CUMBERLAND DR|BARTLESVILLE | OK|509 LARCHMONT DR|BARTLESVILLE | OK|510 LARCHMONT DR|BARTLESVILLE | OK|511 CUMBERLAND DR|BARTLESVILLE | OK|511 LARCHMONT DR|BARTLESVILLE | OK|512 LARCHMONT DR|BARTLESVILLE | OK|513 CUMBERLAND DR|BARTLESVILLE | OK|513 LARCHMONT DR|BARTLESVILLE | OK|514 LARCHMONT DR|BARTLESVILLE | OK|515 CUMBERLAND DR|BARTLESVILLE | OK|515 LARCHMONT DR|BARTLESVILLE | OK|517 CUMBERLAND DR|BARTLESVILLE | OK|517 LARCHMONT DR|BARTLESVILLE | OK|519 LARCHMONT DR|BARTLESVILLE | OK|521 LARCHMONT DR|BARTLESVILLE | OK|523 LARCHMONT DR|BARTLESVILLE | OK|606 HIGHLAND DR|BARTLESVILLE,MSIC_00102,DEV_OKA20160022,OKA20160022,2,final_physical_development,merge_to_review_cluster,not_required,not_approved,FALSE
MSIR_0085,DEV_OKA20167566,WILLOW GARDEN APTS,OKA20167566,2016,2016,47,47,OK|401 ALEDO DR|BARTLESVILLE,MSIC_00102,DEV_OKA20160022,OKA20160022,2,final_physical_development,merge_to_review_cluster,not_required,not_approved,FALSE
MSIR_0086,DEV_SCA20170009,SUMTER SENIOR APARTMENTS M15-SG450997,SCA20170009,2017,2017,30,30,SC|411 W LIBERTY ST|SUMTER,MSIC_00103,DEV_SCA20170009,SCA20170009,2,final_physical_development,merge_to_review_cluster,not_required,not_approved,FALSE
MSIR_0086,DEV_SCA20173019,SUMTER SENIOR APARTMENTS,SCA20173019,2017,2017,30,30,SC|405 W LIBERTY ST|SUMTER | SC|411 W LIBERTY ST|SUMTER,MSIC_00103,DEV_SCA20170009,SCA20170009,2,final_physical_development,merge_to_review_cluster,not_required,not_approved,FALSE
MSIR_0087,DEV_WAA20120818,"WW - JEFFERSON, THE",WAA20120818,2012,2012,40,40,WA|1206 E JEFFERSON ST|SEATTLE | WA|219 223 PONTIUS AVE N|SEATTLE | WA|685 NE TERRE VIEW DR|PULLMAN,MSIC_00104,DEV_WAA20120818,WAA20120818,1,final_physical_development,retain_current_development,not_required,not_approved,FALSE
MSIR_0087,DEV_WAA20130036,WILLIAMS APTS,WAA20130036,2013,2013,84,84,WA|219 223 PONTIUS AVE N|SEATTLE | WA|223 PONTIUS AVE N|SEATTLE,MSIC_00105,DEV_WAA20130036,WAA20130036,2,final_physical_development,merge_to_review_cluster,not_required,not_approved,FALSE
MSIR_0087,DEV_WAA20134034,WILLIAMS APARTMENTS,WAA20134034,2013,2013,84,84,WA|219 223 PONTIUS AVE N|SEATTLE,MSIC_00105,DEV_WAA20130036,WAA20130036,2,final_physical_development,merge_to_review_cluster,not_required,not_approved,FALSE
