mixed_site_question_id,candidate_signal_class,development_ids,development_names,development_anchor_hud_ids,first_pis_year_examples,episode_unit_max_examples,shared_site_key_examples,review_origin,first_read_reviewed_on,outside_read_reviewed_on,final_reviewed_on,n_members,first_read_n_clusters,n_clusters,n_physical_development_clusters,n_nonphysical_umbrella_clusters,first_read_identity_decision,final_identity_decision,first_read_reason_code,final_reason_code,outside_discovery_method,outside_discovery_url,outside_source_member_count,outside_source_title,outside_source_type,outside_source_url,outside_address_agreement,outside_identity_assessment,episode_to_property_bridge_status,shared_geocoding_query_decision,source_rows_changed
MSIR_0001,moderate_identity_evidence,DEV_AKA19960020 | DEV_AKA19969001,HILLPOINT PARK | HILLPOINT PARK APPARTMENTS,AKA19960020 | AKA19969001,1996,24,AK|315 BARROW ST|ANCHORAGE,new_two_read_review,2026-08-11,2026-08-11,2026-08-11,2,1,1,1,0,merge_all,merge_all,duplicate_source_records_same_physical_development,duplicate_source_records_same_physical_development,public_directory_sitemap,https://section8search.org/sitemap.xml,2,Section8Search direct pages for listed members,public_housing_directory,https://section8search.org/alaska/anchorage/hillpoint-park/vj1fxhrlxbmikjqbntt675jr | https://section8search.org/alaska/ancorage/hillpoint-park-appartments/k33wx5xyp5ybeqwre2tphio0,corroborates_published_names_units_and_addresses,corroborates_internal_identity_read,not_required,not_approved,FALSE
MSIR_0002,moderate_identity_evidence,DEV_AKA19940005 | DEV_AKA19949001,LOUSSAC SOGN SRO | LOUSSAC-SOGN,AKA19940005 | AKA19949001,1994,52,AK|429 D ST|ANCHORAGE,new_two_read_review,2026-08-11,2026-08-11,2026-08-11,2,1,1,1,0,merge_all,merge_all,duplicate_source_records_same_physical_development,duplicate_source_records_same_physical_development,public_directory_sitemap,https://section8search.org/sitemap.xml,2,Section8Search direct pages for listed members,public_housing_directory,https://section8search.org/alaska/anchorage/loussac-sogn-sro/sabl03cn77shfssek8uqgvdt | https://section8search.org/alaska/anchorage/loussacsogn/d7gutu2up13wrxdkwml6pupo,corroborates_published_names_units_and_addresses,corroborates_internal_identity_read,not_required,not_approved,FALSE
MSIR_0003,moderate_identity_evidence,DEV_AKA20201002 | DEV_AKA20201003 | DEV_AKA20203005 | DEV_AKA20203006,SPRUCE CAPE HOMES | SPRUCE CAPE HOMES II | SPRUCE CAPE I | SPRUCE CAPE II,AKA20201002 | AKA20201003 | AKA20203005 | AKA20203006,2020,20 | 30,AK|3386 SHARATIN RD|KODIAK | AK|529 CARROLL WAY|KODIAK,new_two_read_review,2026-08-11,2026-08-11,2026-08-11,4,2,2,2,0,partition,partition,duplicate_records_within_distinct_named_phases,duplicate_records_within_distinct_named_phases,focused_web_search,https://www.kodiakislandhousing.com/wp-content/uploads/2021/07/Kodiak-Island-Borough-Housing-Needs-Assessment-Final.pdf,4,Kodiak Island Borough Housing Needs Assessment,municipal_housing_assessment,https://www.kodiakislandhousing.com/wp-content/uploads/2021/07/Kodiak-Island-Borough-Housing-Needs-Assessment-Final.pdf,confirms_distinct_spruce_cape_i_and_ii_properties,supports_final_partition,not_required,not_approved,FALSE
MSIR_0004,moderate_identity_evidence,DEV_ARA19990028 | DEV_ARA19999722,EAST OAKWOOD APARTMENTS | EAST OAKWOOD PLACE,ARA19990028 | ARA19999722,1999,50,AR|1651 HAIRSTON ST|CONWAY,new_two_read_review,2026-08-11,2026-08-11,2026-08-11,2,1,1,1,0,merge_all,merge_all,duplicate_source_records_same_physical_development,duplicate_source_records_same_physical_development,public_directory_sitemap,https://section8search.org/sitemap.xml,2,Section8Search direct pages for listed members,public_housing_directory,https://section8search.org/arkansas/conway/east-oakwood-apartments/cxo2apja6m6wxta9i82j1gf7 | https://section8search.org/arkansas/conway/east-oakwood-place/hyoqy2lo4k8557upygqzf5t5,corroborates_published_names_units_and_addresses,corroborates_internal_identity_read,not_required,not_approved,FALSE
MSIR_0005,moderate_identity_evidence,DEV_ARA19980690 | DEV_ARA19989006,HELENA SCATTERED SITES I | HELENA SCATTERED SITES I/HELENA HOUSING PARTN,ARA19980690 | ARA19989006,1998,20,AR|1322 HOLLY|HELENA,new_two_read_review,2026-08-11,2026-08-11,2026-08-11,2,1,1,1,0,merge_all,merge_all,duplicate_source_records_same_scattered_site_development,duplicate_source_records_same_scattered_site_development,public_directory_sitemap,https://section8search.org/sitemap.xml,2,Section8Search direct pages for listed members,public_housing_directory,https://section8search.org/arkansas/helena/helena-scattered-sites-i/z0b3cwxpfvm6s8xpmivpzmt1 | https://section8search.org/arkansas/helena/helena-scattered-sites-ihelena-housing-partn/n3uknxtw1vpj2jj0l3mkwmgj,corroborates_published_names_units_and_addresses,corroborates_internal_identity_read,not_required,not_approved,FALSE
MSIR_0006,moderate_identity_evidence,DEV_ARA20120928 | DEV_ARA20125015,PEAKS AT COUNTRY CLUB III F | PEAKS AT COUNTRY CLUB III FKA PEAKS NLR II,ARA20120928 | ARA20125015,2012,48,AR|10720 RICHSMITH LN|NORTH LITTLE ROCK,new_two_read_review,2026-08-11,2026-08-11,2026-08-11,2,1,1,1,0,merge_all,merge_all,duplicate_source_records_same_physical_development,duplicate_source_records_same_physical_development,public_directory_sitemap,https://section8search.org/sitemap.xml,2,Section8Search direct pages for listed members,public_housing_directory,https://section8search.org/arkansas/north-little-rock/peaks-at-country-club-iii-f/pbe4ih5m30gl3vbebl20fynw | https://section8search.org/arkansas/north-little-rock/peaks-at-country-club-iii-fka-peaks-nlr-ii/jkun44qvd5wrbb2o640twnf6,corroborates_published_names_units_and_addresses,corroborates_internal_identity_read,not_required,not_approved,FALSE
MSIR_0007,moderate_identity_evidence,DEV_DEA20090040 | DEV_DEA20096005,HOLLYBROOK FARMS II | HOLLYBROOK II APARTMENTS,DEA20090040 | DEA20096005,2009,24,DE|500 COUNTRY RD|LAUREL,new_two_read_review,2026-08-11,2026-08-11,2026-08-11,2,1,1,1,0,merge_all,merge_all,duplicate_source_records_same_physical_development,duplicate_source_records_same_physical_development,public_directory_sitemap,https://section8search.org/sitemap.xml,2,Section8Search direct pages for listed members,public_housing_directory,https://section8search.org/delaware/laurel/hollybrook-farms-ii/ury99hte6tqkcm7w8ar2hi1u | https://section8search.org/delaware/laurel/hollybrook-ii-apartments/cijcjkn86lkp8pcuvyztsota,corroborates_published_names_units_and_addresses,corroborates_internal_identity_read,not_required,not_approved,FALSE
MSIR_0008,moderate_identity_evidence,DEV_FLA19990804 | DEV_FLA20000190,WENTWORTH APTS II | WENTWORTH I,FLA19990804 | FLA20000190,1999 | 2000,264,FL|10200 DYLAN ST|ORLANDO,new_two_read_review,2026-08-11,2026-08-11,2026-08-11,2,2,2,2,0,retain_each,retain_each,distinct_florida_housing_properties,distinct_florida_housing_properties,focused_web_search,https://www.floridahousing.org/docs/default-source/developers-and-property-managers/compliance/forms/informational/key-number-list-%282026-0126%29.pdf?Status=Master&sfvrsn=c7f0e76d_1 | https://www.occompt.com/DocumentCenter/View/25243/2012-12-18-Community-Environmental-and-Development-Services-Consent-Item-03,2,Florida Housing key list and Orange County Wentworth II record,state_and_county_housing_records,https://www.floridahousing.org/docs/default-source/developers-and-property-managers/compliance/forms/informational/key-number-list-%282026-0126%29.pdf?Status=Master&sfvrsn=c7f0e76d_1 | https://www.occompt.com/DocumentCenter/View/25243/2012-12-18-Community-Environmental-and-Development-Services-Consent-Item-03,confirms_separate_wentworth_i_and_ii_properties,supports_final_partition,not_required,not_approved,FALSE
MSIR_0009,moderate_identity_evidence,DEV_GAA20134002 | DEV_GAA20143002,APPLE LANE | APPLE VILLAGE APARTMENTS,GAA20134002 | GAA20143002,2013 | 2014,24,GA|116 N 5TH ST|GLENWOOD,new_two_read_review,2026-08-11,2026-08-11,2026-08-11,2,2,2,2,0,retain_each,retain_each,shared_address_crosslist_distinct_named_properties,shared_address_crosslist_distinct_named_properties,focused_web_search,https://dca.georgia.gov/document/document/2024-538hddnforestms/download,2,Georgia DCA market study,state_housing_agency_market_study,https://dca.georgia.gov/document/document/2024-538hddnforestms/download,lists_apple_village_and_apple_lane_as_distinct_properties,supports_final_partition,not_required,not_approved,FALSE
MSIR_0010,moderate_identity_evidence,DEV_GAA19979001 | DEV_GAA19980120,ASHTON PINES | SUGAR MILL APARTMENTS,GAA19979001 | GAA19980120,1997 | 1998,70,GA|11115 COLERAIN RD|ST MARYS,new_two_read_review,2026-08-11,2026-08-11,2026-08-11,2,1,1,1,0,merge_all,merge_all,official_alias_same_physical_development,official_alias_same_physical_development,focused_web_search,https://dca.georgia.gov/document/document/2025-544arborviewms/download,2,Georgia DCA market study,state_housing_agency_market_study,https://dca.georgia.gov/document/document/2025-544arborviewms/download,identifies_ashton_pines_as_reserve_at_sugar_mill_alias,supports_final_partition,not_required,not_approved,FALSE
MSIR_0011,moderate_identity_evidence,DEV_GAA19950295 | DEV_GAA20010140 | DEV_GAA20019007,AUGUSTA SPRING APARTMENTS | AUGUSTA SPRINGS | AUGUSTA SPRINGS SENIOR II,GAA19950295 | GAA20010140 | GAA20019007,1995 | 2001,100,GA|1730 SIBLEY RD|AUGUSTA,new_two_read_review,2026-08-11,2026-08-11,2026-08-11,3,1,1,1,0,merge_all,merge_all,one_property_constructed_in_two_financing_phases,one_property_constructed_in_two_financing_phases,focused_web_search,https://dca.georgia.gov/document/forms/2021-060-garden-cty-sr-vlg-ms/download,3,Georgia DCA market study,state_housing_agency_market_study,https://dca.georgia.gov/document/forms/2021-060-garden-cty-sr-vlg-ms/download,profiles_one_200_unit_property_constructed_in_two_phases,supports_final_partition,not_required,not_approved,FALSE
MSIR_0012,moderate_identity_evidence,DEV_GAA20030175 | DEV_GAA20039009 | DEV_GAA20039011,BLOUNT CROSSING APARTMENTS | BLOUNT CROSSING APARTMENTS / 2001-001 | BLOUNT CROSSING APARTMENTS PREDEVELOPMENT,GAA20030175 | GAA20039009 | GAA20039011,2003,40,GA|232 BLOUNT CROSSING RD|DARIEN,new_two_read_review,2026-08-11,2026-08-11,2026-08-11,3,1,1,1,0,merge_all,merge_all,duplicate_source_records_same_physical_development,duplicate_source_records_same_physical_development,public_directory_sitemap,https://section8search.org/sitemap.xml,3,Section8Search direct pages for listed members,public_housing_directory,https://section8search.org/georgia/darien/blount-crossing-apartments-2001001/xta3aaajig9ezvb9brukyeah | https://section8search.org/georgia/darien/blount-crossing-apartments-predevelopment/s5mcuxapkc7fm10mt6entaew | https://section8search.org/georgia/darien/blount-crossing-apartments/b77jxxqa92wuq61wmtf4hch0,corroborates_published_names_units_and_addresses,corroborates_internal_identity_read,not_required,not_approved,FALSE
MSIR_0013,moderate_identity_evidence,DEV_GAA20120100 | DEV_GAA20125004,CANEY HEIGHTS (AKA KINGSLAND III) | KINGSLAND III,GAA20120100 | GAA20125004,2012,28,GA|100 CANEY PL|KINGSLAND,new_two_read_review,2026-08-11,2026-08-11,2026-08-11,2,1,1,1,0,merge_all,merge_all,duplicate_source_records_same_physical_development,duplicate_source_records_same_physical_development,public_directory_sitemap,https://section8search.org/sitemap.xml,2,Section8Search direct pages for listed members,public_housing_directory,https://section8search.org/georgia/kingsland/caney-heights-aka-kingsland-iii/qiqypsyi7wtyjzq842phu9fk | https://section8search.org/georgia/kingsland/kingsland-phase-ii/fh4ve7wpd8hgpg68r5v2ytyp,corroborates_published_names_units_and_addresses,corroborates_internal_identity_read,not_required,not_approved,FALSE
MSIR_0014,moderate_identity_evidence,DEV_GAA20010040 | DEV_GAA20019033,COLUMBIA CREEK | RIVERSTOCK FKA COLUMBIA CREEK,GAA20010040 | GAA20019033,2001,172,GA|100 SANDY CIR|WOODSTOCK,new_two_read_review,2026-08-11,2026-08-11,2026-08-11,2,1,1,1,0,merge_all,merge_all,duplicate_source_records_same_physical_development,duplicate_source_records_same_physical_development,public_directory_sitemap,https://section8search.org/sitemap.xml,2,Section8Search direct pages for listed members,public_housing_directory,https://section8search.org/georgia/woodstock/columbia-creek/p1dfmu3z4wsmos5t2xhyttah | https://section8search.org/georgia/woodstock/riverstock-fka-columbia-creek/dp32g196wyxgzjxzuosthelz,corroborates_published_names_units_and_addresses,corroborates_internal_identity_read,not_required,not_approved,FALSE
MSIR_0015,moderate_identity_evidence,DEV_GAA20120055 | DEV_GAA20125012,FARMINGTON HILLS | FARMINGTON HILLS PHASE I,GAA20120055 | GAA20125012,2012,72,GA|1506 FARMINGTON WAY|WINDER,new_two_read_review,2026-08-11,2026-08-11,2026-08-11,2,1,1,1,0,merge_all,merge_all,duplicate_source_records_same_physical_development,duplicate_source_records_same_physical_development,public_directory_sitemap,https://section8search.org/sitemap.xml,2,Section8Search direct pages for listed members,public_housing_directory,https://section8search.org/georgia/winder/farmington-hills-phase-i/h9e4qlgsen62j5r80pfvcwlu | https://section8search.org/georgia/winder/farmington-hills/t4rcojkosh5vbtjihbjbwkvg,corroborates_published_names_units_and_addresses,corroborates_internal_identity_read,not_required,not_approved,FALSE
MSIR_0016,moderate_identity_evidence,DEV_GAA20100035 | DEV_GAA20107022,OCONEE PARK | RIVERVIEW HEIGHTS FKA OCONEE PARK,GAA20100035 | GAA20107022,2010,117,GA|200 RIVERVIEW DR|DUBLIN,new_two_read_review,2026-08-11,2026-08-11,2026-08-11,2,1,1,1,0,merge_all,merge_all,duplicate_source_records_same_physical_development,duplicate_source_records_same_physical_development,public_directory_sitemap,https://section8search.org/sitemap.xml,1,Section8Search direct pages for listed members,public_housing_directory,https://section8search.org/georgia/dublin/riverview-heights-fka-oconee-park/rjchg9mjdkz9uxee378cvjb0,corroborates_published_names_units_and_addresses,corroborates_internal_identity_read,not_required,not_approved,FALSE
MSIR_0017,moderate_identity_evidence,DEV_GAA19920120 | DEV_GAA19950230,PINE TERRACE I | PINE TERRACE II,GAA19920120 | GAA19950230,1992 | 1995,24 | 48,GA|823 S MARCUS ST|WRIGHTSVILLE,new_two_read_review,2026-08-11,2026-08-11,2026-08-11,2,2,2,2,0,retain_each,retain_each,distinct_named_phases_no_same_property_proof,distinct_named_phases_no_same_property_proof,focused_web_search,https://dca.georgia.gov/document/tools/tax-credit-property-list/download,2,Georgia DCA tax credit property list,state_housing_agency_property_list,https://dca.georgia.gov/document/tools/tax-credit-property-list/download,retains_two_pine_terrace_property_entries,supports_final_partition,not_required,not_approved,FALSE
MSIR_0018,moderate_identity_evidence,DEV_ILB20049002 | DEV_ILB20060809,HILLIARD HOMES | HILLIARD HOMES I,ILB20049002 | ILB20060809,2004 | 2006,654,IL|2031 S CLARK ST|CHICAGO,new_two_read_review,2026-08-11,2026-08-11,2026-08-11,2,1,1,1,0,merge_all,merge_all,duplicate_source_records_same_physical_development,duplicate_source_records_same_physical_development,public_directory_sitemap,https://section8search.org/sitemap.xml,2,Section8Search direct pages for listed members,public_housing_directory,https://section8search.org/illinois/chicago/hilliard-homes-i/t6w0e5gblugulp2bn2qjr7d5 | https://section8search.org/illinois/chicago/hilliard-homes/pl1v4ht1xgzqy8574r24o4x4,corroborates_published_names_units_and_addresses,corroborates_internal_identity_read,not_required,not_approved,FALSE
MSIR_0019,strong_identity_evidence,DEV_ILA20010100 | DEV_ILB20010803,NORTH TOWN VILLAGE | NORTH TOWN VILLAGE I,ILA20010100 | ILB20010803,2001,116,IL|1321 N BURLING ST|CHICAGO,new_two_read_review,2026-08-11,2026-08-11,2026-08-11,2,1,1,1,0,merge_all,merge_all,duplicate_source_records_same_physical_development,duplicate_source_records_same_physical_development,public_directory_sitemap,https://section8search.org/sitemap.xml,2,Section8Search direct pages for listed members,public_housing_directory,https://section8search.org/illinois/chicago/north-town-village-i/mvy59fhodh223vzog339xw08 | https://section8search.org/illinois/chicago/north-town-village/p2jxmd08bk73fruou5zagwdp,corroborates_published_names_units_and_addresses,corroborates_internal_identity_read,not_required,not_approved,FALSE
MSIR_0020,moderate_identity_evidence,DEV_KYA19999002 | DEV_KYA19999581,ALBANY COMMONS II APARTMENTS -  PROJECT | ALBANY COMMONS II APTS - PROJECT,KYA19999002 | KYA19999581,1999,12,KY|NOLAN ST|ALBANY,new_two_read_review,2026-08-11,2026-08-11,2026-08-11,2,1,1,1,0,merge_all,merge_all,duplicate_source_records_same_physical_development,duplicate_source_records_same_physical_development,public_directory_sitemap,https://section8search.org/sitemap.xml,2,Section8Search direct pages for listed members,public_housing_directory,https://section8search.org/kentucky/albany/albany-commons-ii-apartments-project/vrmg79ug87e87sqspd3re59o,corroborates_published_names_units_and_addresses,corroborates_internal_identity_read,not_required,not_approved,FALSE
MSIR_0021,moderate_identity_evidence,DEV_KYA19970010 | DEV_KYA19979576,"AUSTIN PARK APARTMENTS, LTD. | AUSTIN PARK APTS, LTD",KYA19970010 | KYA19979576,1997,38,KY|BYPASS PLZ DR|FRANKFORT,new_two_read_review,2026-08-11,2026-08-11,2026-08-11,2,1,1,1,0,merge_all,merge_all,duplicate_source_records_same_physical_development,duplicate_source_records_same_physical_development,public_directory_sitemap,https://section8search.org/sitemap.xml,2,Section8Search direct pages for listed members,public_housing_directory,https://section8search.org/kentucky/frankfort/austin-park-apartments-ltd/lp22uopcxhjgg9zuxn24cen6,corroborates_published_names_units_and_addresses,corroborates_internal_identity_read,not_required,not_approved,FALSE
MSIR_0022,moderate_identity_evidence,DEV_KYA19940555 | DEV_KYA19960060,BRIDLEWOOD TERRACE APARTMENTS | HORSE CAVE FAMILY APARTMENTS,KYA19940555 | KYA19960060,1994 | 1996,24,KY|HARPER DR|HORSE CAVE,new_two_read_review,2026-08-11,2026-08-11,2026-08-11,2,2,2,2,0,retain_each,retain_each,shared_address_distinct_named_properties,shared_address_distinct_named_properties,focused_web_search,https://www.novoco.com/public-media/documents/kentucky-lihtc-properties-to-2021-082023.pdf,2,Kentucky LIHTC property list,public_lihtc_property_list,https://www.novoco.com/public-media/documents/kentucky-lihtc-properties-to-2021-082023.pdf,lists_bridlewood_and_horse_cave_as_distinct_properties,supports_final_partition,not_required,not_approved,FALSE
MSIR_0023,moderate_identity_evidence,DEV_KYA20110662 | DEV_KYA20110672 | DEV_KYA20114010,FULTON MANOR APTS PHASE I | FULTON MANOR I APARTMENTS | FULTON MANOR II APARTMENTS,KYA20110662 | KYA20110672 | KYA20114010,2011,14 | 24,KY|MIDDLE RD|FULTON,new_two_read_review,2026-08-11,2026-08-11,2026-08-11,3,3,3,3,0,retain_each,retain_each,distinct_named_phases_and_unit_scopes,distinct_named_phases_and_unit_scopes,focused_web_search,https://wapps.kyhousing.org/KHC_Webforms/HousingCredits.aspx,3,Kentucky Housing Corporation housing credit search,state_housing_agency_property_search,https://wapps.kyhousing.org/KHC_Webforms/HousingCredits.aspx,lists_three_distinct_fulton_manor_credit_records,supports_final_partition,not_required,not_approved,FALSE
MSIR_0024,moderate_identity_evidence,DEV_KYA19960150 | DEV_KYA19960155 | DEV_KYA19969574,VAUGHN VILLAGE I APARTMENTS | VAUGHN VILLAGE II APARTMENTS | VAUGHN VILLAGE II APTS,KYA19960150 | KYA19960155 | KYA19969574,1996,24,KY|CRIMSON CREEK CT|ELIZABETHTOWN,new_two_read_review,2026-08-11,2026-08-11,2026-08-11,3,2,2,2,0,partition,partition,duplicate_records_within_distinct_named_phases,duplicate_records_within_distinct_named_phases,public_directory_sitemap,https://section8search.org/sitemap.xml,3,Section8Search direct pages for listed members,public_housing_directory,https://section8search.org/kentucky/elizabethtown/vaughn-village-i-apartments/j2546c5mh8hai8asb65p534d | https://section8search.org/kentucky/elizabethtown/vaughn-village-ii-apartments/yzxm6hfaeb78e62uvfzgqwrk,corroborates_published_names_units_and_addresses,corroborates_internal_identity_read,not_required,not_approved,FALSE
MSIR_0025,moderate_identity_evidence,DEV_MDA20030087 | DEV_MDA20039101,THE VILLAS AT WHITEHALL | VILLAS AT WHITEHALL,MDA20030087 | MDA20039101,2003,70,MD|100 111 SKIPJACK CT|ELKTON,new_two_read_review,2026-08-11,2026-08-11,2026-08-11,2,1,1,1,0,merge_all,merge_all,duplicate_source_records_same_physical_development,duplicate_source_records_same_physical_development,focused_web_search,https://msa.maryland.gov/megafile/msa/speccol/sc5300/sc5339/000113/024700/024714/20200498e.pdf,2,Maryland public financing record for Villas at Whitehall,state_public_financing_record,https://msa.maryland.gov/megafile/msa/speccol/sc5300/sc5339/000113/024700/024714/20200498e.pdf,confirms_one_villas_at_whitehall_property,supports_final_partition,not_required,not_approved,FALSE
MSIR_0026,moderate_identity_evidence,DEV_MSA20130013 | DEV_MSA20150024,OAKWOOD APTS & MAPLEWOOD APTS | OAKWOOD APTS AND MAPLEWOOD APTS.,MSA20130013 | MSA20150024,2013 | 2015,48,MS|1062 WHITFIELD RD|BEAUMONT,new_two_read_review,2026-08-11,2026-08-11,2026-08-11,2,1,1,1,0,merge_all,merge_all,duplicate_source_records_same_physical_development,duplicate_source_records_same_physical_development,public_directory_sitemap,https://section8search.org/sitemap.xml,2,Section8Search direct pages for listed members,public_housing_directory,https://section8search.org/mississippi/beaumont/oakwood-apts-and-maplewood-apts/pyyvxmowlf364py0tgbejsab | https://section8search.org/mississippi/beaumont/oakwood-apts-maplewood-apts/qnzk14prfzomkg3qyi3e1mww,corroborates_published_names_units_and_addresses,corroborates_internal_identity_read,not_required,not_approved,FALSE
MSIR_0027,moderate_identity_evidence,DEV_MTA20090027 | DEV_MTA20098005,MOUNTAIN VIEW III | MOUNTAIN VIEW III - HAMILTON,MTA20090027 | MTA20098005,2009,46,MT|251 STONEGATE DR|HAMILTON,new_two_read_review,2026-08-11,2026-08-11,2026-08-11,2,1,1,1,0,merge_all,merge_all,duplicate_source_records_same_physical_development,duplicate_source_records_same_physical_development,public_directory_sitemap,https://section8search.org/sitemap.xml,2,Section8Search direct pages for listed members,public_housing_directory,https://section8search.org/montana/hamilton/mountain-view-iii/zn1qr9d3m9w45zvpocziro4n | https://section8search.org/montana/hamilton/mountain-view-iiihamilton/rwfpat6glvhtqs3ckqh0sbkf,corroborates_published_names_units_and_addresses,corroborates_internal_identity_read,not_required,not_approved,FALSE
MSIR_0028,moderate_identity_evidence,DEV_NCA19940360 | DEV_NCA19949091,HORSE CREEK APTS | PWN HORSE CREEK APTS,NCA19940360 | NCA19949091,1994,4,NC|649 N MAIN ST|WARRENTON,new_two_read_review,2026-08-11,2026-08-11,2026-08-11,2,1,1,1,0,merge_all,merge_all,duplicate_source_records_same_physical_development,duplicate_source_records_same_physical_development,public_directory_sitemap,https://section8search.org/sitemap.xml,2,Section8Search direct pages for listed members,public_housing_directory,https://section8search.org/north-carolina/warrenton/horse-creek-apts/yehz77gkofxtlktbawb409ic | https://section8search.org/north-carolina/warrenton/pwn-horse-creek-apts/nr0g6ddcbqhheh5tqiekda20,corroborates_published_names_units_and_addresses,corroborates_internal_identity_read,not_required,not_approved,FALSE
MSIR_0029,strong_identity_evidence,DEV_NCA19910320 | DEV_NCA19910325,MENLO PARK,NCA19910320 | NCA19910325,1991,2,NC|1707 TENTH ST|GREENSBORO,new_two_read_review,2026-08-11,2026-08-11,2026-08-11,2,1,1,1,0,merge_all,merge_all,duplicate_source_records_same_scattered_site_development,duplicate_source_records_same_scattered_site_development,public_directory_sitemap,https://section8search.org/sitemap.xml,2,Section8Search direct pages for listed members,public_housing_directory,https://section8search.org/north-carolina/greensboro/menlo-park-apts/r8p4k0q50yckquu68zyd71bh | https://section8search.org/north-carolina/greensboro/menlo-park/hi0zk7xwl0v2bo21vqyxk93u,corroborates_published_names_units_and_addresses,corroborates_internal_identity_read,not_required,not_approved,FALSE
MSIR_0030,moderate_identity_evidence,DEV_NCA19930370 | DEV_NCA19939053,PWE STEVENS APTS | STEVENS APTS,NCA19930370 | NCA19939053,1993,12,NC|1613 MCPHERSON ST|GREENSBORO,new_two_read_review,2026-08-11,2026-08-11,2026-08-11,2,1,1,1,0,merge_all,merge_all,duplicate_source_records_same_physical_development,duplicate_source_records_same_physical_development,public_directory_sitemap,https://section8search.org/sitemap.xml,2,Section8Search direct pages for listed members,public_housing_directory,https://section8search.org/north-carolina/greensboro/pwe-stevens-apts/xvstaoaz01zk6i8ojlnkw7tl | https://section8search.org/north-carolina/greensboro/stevens-apts-ii/mbzdcjm15dgzg31lqx7k1h6f,corroborates_published_names_units_and_addresses,corroborates_internal_identity_read,not_required,not_approved,FALSE
MSIR_0031,moderate_identity_evidence,DEV_NDA19950030 | DEV_NDA19959015,COMMONS AT 45TH I | RATTENBORG COURT,NDA19950030 | NDA19959015,1995,32,ND|435 22ND ST E|WEST FARGO,new_two_read_review,2026-08-11,2026-08-11,2026-08-11,2,1,1,1,0,merge_all,merge_all,duplicate_source_records_same_physical_development,duplicate_source_records_same_physical_development,focused_web_search,https://www.ndhfa.org/wp-content/uploads/2024/06/MasterProjectList2024.pdf,2,North Dakota Housing Finance Agency master project list,state_housing_agency_property_list,https://www.ndhfa.org/wp-content/uploads/2024/06/MasterProjectList2024.pdf,identifies_rattenborg_court_and_commons_owner_record,supports_final_partition,not_required,not_approved,FALSE
MSIR_0032,moderate_identity_evidence,DEV_NDA19930020 | DEV_NDA19939002,MAYBROOK APARTMENTS | MAYBROOK APTSNT,NDA19930020 | NDA19939002,1993,30,ND|3219 18TH ST S|FARGO,new_two_read_review,2026-08-11,2026-08-11,2026-08-11,2,1,1,1,0,merge_all,merge_all,duplicate_source_records_same_physical_development,duplicate_source_records_same_physical_development,public_directory_sitemap,https://section8search.org/sitemap.xml,2,Section8Search direct pages for listed members,public_housing_directory,https://section8search.org/north-dakota/fargo/maybrook-apartments/spwfapu91pznss1608ed5sxk | https://section8search.org/north-dakota/fargo/maybrook-aptsnt/f2o41hvzn5n1ayftyz2vnv76,corroborates_published_names_units_and_addresses,corroborates_internal_identity_read,not_required,not_approved,FALSE
MSIR_0033,moderate_identity_evidence,DEV_NDA20050015 | DEV_NDA20059004,STANDING ROCK MODERNIZATION PROJECT #9 | STANDING ROCK REHAB #9,NDA20050015 | NDA20059004,2005,20,ND|5562 GRASS ST|FORT YATES,new_two_read_review,2026-08-11,2026-08-11,2026-08-11,2,1,1,1,0,merge_all,merge_all,duplicate_source_records_same_scattered_site_development,duplicate_source_records_same_scattered_site_development,public_directory_sitemap,https://section8search.org/sitemap.xml,2,Section8Search direct pages for listed members,public_housing_directory,https://section8search.org/north-dakota/fort-yates/standing-rock-modernization-project-9/x35w27hno8ihdgfkvi8o3zaf | https://section8search.org/north-dakota/fort-yates/standing-rock-rehab-9/oebkk54tovqkafoe6l2xnous,corroborates_published_names_units_and_addresses,corroborates_internal_identity_read,not_required,not_approved,FALSE
MSIR_0034,moderate_identity_evidence,DEV_NDA20070040 | DEV_NDA20079010,STANDING ROCK REHAB #12 | STANDING ROCK REHABILITATION PROJECT #12,NDA20070040 | NDA20079010,2007,39,ND|DOUG SKYE COMPLEX S RIVER RD|FORT YATES,new_two_read_review,2026-08-11,2026-08-11,2026-08-11,2,1,1,1,0,merge_all,merge_all,duplicate_source_records_same_physical_development,duplicate_source_records_same_physical_development,public_directory_sitemap,https://section8search.org/sitemap.xml,2,Section8Search direct pages for listed members,public_housing_directory,https://section8search.org/north-dakota/fort-yates/standing-rock-rehab-12/dfxbl0q726lq5a14n7zq92qt | https://section8search.org/north-dakota/fort-yates/standing-rock-rehabilitation-project-12/m7dvxauq8lbcidz4jdrk5cbz,corroborates_published_names_units_and_addresses,corroborates_internal_identity_read,not_required,not_approved,FALSE
MSIR_0035,moderate_identity_evidence,DEV_NDA20060037 | DEV_NDA20070045,STANDING ROCK REHAB #13 | STANDING ROCK REHAB #15,NDA20060037 | NDA20070045,2006 | 2007,20 | 30,ND|1333 92ND ST|FORT YATES,new_two_read_review,2026-08-11,2026-08-11,2026-08-11,2,2,2,2,0,retain_each,retain_each,single_shared_address_crosslist_between_distinct_rehabs,single_shared_address_crosslist_between_distinct_rehabs,focused_web_search,https://www.ndhfa.org/wp-content/uploads/2024/06/MasterProjectList2024.pdf,2,North Dakota Housing Finance Agency master project list,state_housing_agency_property_list,https://www.ndhfa.org/wp-content/uploads/2024/06/MasterProjectList2024.pdf,lists_standing_rock_rehab_13_and_15_as_distinct_projects,supports_final_partition,not_required,not_approved,FALSE
MSIR_0036,moderate_identity_evidence,DEV_NDA20080025 | DEV_NDA20089006,STANDING ROCK REHAB #16 | STANDING ROCK REHABILITATION PROJECT #16,NDA20080025 | NDA20089006,2008,20,ND|WARRIOR ST SIOUX VILG SUB|FORT YATES,new_two_read_review,2026-08-11,2026-08-11,2026-08-11,2,1,1,1,0,merge_all,merge_all,duplicate_source_records_same_scattered_site_development,duplicate_source_records_same_scattered_site_development,public_directory_sitemap,https://section8search.org/sitemap.xml,2,Section8Search direct pages for listed members,public_housing_directory,https://section8search.org/north-dakota/fort-yates/standing-rock-rehab-16/l49xclrx40npwbq9d3b1ua8q | https://section8search.org/north-dakota/fort-yates/standing-rock-rehabilitation-project-16/icwa7k6r31nl58891vzaadej,corroborates_published_names_units_and_addresses,corroborates_internal_identity_read,not_required,not_approved,FALSE
MSIR_0037,moderate_identity_evidence,DEV_NJA20059035 | DEV_NJA20059115,1118 ADAMS STREET #704 | ADAMS STREET,NJA20059035 | NJA20059115,2005,90,NJ|1118 ADAMS ST|HOBOKEN,new_two_read_review,2026-08-11,2026-08-11,2026-08-11,2,1,1,1,0,merge_all,merge_all,duplicate_source_records_same_physical_development,duplicate_source_records_same_physical_development,focused_web_search,https://www.nj.gov/dca/divisions/codes/publications/pdf_guide_2_afford_hsg/hudson.pdf,2,New Jersey Guide to Affordable Housing,state_affordable_housing_guide,https://www.nj.gov/dca/divisions/codes/publications/pdf_guide_2_afford_hsg/hudson.pdf,identifies_one_90_unit_1118_adams_street_property,supports_final_partition,not_required,not_approved,FALSE
MSIR_0038,moderate_identity_evidence,DEV_NJA19910015 | DEV_NJA19919001 | DEV_NJA19919003,220 COOPER STREET | 220 COOPER STREET  #214 | COOPER ST APTS,NJA19910015 | NJA19919001 | NJA19919003,1991,30,NJ|220 COOPER ST|CAMDEN,new_two_read_review,2026-08-11,2026-08-11,2026-08-11,3,1,1,1,0,merge_all,merge_all,duplicate_source_records_same_physical_development,duplicate_source_records_same_physical_development,public_directory_sitemap,https://section8search.org/sitemap.xml,2,Section8Search direct pages for listed members,public_housing_directory,https://section8search.org/new-jersey/camden/220-cooper-street-214/jb9fu3yw64wadt3e95q1y1k7,corroborates_published_names_units_and_addresses,corroborates_internal_identity_read,not_required,not_approved,FALSE
MSIR_0039,moderate_identity_evidence,DEV_NJA20150001 | DEV_NJA20159001,60 NEVADA | 999 BROAD PHASE II,NJA20150001 | NJA20159001,2015,75,NJ|60 NEVADA ST|NEWARK,new_two_read_review,2026-08-11,2026-08-11,2026-08-11,2,1,1,1,0,merge_all,merge_all,duplicate_source_records_same_physical_development,duplicate_source_records_same_physical_development,public_directory_sitemap,https://section8search.org/sitemap.xml,1,Section8Search direct pages for listed members,public_housing_directory,https://section8search.org/new-jersey/newark/999-broad-phase-ii/a56powf8unfeawyus6er25zr,corroborates_published_names_units_and_addresses,corroborates_internal_identity_read,not_required,not_approved,FALSE
MSIR_0040,moderate_identity_evidence,DEV_NJA20059002 | DEV_NJA20059146,"ALLAIRE CROSSING #750 | WALL SENIOR CITIZENS HOUSING, LP",NJA20059002 | NJA20059146,2005,66,NJ|2011 NEW BEDFORD RD|WALL,new_two_read_review,2026-08-11,2026-08-11,2026-08-11,2,1,1,1,0,merge_all,merge_all,duplicate_source_records_same_physical_development,duplicate_source_records_same_physical_development,public_directory_sitemap,https://section8search.org/sitemap.xml,1,Section8Search direct pages for listed members,public_housing_directory,https://section8search.org/new-jersey/wall/allaire-crossing-750/fhk1zncdb8qc5ymoqidpbo44,corroborates_published_names_units_and_addresses,corroborates_internal_identity_read,not_required,not_approved,FALSE
MSIR_0041,moderate_identity_evidence,DEV_NJA20060125 | DEV_NJA20069001 | DEV_NJA20069034,ANTIOCH MANOR | ANTIOCH MANOR - PHASE I | ANTIOCH MANOR #723,NJA20060125 | NJA20069001 | NJA20069034,2006,64,NJ|1820 VAN BUREN ST|CAMDEN,new_two_read_review,2026-08-11,2026-08-11,2026-08-11,3,1,1,1,0,merge_all,merge_all,duplicate_source_records_same_physical_development,duplicate_source_records_same_physical_development,public_directory_sitemap,https://section8search.org/sitemap.xml,2,Section8Search direct pages for listed members,public_housing_directory,https://section8search.org/new-jersey/camden/antioch-manor-723/o5u0xx83nnccemw134ksmyip,corroborates_published_names_units_and_addresses,corroborates_internal_identity_read,not_required,not_approved,FALSE
MSIR_0042,moderate_identity_evidence,DEV_NJA19990085 | DEV_NJA19999001,ARTISAN'S MILL #538 | ARTISANS MILL RENTAL HOUSING,NJA19990085 | NJA19999001,1999,31,NJ|600 ARTISAN ST|TRENTON,new_two_read_review,2026-08-11,2026-08-11,2026-08-11,2,1,1,1,0,merge_all,merge_all,duplicate_source_records_same_physical_development,duplicate_source_records_same_physical_development,public_directory_sitemap,https://section8search.org/sitemap.xml,2,Section8Search direct pages for listed members,public_housing_directory,https://section8search.org/new-jersey/trenton-city/artisans-mill-rental-housing/zfo3uyoha7570p6v91llfoil | https://section8search.org/new-jersey/trenton/artisans-mill-538/z2816vjdhtnncdlap9ju4rar,corroborates_published_names_units_and_addresses,corroborates_internal_identity_read,not_required,not_approved,FALSE
MSIR_0043,moderate_identity_evidence,DEV_NJA20080040 | DEV_NJA20087012,BIRCH STREET SUPPORTIVE HOUSING | LITC# 06901 - BIRCH STREET SUPPORTIVE HSG,NJA20080040 | NJA20087012,2008,15,NJ|65 BIRCH ST|PATERSON,new_two_read_review,2026-08-11,2026-08-11,2026-08-11,2,1,1,1,0,merge_all,merge_all,duplicate_source_records_same_physical_development,duplicate_source_records_same_physical_development,public_directory_sitemap,https://section8search.org/sitemap.xml,2,Section8Search direct pages for listed members,public_housing_directory,https://section8search.org/new-jersey/paterson/birch-street-supportive-housing/vwmqyh5re580vj8s0j6x3cmw | https://section8search.org/new-jersey/paterson/litc-06901-birch-street-supportive-hsg/kdk2qow9a3iawmwb8rylheg9,corroborates_published_names_units_and_addresses,corroborates_internal_identity_read,not_required,not_approved,FALSE
MSIR_0044,moderate_identity_evidence,DEV_NJA20120936 | DEV_NJA20123022,BRAMHALL AVENUE APARTMENTS | BRAMHALL AVENUE APARTMENTS #520,NJA20120936 | NJA20123022,2012,85,NJ|462 BRAMHALL AVE|JERSEY CITY,new_two_read_review,2026-08-11,2026-08-11,2026-08-11,2,1,1,1,0,merge_all,merge_all,duplicate_source_records_same_physical_development,duplicate_source_records_same_physical_development,public_directory_sitemap,https://section8search.org/sitemap.xml,2,Section8Search direct pages for listed members,public_housing_directory,https://section8search.org/new-jersey/jersey-city/bramhall-avenue-apartments-520/t3s5l7qcpgvrc0bktninodl0 | https://section8search.org/new-jersey/jersey-city/bramhall-avenue-apartments/iwp1j8kulnaw2tn5f56peypk,corroborates_published_names_units_and_addresses,corroborates_internal_identity_read,not_required,not_approved,FALSE
MSIR_0045,moderate_identity_evidence,DEV_NJA20080175 | DEV_NJA20087021,"BRIDGETON HOPE VI PHASE V | LITC#06915 BRIDGETON HOPE VI, PHASE V",NJA20080175 | NJA20087021,2008,23,NJ|278 COHANSEY ST|BRIDGETON,new_two_read_review,2026-08-11,2026-08-11,2026-08-11,2,1,1,1,0,merge_all,merge_all,duplicate_source_records_same_physical_development,duplicate_source_records_same_physical_development,public_directory_sitemap,https://section8search.org/sitemap.xml,2,Section8Search direct pages for listed members,public_housing_directory,https://section8search.org/new-jersey/bridgeton/bridgeton-hope-vi-phase-i/b71vsguuetvavdg9u57f64l1 | https://section8search.org/new-jersey/bridgeton/litc06915-bridgeton-hope-vi-phase-v/s7pepo6jc11jeft4g3xdntmf,corroborates_published_names_units_and_addresses,corroborates_internal_identity_read,not_required,not_approved,FALSE
MSIR_0046,moderate_identity_evidence,DEV_NJA20195007 | DEV_NJA20195008 | DEV_NJA20200010,CEDAR MEADOW APARTMENTS | CEDAR MEADOWS | CEDAR MEADOWS APARTMENTS #1761,NJA20195007 | NJA20195008 | NJA20200010,2019 | 2020,100,NJ|1450 RAHWAY AVE|AVENEL,new_two_read_review,2026-08-11,2026-08-11,2026-08-11,3,1,1,1,0,merge_all,merge_all,duplicate_source_records_same_physical_development,duplicate_source_records_same_physical_development,focused_web_search,https://www.twp.woodbridge.nj.us/DocumentCenter/View/779/Cedar-Meadows-Redevelopment-Plan-Amended-February-2024-PDF,3,Woodbridge Cedar Meadows redevelopment plan,municipal_redevelopment_plan,https://www.twp.woodbridge.nj.us/DocumentCenter/View/779/Cedar-Meadows-Redevelopment-Plan-Amended-February-2024-PDF,confirms_one_cedar_meadows_property,supports_final_partition,not_required,not_approved,FALSE
MSIR_0047,moderate_identity_evidence,DEV_NJA20170008 | DEV_NJA20177019,DALINA MANOR | DALINA MANOR #1516,NJA20170008 | NJA20177019,2017,57,NJ|113 JAMES ST|WOODBRIDGE TWP,new_two_read_review,2026-08-11,2026-08-11,2026-08-11,2,1,1,1,0,merge_all,merge_all,duplicate_source_records_same_physical_development,duplicate_source_records_same_physical_development,focused_web_search,https://www.twp.woodbridge.nj.us/DocumentCenter/View/26886/Master-Plan-Amendment-July-2024?bidId=,2,Woodbridge housing plan,municipal_housing_plan,https://www.twp.woodbridge.nj.us/DocumentCenter/View/26886/Master-Plan-Amendment-July-2024?bidId=,confirms_one_57_unit_dalina_manor_property,supports_final_partition,not_required,not_approved,FALSE
MSIR_0048,moderate_identity_evidence,DEV_NJA20153045 | DEV_NJA20159014,DUFFY MANOR AKA DUFFY SCHOOL #1332 | DUFFY SCHOOL,NJA20153045 | NJA20159014,2015,53,NJ|225 W 2ND ST|FLORENCE,new_two_read_review,2026-08-11,2026-08-11,2026-08-11,2,1,1,1,0,merge_all,merge_all,duplicate_source_records_same_physical_development,duplicate_source_records_same_physical_development,public_directory_sitemap,https://section8search.org/sitemap.xml,1,Section8Search direct pages for listed members,public_housing_directory,https://section8search.org/new-jersey/florence/duffy-school/nivdvuwhaetdabex8987s9y2,corroborates_published_names_units_and_addresses,corroborates_internal_identity_read,not_required,not_approved,FALSE
MSIR_0049,moderate_identity_evidence,DEV_NJA20120912 | DEV_NJA20123045,ESCHER STREET SRO | ESCHER STREET SRO #304,NJA20120912 | NJA20123045,2012,100,NJ|50 ESCHER ST|TRENTON,new_two_read_review,2026-08-11,2026-08-11,2026-08-11,2,1,1,1,0,merge_all,merge_all,duplicate_source_records_same_physical_development,duplicate_source_records_same_physical_development,public_directory_sitemap,https://section8search.org/sitemap.xml,2,Section8Search direct pages for listed members,public_housing_directory,https://section8search.org/new-jersey/trenton-city/escher-street-sro/pyk2nun0o7p6ov8j2p8fz6bn | https://section8search.org/new-jersey/trenton/escher-street-sro-304/xg6yslngkretk48u36mq0kra,corroborates_published_names_units_and_addresses,corroborates_internal_identity_read,not_required,not_approved,FALSE
MSIR_0050,moderate_identity_evidence,DEV_NJA20090030 | DEV_NJA20096009,EWING INDEPENDENT LIVING | EWING INDEPENDENT LIVING LITC#0752,NJA20090030 | NJA20096009,2009,72,NJ|1015 WHITEHEAD RD EXT|EWING,new_two_read_review,2026-08-11,2026-08-11,2026-08-11,2,1,1,1,0,merge_all,merge_all,duplicate_source_records_same_physical_development,duplicate_source_records_same_physical_development,public_directory_sitemap,https://section8search.org/sitemap.xml,2,Section8Search direct pages for listed members,public_housing_directory,https://section8search.org/new-jersey/ewing-twp/ewing-independent-living/keud3o7adu0upcz9tlbn1ypb | https://section8search.org/new-jersey/ewing/ewing-independent-living-litc0752/zq4ea33fxn4xrpp7yclm7viu,corroborates_published_names_units_and_addresses,corroborates_internal_identity_read,not_required,not_approved,FALSE
MSIR_0051,moderate_identity_evidence,DEV_NJA20125004 | DEV_NJA20129027,FERRY SENIOR | WHITMAN PARK SENIOR (FERRY SENIOR),NJA20125004 | NJA20129027,2012,50,NJ|2015 FERRY AVE|CAMDEN,new_two_read_review,2026-08-11,2026-08-11,2026-08-11,2,1,1,1,0,merge_all,merge_all,duplicate_source_records_same_physical_development,duplicate_source_records_same_physical_development,focused_web_search,https://www.nj.gov/dca/hmfa/developers/docs/lihtc/tax/awards/2010/2010_round2_rankings.pdf,2,New Jersey HMFA 2010 family-cycle rankings,state_housing_agency_award_record,https://www.nj.gov/dca/hmfa/developers/docs/lihtc/tax/awards/2010/2010_round2_rankings.pdf,confirms_one_50_unit_ferry_senior_project,supports_final_partition,not_required,not_approved,FALSE
MSIR_0052,moderate_identity_evidence,DEV_NJA20080155 | DEV_NJA20087017,FORREST SENIOR APARTMENTS | LITC#06903 FORREST SENIOR APARTMENTS,NJA20080155 | NJA20087017,2008,43,NJ|376 382 BERGEN AVE|JERSEY CITY,new_two_read_review,2026-08-11,2026-08-11,2026-08-11,2,1,1,1,0,merge_all,merge_all,duplicate_source_records_same_physical_development,duplicate_source_records_same_physical_development,public_directory_sitemap,https://section8search.org/sitemap.xml,2,Section8Search direct pages for listed members,public_housing_directory,https://section8search.org/new-jersey/jersey-city/forrest-senior-apartments/ztxjt4v8e4kdgpo80rjtrbkz | https://section8search.org/new-jersey/jersey-city/litc06903-forrest-senior-apartments/gbuwu0622eql73ftqvr34831,corroborates_published_names_units_and_addresses,corroborates_internal_identity_read,not_required,not_approved,FALSE
MSIR_0053,moderate_identity_evidence,DEV_NJA20110082 | DEV_NJA20110563 | DEV_NJA20119029,FRANKLIN BLVD. COMMONS URBAN RENEWAL ASSOC. | FRANKLIN BOULEVARD COMMONS | PARKSIDE FAMILY HOUSING,NJA20110082 | NJA20110563 | NJA20119029,2011,66 | 70,NJ|727 FRANKLIN BLVD|SOMERSET,new_two_read_review,2026-08-11,2026-08-11,2026-08-11,3,2,2,2,0,partition,partition,single_shared_address_crosslist_between_distinct_properties,single_shared_address_crosslist_between_distinct_properties,public_directory_sitemap,https://section8search.org/sitemap.xml,2,Section8Search direct pages for listed members,public_housing_directory,https://section8search.org/new-jersey/franklin-twp/franklin-boulevard-commons/ckdvubh1cmjdn8n9gknieje2 | https://section8search.org/new-jersey/somerset/parkside-family-housing/hyg26ryneeovqkl80gzfwwms,corroborates_published_names_units_and_addresses,corroborates_internal_identity_read,not_required,not_approved,FALSE
MSIR_0054,moderate_identity_evidence,DEV_NJA20090040 | DEV_NJA20096015,FRANKLIN SENIOR | LITC#0755 FRANKLIN SENIOR HOUSING,NJA20090040 | NJA20096015,2009,94,NJ|1 MILL ST|FRANKLIN,new_two_read_review,2026-08-11,2026-08-11,2026-08-11,2,1,1,1,0,merge_all,merge_all,duplicate_source_records_same_physical_development,duplicate_source_records_same_physical_development,public_directory_sitemap,https://section8search.org/sitemap.xml,2,Section8Search direct pages for listed members,public_housing_directory,https://section8search.org/new-jersey/franklin/franklin-senior/yo2dojs26c48hb3lgnjwpt1v | https://section8search.org/new-jersey/franklin/litc0755-franklin-senior-housing/qp2ro0oekldmg11dcpk255fv,corroborates_published_names_units_and_addresses,corroborates_internal_identity_read,not_required,not_approved,FALSE
MSIR_0055,moderate_identity_evidence,DEV_NJA20120906 | DEV_NJA20123050,GARFIELD SENIOR HOUSING #471 | GARFIELD SENIOR HOUSING PROGRAM,NJA20120906 | NJA20123050,2012,36,NJ|15 COMMERCE ST|GARFIELD,new_two_read_review,2026-08-11,2026-08-11,2026-08-11,2,1,1,1,0,merge_all,merge_all,duplicate_source_records_same_physical_development,duplicate_source_records_same_physical_development,public_directory_sitemap,https://section8search.org/sitemap.xml,2,Section8Search direct pages for listed members,public_housing_directory,https://section8search.org/new-jersey/garfield-city/garfield-senior-housing-program/n4qfgv1rrddvbvkasoapwp5o | https://section8search.org/new-jersey/garfield/garfield-senior-housing-471/lromxxy0z5pjhoa441t7d11k,corroborates_published_names_units_and_addresses,corroborates_internal_identity_read,not_required,not_approved,FALSE
MSIR_0056,moderate_identity_evidence,DEV_NJA20180003 | DEV_NJA20186015 | DEV_NJA20221013,HILLTOP APARTMENTS | HILLTOP APARTMENTS - LITC# 1514 | HILLTOP SENIOR LITC #2016,NJA20180003 | NJA20186015 | NJA20221013,2018 | 2022,113 | 95,NJ|280 PARK PL|IRVINGTON,new_two_read_review,2026-08-11,2026-08-11,2026-08-11,3,2,2,2,0,partition,partition,duplicate_records_within_distinct_named_buildings,duplicate_records_within_distinct_named_buildings,focused_web_search,https://www.nj.gov/dca/hmfa/developers/docs/lihtc/awards/2020/2020_reservation_list.pdf,3,New Jersey HMFA reservation list,state_housing_agency_award_record,https://www.nj.gov/dca/hmfa/developers/docs/lihtc/awards/2020/2020_reservation_list.pdf,identifies_hilltop_senior_building_2_as_separate_project,supports_final_partition,not_required,not_approved,FALSE
MSIR_0057,moderate_identity_evidence,DEV_NJA20123062 | DEV_NJA20125007 | DEV_NJA20129018,HOBOKEN NORTH HUDSON YMCA | HOBOKEN YMCA | HOBOKEN YMCA #07912,NJA20123062 | NJA20125007 | NJA20129018,2012,96,NJ|1301 WASHINGTON ST|HOBOKEN,new_two_read_review,2026-08-11,2026-08-11,2026-08-11,3,1,1,1,0,merge_all,merge_all,duplicate_source_records_same_physical_development,duplicate_source_records_same_physical_development,public_directory_sitemap,https://section8search.org/sitemap.xml,1,Section8Search direct pages for listed members,public_housing_directory,https://section8search.org/new-jersey/hoboken/hoboken-ymca-07912/h39fo25ck6ou0u0938iltskr,corroborates_published_names_units_and_addresses,corroborates_internal_identity_read,not_required,not_approved,FALSE
MSIR_0058,moderate_identity_evidence,DEV_NJA20120879 | DEV_NJA20123080,LINCOLN HILL VILLAGE | LINCOLN HILL VILLAGE #647,NJA20120879 | NJA20123080,2012,50,NJ|15 LINCOLN AVE|WEST MILFORD TWP,new_two_read_review,2026-08-11,2026-08-11,2026-08-11,2,1,1,1,0,merge_all,merge_all,duplicate_source_records_same_physical_development,duplicate_source_records_same_physical_development,public_directory_sitemap,https://section8search.org/sitemap.xml,2,Section8Search direct pages for listed members,public_housing_directory,https://section8search.org/new-jersey/west-milford-twp/lincoln-hill-village/nrz8yqdric1fin5680l2ryvq | https://section8search.org/new-jersey/west-milford/lincoln-hill-village-647/tgxn3l49t97hcbby65q5h1ab,corroborates_published_names_units_and_addresses,corroborates_internal_identity_read,not_required,not_approved,FALSE
MSIR_0059,moderate_identity_evidence,DEV_NJA20050185 | DEV_NJA20069819,LITC#05909 MOUNT HOLLY SENIOR | MOUNT HOLLY SENIOR,NJA20050185 | NJA20069819,2005 | 2006,29,NJ|256 CLIFTON AVE|MT HOLLY,new_two_read_review,2026-08-11,2026-08-11,2026-08-11,2,1,1,1,0,merge_all,merge_all,duplicate_source_records_same_physical_development,duplicate_source_records_same_physical_development,focused_web_search,https://library.njcourts.gov/files/civil/affordable-housing/burlington/mount-holly-twp/MountHollyHEFSP.pdf?VersionId=nfu30gobdzmTXBMkpcJq8oyBZlGx.dnQ,2,Mount Holly housing element and fair share plan,municipal_court_filed_housing_plan,https://library.njcourts.gov/files/civil/affordable-housing/burlington/mount-holly-twp/MountHollyHEFSP.pdf?VersionId=nfu30gobdzmTXBMkpcJq8oyBZlGx.dnQ,confirms_one_mount_holly_senior_property,supports_final_partition,not_required,not_approved,FALSE
MSIR_0060,moderate_identity_evidence,DEV_NJA20070185 | DEV_NJA20078015,LITC#05915 PATRIOT VILLAGE | PATRIOT VILLAGE,NJA20070185 | NJA20078015,2007,36,NJ|350 362 PENNINGTON AVE|TRENTON,new_two_read_review,2026-08-11,2026-08-11,2026-08-11,2,1,1,1,0,merge_all,merge_all,duplicate_source_records_same_physical_development,duplicate_source_records_same_physical_development,public_directory_sitemap,https://section8search.org/sitemap.xml,2,Section8Search direct pages for listed members,public_housing_directory,https://section8search.org/new-jersey/trenton-city/patriot-village/qvzaa5z9mxrkobucl3mdo3c9 | https://section8search.org/new-jersey/trenton/litc05915-patriot-village/uval18e5u1cvipcyl63h3pan,corroborates_published_names_units_and_addresses,corroborates_internal_identity_read,not_required,not_approved,FALSE
MSIR_0061,moderate_identity_evidence,DEV_NJA20231016 | DEV_NJA20240017 | DEV_NJA20240018,NEWCOMB SENIOR APARTMENTS PHASE 2 #2015 | NEWCOMB SENIOR APARTMENTS URBAN RENEWAL LLC | NEWCOMB SENIOR APTS. PHASE 2 #2015,NJA20231016 | NJA20240017 | NJA20240018,2023 | 2024,65 | 70,NJ|1035 E ALMOND ST|VINELAND,new_two_read_review,2026-08-11,2026-08-11,2026-08-11,3,2,2,2,0,partition,partition,duplicate_records_within_distinct_physical_buildings,duplicate_records_within_distinct_physical_buildings,focused_web_search,https://www.vinelandcity.org/wp-content/uploads/2025/06/25-02-27-Vineland-Housing-Plan-DRAFT-wAppendices.pdf,3,City of Vineland housing plan,municipal_housing_plan,https://www.vinelandcity.org/wp-content/uploads/2025/06/25-02-27-Vineland-Housing-Plan-DRAFT-wAppendices.pdf,confirms_phase_i_and_phase_ii_are_two_physical_buildings,supports_final_partition,not_required,not_approved,FALSE
MSIR_0062,moderate_identity_evidence,DEV_NJA20120857 | DEV_NJA20123102,PADUA COURT | PADUA COURT #409,NJA20120857 | NJA20123102,2012,38,NJ|350 SIXTH ST|JERSEY CITY,new_two_read_review,2026-08-11,2026-08-11,2026-08-11,2,1,1,1,0,merge_all,merge_all,duplicate_source_records_same_physical_development,duplicate_source_records_same_physical_development,public_directory_sitemap,https://section8search.org/sitemap.xml,2,Section8Search direct pages for listed members,public_housing_directory,https://section8search.org/new-jersey/jersey-city/padua-court-409/d4qv37reyj4mehy2bk9tej1h | https://section8search.org/new-jersey/jersey-city/padua-court/ij3jrj8t0lhol114njzx81fz,corroborates_published_names_units_and_addresses,corroborates_internal_identity_read,not_required,not_approved,FALSE
MSIR_0063,moderate_identity_evidence,DEV_NJA19980150 | DEV_NJA19989006,PAVILLION AT LUFTMAN | PAVILLION AT LUFTMAN TOWERS,NJA19980150 | NJA19989006,1998,60,NJ|43 HURLEYS LN|LINCROFT,new_two_read_review,2026-08-11,2026-08-11,2026-08-11,2,1,1,1,0,merge_all,merge_all,duplicate_source_records_same_physical_development,duplicate_source_records_same_physical_development,public_directory_sitemap,https://section8search.org/sitemap.xml,2,Section8Search direct pages for listed members,public_housing_directory,https://section8search.org/new-jersey/lincroft/pavillion-at-luftman-towers/ry29wpknu5heb1610ny5xqy5 | https://section8search.org/new-jersey/lincroft/pavillion-at-luftman/j2cc21ro28orty592w0whkmr,corroborates_published_names_units_and_addresses,corroborates_internal_identity_read,not_required,not_approved,FALSE
MSIR_0064,moderate_identity_evidence,DEV_NJA20100090 | DEV_NJA20105021 | DEV_NJA20105022,PROVIDENCE SQUARE II | PROVIDENCE SQUARE II  #0907 | PROVIDENCE SQUARE II LITC #0907,NJA20100090 | NJA20105021 | NJA20105022,2010,53,NJ|55 HARVEY ST|NEW BRUNSWICK,new_two_read_review,2026-08-11,2026-08-11,2026-08-11,3,1,1,1,0,merge_all,merge_all,duplicate_source_records_same_physical_development,duplicate_source_records_same_physical_development,public_directory_sitemap,https://section8search.org/sitemap.xml,3,Section8Search direct pages for listed members,public_housing_directory,https://section8search.org/new-jersey/new-brunswick-city/providence-square-ii/b6e1kk2el4rk0x365jcq2dw9 | https://section8search.org/new-jersey/new-brunswick/providence-square-ii-0907/alyepeby7ph5rxyxqgaimwxi | https://section8search.org/new-jersey/new-brunswick/providence-square-ii-litc-0907/mxedfjzx3sb5l8oc2fvmor7t,corroborates_published_names_units_and_addresses,corroborates_internal_identity_read,not_required,not_approved,FALSE
MSIR_0065,moderate_identity_evidence,DEV_NJA20039073 | DEV_NJA20120846 | DEV_NJA20123114,RIVER DRIVE RESIDENCE | RIVER DRIVE RESIDENCE #610 | RIVER ROAD RESIDENCE #610,NJA20039073 | NJA20120846 | NJA20123114,2003 | 2012,100,NJ|45 RIVER DR|PASSAIC,new_two_read_review,2026-08-11,2026-08-11,2026-08-11,3,1,1,1,0,merge_all,merge_all,same_property_later_financing_episode,same_property_later_financing_episode,focused_web_search,https://www.novoco.com/documents116033/new-jersey-lihtc-properties-to-2021-082023.pdf,3,New Jersey LIHTC property list,public_lihtc_property_list,https://www.novoco.com/documents116033/new-jersey-lihtc-properties-to-2021-082023.pdf,confirms_later_financing_of_same_river_drive_property,supports_final_partition,not_required,not_approved,FALSE
MSIR_0066,moderate_identity_evidence,DEV_NJA20120804 | DEV_NJA20123162,SIERRA GARDENS | YMCA SIERRA GARDENS #656,NJA20120804 | NJA20123162,2012,33,NJ|144 MADISON AVE|ELIZABETH,new_two_read_review,2026-08-11,2026-08-11,2026-08-11,2,1,1,1,0,merge_all,merge_all,duplicate_source_records_same_physical_development,duplicate_source_records_same_physical_development,public_directory_sitemap,https://section8search.org/sitemap.xml,2,Section8Search direct pages for listed members,public_housing_directory,https://section8search.org/new-jersey/elizabeth-city/sierra-gardens/stkhsbg5bf7w4b3rnnecdyke | https://section8search.org/new-jersey/elizabeth/ymca-sierra-gardens-656/l8wkw6qwgvjusxx6kau0kz1r,corroborates_published_names_units_and_addresses,corroborates_internal_identity_read,not_required,not_approved,FALSE
MSIR_0067,moderate_identity_evidence,DEV_NJA19980165 | DEV_NJA19989011,STEPPING STONES COMMONS | STEPPING STONES COMMONS #504,NJA19980165 | NJA19989011,1998,64,NJ|27 N CLINTON AVE|TRENTON,new_two_read_review,2026-08-11,2026-08-11,2026-08-11,2,1,1,1,0,merge_all,merge_all,duplicate_source_records_same_physical_development,duplicate_source_records_same_physical_development,public_directory_sitemap,https://section8search.org/sitemap.xml,2,Section8Search direct pages for listed members,public_housing_directory,https://section8search.org/new-jersey/trenton-city/stepping-stones-commons/h1rok01ayty94wtcz42di8nf | https://section8search.org/new-jersey/trenton/stepping-stones-commons-504/c3zi7zygervbulhhw2lzuzvi,corroborates_published_names_units_and_addresses,corroborates_internal_identity_read,not_required,not_approved,FALSE
MSIR_0068,moderate_identity_evidence,DEV_NJA19969012 | DEV_NJA20120830 | DEV_NJA20123130,STEVENS AVE PROJECT | STEVENS AVE. PROJECT #392 | STEVENS AVENUE PROJECT,NJA19969012 | NJA20120830 | NJA20123130,1996 | 2012,16,NJ|78 STEVENS AVE|JERSEY CITY,new_two_read_review,2026-08-11,2026-08-11,2026-08-11,3,1,1,1,0,merge_all,merge_all,same_property_later_financing_episode,same_property_later_financing_episode,focused_web_search,https://www.novoco.com/documents116033/new-jersey-lihtc-properties-to-2021-082023.pdf,3,New Jersey LIHTC property list,public_lihtc_property_list,https://www.novoco.com/documents116033/new-jersey-lihtc-properties-to-2021-082023.pdf,confirms_later_financing_of_same_stevens_avenue_property,supports_final_partition,not_required,not_approved,FALSE
MSIR_0069,moderate_identity_evidence,DEV_NJA19970110 | DEV_NJA19979066,WEEHAWKEN SENIOR HOUSING | WEEHAWKEN SENIOR HOUSING #499,NJA19970110 | NJA19979066,1997,28,NJ|2 4 POTTER PL|WEEHAWKEN,new_two_read_review,2026-08-11,2026-08-11,2026-08-11,2,1,1,1,0,merge_all,merge_all,duplicate_source_records_same_physical_development,duplicate_source_records_same_physical_development,public_directory_sitemap,https://section8search.org/sitemap.xml,2,Section8Search direct pages for listed members,public_housing_directory,https://section8search.org/new-jersey/weehawken-twp/weehawken-senior-housing/gk496lqtjn63z45pocdaf8om,corroborates_published_names_units_and_addresses,corroborates_internal_identity_read,not_required,not_approved,FALSE
MSIR_0070,moderate_identity_evidence,DEV_NJA20120806 | DEV_NJA20123160,WYNDHURST AT PLAINSBORO | WYNDHURST AT PLAINSBORO -#259,NJA20120806 | NJA20123160,2012,126,NJ|900 WYNDHURST DR|PLAINSBORO,new_two_read_review,2026-08-11,2026-08-11,2026-08-11,2,1,1,1,0,merge_all,merge_all,duplicate_source_records_same_physical_development,duplicate_source_records_same_physical_development,public_directory_sitemap,https://section8search.org/sitemap.xml,2,Section8Search direct pages for listed members,public_housing_directory,https://section8search.org/new-jersey/plainsboro-twp/wyndhurst-at-plainsboro/fpt60wit871xubzplcptsh95 | https://section8search.org/new-jersey/plainsboro/wyndhurst-at-plainsboro-259/jlr52hqdymjq6blszaers0t5,corroborates_published_names_units_and_addresses,corroborates_internal_identity_read,not_required,not_approved,FALSE
MSIR_0071,moderate_identity_evidence,DEV_NVA20110010 | DEV_NVA20114001,CORONADO DR APTS | CORONADO DRIVE APARTMENTS,NVA20110010 | NVA20114001,2011,60,NV|500 N MAJOR AVE|HENDERSON,new_two_read_review,2026-08-11,2026-08-11,2026-08-11,2,1,1,1,0,merge_all,merge_all,duplicate_source_records_same_physical_development,duplicate_source_records_same_physical_development,public_directory_sitemap,https://section8search.org/sitemap.xml,1,Section8Search direct pages for listed members,public_housing_directory,https://section8search.org/nevada/henderson/coronado-drive-apartments/n948mrhpo5tf3lihb98qujoa,corroborates_published_names_units_and_addresses,corroborates_internal_identity_read,not_required,not_approved,FALSE
MSIR_0072,moderate_identity_evidence,DEV_NVA20020015 | DEV_NVA20020020 | DEV_NVA20029004 | DEV_NVA20190011,FOURTH STREET I | FOURTH STREET II | FOURTH STREET PROJECT II | PLAZA AT 4TH STREET,NVA20020015 | NVA20020020 | NVA20029004 | NVA20190011,2002 | 2019,20 | 30 | 73,NV|450 N WELLS AVE|RENO | NV|801 E FOURTH ST|RENO,new_two_read_review,2026-08-11,2026-08-11,2026-08-11,4,4,4,4,0,retain_each,retain_each,crosslisted_addresses_between_distinct_properties,crosslisted_addresses_between_distinct_properties,focused_web_search,https://www.reno.gov/home/showpublisheddocument/88681/637932361848570000 | https://www.hud.gov/sites/documents/21612_washoeindex.pdf,4,Reno and HUD affordable housing property records,municipal_and_federal_housing_records,https://www.reno.gov/home/showpublisheddocument/88681/637932361848570000 | https://www.hud.gov/sites/documents/21612_washoeindex.pdf,lists_fourth_street_properties_and_plaza_as_distinct,supports_final_partition,not_required,not_approved,FALSE
MSIR_0073,moderate_identity_evidence,DEV_NVA19980075 | DEV_NVA19989009,WILLOWBROOK APTS III | WILLOWBROOK III APARTMENTS,NVA19980075 | NVA19989009,1998,20,NV|1648 MIDAS DR|WINNEMUCCA,new_two_read_review,2026-08-11,2026-08-11,2026-08-11,2,1,1,1,0,merge_all,merge_all,duplicate_source_records_same_physical_development,duplicate_source_records_same_physical_development,public_directory_sitemap,https://section8search.org/sitemap.xml,2,Section8Search direct pages for listed members,public_housing_directory,https://section8search.org/nevada/winnemucca/willowbrook-apts-iii/suiaxtwop2851o9m2si1x0nt | https://section8search.org/nevada/winnemucca/willowbrook-iii-apartments/eap9w5c7b6z34n4vvdvb4teb,corroborates_published_names_units_and_addresses,corroborates_internal_identity_read,not_required,not_approved,FALSE
MSIR_0074,moderate_identity_evidence,DEV_NYC20090008 | DEV_NYC20097002,1405 FIFTH AVE APTS | 1405 FIFTH AVENUE,NYC20090008 | NYC20097002,2009,81,NY|1405 FIFTH AVE|NEW YORK,new_two_read_review,2026-08-11,2026-08-11,2026-08-11,2,1,1,1,0,merge_all,merge_all,duplicate_source_records_same_physical_development,duplicate_source_records_same_physical_development,public_directory_sitemap,https://section8search.org/sitemap.xml,2,Section8Search direct pages for listed members,public_housing_directory,https://section8search.org/new-york/new-york/1405-fifth-ave-apts/emnh1csu8tkiyxlgza0x7s1p | https://section8search.org/new-york/new-york/1405-fifth-avenue/zck1m2n4dff41mjaokq0obpt,corroborates_published_names_units_and_addresses,corroborates_internal_identity_read,not_required,not_approved,FALSE
MSIR_0075,moderate_identity_evidence,DEV_NYC20090317 | DEV_NYC20090815,BEACON | BRISTOL HOPKINSON LLC,NYC20090317 | NYC20090815,2009,168,NY|54 BRISTOL ST|BROOKLYN,new_two_read_review,2026-08-11,2026-08-11,2026-08-11,2,1,1,1,0,merge_all,merge_all,duplicate_source_records_same_physical_development,duplicate_source_records_same_physical_development,public_directory_sitemap,https://section8search.org/sitemap.xml,2,Section8Search direct pages for listed members,public_housing_directory,https://section8search.org/new-york/brooklyn/beacon/ezesjmbvqzxh4zmt83x374tp | https://section8search.org/new-york/brooklyn/bristol-hopkinson-llc/khofejzgxodblfk2141xqjry,corroborates_published_names_units_and_addresses,corroborates_internal_identity_read,not_required,not_approved,FALSE
MSIR_0076,moderate_identity_evidence,DEV_NYC20090320 | DEV_NYC20110822 | DEV_NYC20110823 | DEV_NYC20110841,CIENA | HOBBS CIENA APARTMENTS | HOBBS CIENA APTS | HOBBS COURT,NYC20090320 | NYC20110822 | NYC20110823 | NYC20110841,2009 | 2011,340 | 81 | 884,NY|314 E 100TH ST|NEW YORK | NY|315 E 102ND ST|NEW YORK,new_two_read_review,2026-08-11,2026-08-11,2026-08-11,4,3,3,2,1,partition,partition,two_physical_buildings_plus_nonphysical_umbrella_records,two_physical_buildings_plus_nonphysical_umbrella_records,focused_web_search,https://www.nyc.gov/html/ops/nycstim/downloads/pdf/e_harlem_spotlight_110919.pdf | https://legistar.council.nyc.gov/View.ashx?GUID=CFED4CFA-59A8-4392-A0BA-CF3F7A901551&ID=679556&M=F,4,NYC East Harlem project report and City Council record,municipal_project_records,https://www.nyc.gov/html/ops/nycstim/downloads/pdf/e_harlem_spotlight_110919.pdf | https://legistar.council.nyc.gov/View.ashx?GUID=CFED4CFA-59A8-4392-A0BA-CF3F7A901551&ID=679556&M=F,proves_two_locations_and_buildings_plus_340_unit_umbrella,supports_final_partition_and_bridge_requirement,required_unresolved,not_approved,FALSE
MSIR_0077,moderate_identity_evidence,DEV_NYC20100065 | DEV_NYC20110843,CONCORD COURT & SEASIDE PLAZA APTS | SEASIDE CONCORD APARTMENTS,NYC20100065 | NYC20110843,2010 | 2011,430,NY|18 FATHER CAPODANNO BLVD|STATEN ISLAND,new_two_read_review,2026-08-11,2026-08-11,2026-08-11,2,1,1,1,0,merge_all,merge_all,duplicate_source_records_same_physical_development,duplicate_source_records_same_physical_development,public_directory_sitemap,https://section8search.org/sitemap.xml,2,Section8Search direct pages for listed members,public_housing_directory,https://section8search.org/new-york/staten-island/concord-court-seaside-plaza-apts/nli9ab9pzseb0kbr3tcz0ttz | https://section8search.org/new-york/staten-island/seaside-concord-apartments/y8zicgkahekqeiy0se41cwfw,corroborates_published_names_units_and_addresses,corroborates_internal_identity_read,not_required,not_approved,FALSE
MSIR_0078,moderate_identity_evidence,DEV_NYC20060009 | DEV_NYC20060806,"COURTLANDT AVENUE APTS | COURTLANDT AVENUE ASSOCIATES, LP",NYC20060009 | NYC20060806,2006,167,NY|320 E 159TH ST|BRONX,new_two_read_review,2026-08-11,2026-08-11,2026-08-11,2,1,1,1,0,merge_all,merge_all,duplicate_source_records_same_physical_development,duplicate_source_records_same_physical_development,public_directory_sitemap,https://section8search.org/sitemap.xml,2,Section8Search direct pages for listed members,public_housing_directory,https://section8search.org/new-york/bronx/courtlandt-avenue-apts/qs3u9eypvsp0ma9nezh5m49i | https://section8search.org/new-york/bronx/courtlandt-avenue-associates-lp/ksgei2dg23s0p4fgwzpw73u3,corroborates_published_names_units_and_addresses,corroborates_internal_identity_read,not_required,not_approved,FALSE
MSIR_0079,moderate_identity_evidence,DEV_NYC20070170 | DEV_NYC20070813,CROSS BRONX LP | OGDEN AVENUE APTS II,NYC20070170 | NYC20070813,2007,59,NY|1457 OGDEN AVE|BRONX,new_two_read_review,2026-08-11,2026-08-11,2026-08-11,2,1,1,1,0,merge_all,merge_all,duplicate_source_records_same_physical_development,duplicate_source_records_same_physical_development,public_directory_sitemap,https://section8search.org/sitemap.xml,2,Section8Search direct pages for listed members,public_housing_directory,https://section8search.org/new-york/bronx/cross-bronx-lp/zlwe7q9iorlo54okgykhhkbn | https://section8search.org/new-york/bronx/ogden-avenue-apts-ii/etdhql0ksrb1boetwvtzc0a3,corroborates_published_names_units_and_addresses,corroborates_internal_identity_read,not_required,not_approved,FALSE
MSIR_0080,moderate_identity_evidence,DEV_NYC20120050 | DEV_NYC20120854,GATEWAY ELTON | GATEWAY ELTON STREET PHASE I,NYC20120050 | NYC20120854,2012,197,NY|1149 ELTON ST|BROOKLYN,new_two_read_review,2026-08-11,2026-08-11,2026-08-11,2,1,1,1,0,merge_all,merge_all,duplicate_source_records_same_physical_development,duplicate_source_records_same_physical_development,public_directory_sitemap,https://section8search.org/sitemap.xml,2,Section8Search direct pages for listed members,public_housing_directory,https://section8search.org/new-york/brooklyn/gateway-elton-street-phase-i/et3cqh2zuh3to8xa4gqtar3k | https://section8search.org/new-york/brooklyn/gateway-elton/eqlauq7zt2zwt97xop2guncz,corroborates_published_names_units_and_addresses,corroborates_internal_identity_read,not_required,not_approved,FALSE
MSIR_0081,prior_decision_reopened,DEV_NYC20070245 | DEV_NYC20080812,PLAZA RESIDENCES | PLAZA RESIDENCES I,NYC20070245 | NYC20080812,2007 | 2008,385 | 66,NY|37 NEW LOTS AVE|BROOKLYN,new_two_read_review,2026-08-11,2026-08-11,2026-08-11,2,1,1,1,0,merge_all,merge_all,official_component_and_umbrella_same_physical_development,official_component_and_umbrella_same_physical_development,focused_web_search,https://legistar.council.nyc.gov/LegislationDetail.aspx?GUID=3A8D2AF6-FB77-4DC9-93C6-BF9FE432DB1D&ID=447192&Options=&Search= | https://a836-edms.nyc.gov/dctm-rest/repositories/dofedmspts/StatementSearch?bbl=3036280001&stmtDate=20240115&stmtType=NPV,2,NYC Council and Department of Finance Plaza records,municipal_property_records,https://legistar.council.nyc.gov/LegislationDetail.aspx?GUID=3A8D2AF6-FB77-4DC9-93C6-BF9FE432DB1D&ID=447192&Options=&Search= | https://a836-edms.nyc.gov/dctm-rest/repositories/dofedmspts/StatementSearch?bbl=3036280001&stmtDate=20240115&stmtType=NPV,confirms_plaza_component_belongs_to_one_physical_development,supports_final_partition,not_required,not_approved,FALSE
MSIR_0082,moderate_identity_evidence,DEV_NYC20120130 | DEV_NYC20120849,PRC WESTCHESTER | PRC WESTCHESTER AVENUE,NYC20120130 | NYC20120849,2012,409,NY|985 SIMPSON ST|BRONX,new_two_read_review,2026-08-11,2026-08-11,2026-08-11,2,1,1,1,0,merge_all,merge_all,duplicate_source_records_same_physical_development,duplicate_source_records_same_physical_development,public_directory_sitemap,https://section8search.org/sitemap.xml,2,Section8Search direct pages for listed members,public_housing_directory,https://section8search.org/new-york/bronx/prc-westchester-avenue/zwx93vwpkigbmr0yyzb161gw | https://section8search.org/new-york/bronx/prc-westchester/si3vvyamt668myxe3exlyo8i,corroborates_published_names_units_and_addresses,corroborates_internal_identity_read,not_required,not_approved,FALSE
MSIR_0083,moderate_identity_evidence,DEV_NYC20080235 | DEV_NYC20100833,RIVER ROCK LLC | RIVERROCK APTS,NYC20080235 | NYC20100833,2008 | 2010,54,NY|774 ROCKAWAY AVE|BROOKLYN,new_two_read_review,2026-08-11,2026-08-11,2026-08-11,2,1,1,1,0,merge_all,merge_all,duplicate_source_records_same_physical_development,duplicate_source_records_same_physical_development,public_directory_sitemap,https://section8search.org/sitemap.xml,2,Section8Search direct pages for listed members,public_housing_directory,https://section8search.org/new-york/brooklyn/river-rock-llc/u09opu6sbvukox9krf6xat1t | https://section8search.org/new-york/brooklyn/riverrock-apts/bfvxanv41nodgpnpddgr4u6i,corroborates_published_names_units_and_addresses,corroborates_internal_identity_read,not_required,not_approved,FALSE
MSIR_0084,moderate_identity_evidence,DEV_NYC20100347 | DEV_NYC20100482,"WEST 135 STREET APARTMENTS, LLC | WEST 135TH STREET APTS",NYC20100347 | NYC20100482,2010,198,NY|107 W 135TH ST|NEW YORK,new_two_read_review,2026-08-11,2026-08-11,2026-08-11,2,1,1,1,0,merge_all,merge_all,duplicate_source_records_same_physical_development,duplicate_source_records_same_physical_development,public_directory_sitemap,https://section8search.org/sitemap.xml,2,Section8Search direct pages for listed members,public_housing_directory,https://section8search.org/new-york/new-york/west-135-street-apartments-llc/j09i28hlwq2o8bs4602yey8l | https://section8search.org/new-york/new-york/west-135th-street-apts/edhgk0r158y63791y4tai124,corroborates_published_names_units_and_addresses,corroborates_internal_identity_read,not_required,not_approved,FALSE
MSIR_0085,moderate_identity_evidence,DEV_OKA20160022 | DEV_OKA20167566,WILLOW GARDEN APTS | WILLOW GARDENS,OKA20160022 | OKA20167566,2016,47,OK|401 ALEDO DR|BARTLESVILLE,new_two_read_review,2026-08-11,2026-08-11,2026-08-11,2,1,1,1,0,merge_all,merge_all,duplicate_source_records_same_physical_development,duplicate_source_records_same_physical_development,public_directory_sitemap,https://section8search.org/sitemap.xml,2,Section8Search direct pages for listed members,public_housing_directory,https://section8search.org/oklahoma/bartlesville/willow-creek-apts/kzy74azel9k7colrjsz977ab | https://section8search.org/oklahoma/bartlesville/willow-gardens/fys32tw895sr0atfeh1j0uq0,corroborates_published_names_units_and_addresses,corroborates_internal_identity_read,not_required,not_approved,FALSE
MSIR_0086,moderate_identity_evidence,DEV_SCA20170009 | DEV_SCA20173019,SUMTER SENIOR APARTMENTS | SUMTER SENIOR APARTMENTS M15-SG450997,SCA20170009 | SCA20173019,2017,30,SC|411 W LIBERTY ST|SUMTER,new_two_read_review,2026-08-11,2026-08-11,2026-08-11,2,1,1,1,0,merge_all,merge_all,duplicate_source_records_same_physical_development,duplicate_source_records_same_physical_development,public_directory_sitemap,https://section8search.org/sitemap.xml,2,Section8Search direct pages for listed members,public_housing_directory,https://section8search.org/south-carolina/sumter/sumter-senior-apartments-m15sg450997/hmhlu7dz4mnauhl5911i5rdq | https://section8search.org/south-carolina/sumter/sumter-senior-apartments/qqn1x4msspcz6tp6s9otczdp,corroborates_published_names_units_and_addresses,corroborates_internal_identity_read,not_required,not_approved,FALSE
MSIR_0087,moderate_identity_evidence,DEV_WAA20120818 | DEV_WAA20130036 | DEV_WAA20134034,"WILLIAMS APARTMENTS | WILLIAMS APTS | WW - JEFFERSON, THE",WAA20120818 | WAA20130036 | WAA20134034,2012 | 2013,40 | 84,WA|219 223 PONTIUS AVE N|SEATTLE,new_two_read_review,2026-08-11,2026-08-11,2026-08-11,3,2,2,2,0,partition,partition,copied_crosslisted_addresses_between_distinct_properties,copied_crosslisted_addresses_between_distinct_properties,public_directory_sitemap,https://section8search.org/sitemap.xml,3,Section8Search direct pages for listed members,public_housing_directory,https://section8search.org/washington/seattle/williams-apartments/x6ksbkel1khwj5ycgwebi3ad | https://section8search.org/washington/seattle/williams-apts/dwbt57h1v5takrebkpqqiy9s | https://section8search.org/washington/seattle/ww-jefferson-the/n92iuddgatqedmmmjulvtfe2,corroborates_published_names_units_and_addresses,corroborates_internal_identity_read,not_required,not_approved,FALSE
