unique_id,street,city,state,zip
LIHTC_CENSUS_0001,1019 E 20TH AVE,ANCHORAGE,AK,99501
LIHTC_CENSUS_0002,10605 RIDGEMONT DRIVE,ANCHORAGE,AK,99507
LIHTC_CENSUS_0003,1019 EAST 20TH AVENUE BUIDLING 29,ANCHORAGE,AK,99501
LIHTC_CENSUS_0004,1019 EAST 20TH AVENUE BUIDLING 33,ANCHORAGE,AK,99501
LIHTC_CENSUS_0005,1310 WEST 32ND AVE,ANCHORAGE,AK,99503
LIHTC_CENSUS_0006,13600 OLD SEWARD HIGHWAY,ANCHORAGE,AK,99515
LIHTC_CENSUS_0007,1360 - 1362 JACKSON ST,KETCHIKAN,AK,99901
LIHTC_CENSUS_0008,1360 JACKSON ST,KETCHIKAN,AK,99901
LIHTC_CENSUS_0009,1621 HEATHERWOOD DR,ALEXANDER CITY,AL,35010
LIHTC_CENSUS_0010,644 CULLMAN ROAD,ARAB,AL,35016
LIHTC_CENSUS_0011,644 CULLMAN ROAD SW,ARAB,AL,35016
LIHTC_CENSUS_0012,160 THE TRAILS,BREWTON,AL,36426
LIHTC_CENSUS_0013,48 WESTRIDGE DR,ADDISON,AL,35540
LIHTC_CENSUS_0014,117 GEWIN ST,AKRON,AL,35441
LIHTC_CENSUS_0015,101 1/2 GROVE DR,JACKSON,AL,36545
LIHTC_CENSUS_0016,1220 LAKE VIEW EST,ALMA,AR,72921
LIHTC_CENSUS_0017,200 THICKINS DR,ALMA,AR,72921
LIHTC_CENSUS_0018,0 ST,ALMA,AR,72921
LIHTC_CENSUS_0019,0 ST ASH STREET,ALMA,AR,72921
LIHTC_CENSUS_0020,1222 CARBON PLANT RD,ALTUS,AR,72821
LIHTC_CENSUS_0021,1016 COUNTRY CLUB DR,ARKADELPHIA,AR,71923
LIHTC_CENSUS_0022,801 1/2 SE 10TH,BENTONVILLE,AR,72712
LIHTC_CENSUS_0023,801 1/2 SE 10TH STREET,BENTONVILLE,AR,72712
LIHTC_CENSUS_0024,101 VISTA ST,GREEN FOREST,AR,72638
LIHTC_CENSUS_0025,103 VISTA ST,GREEN FOREST,AR,72638
LIHTC_CENSUS_0026,235 WEST TEPEE STREET,APACHE JUNCTION,AZ,85120
LIHTC_CENSUS_0027,300 S 9TH STREET,BUCKEYE,AZ,85326
LIHTC_CENSUS_0028,160 N STATE ROUTE 89,CHINO VALLEY,AZ,86323
LIHTC_CENSUS_0029,141 S. SAWDUST COURT,CIBECUE,AZ,85911
LIHTC_CENSUS_0030,201 W ESPERANZA AVE,AJO,AZ,85321
LIHTC_CENSUS_0031,1170 N IDAHO RD,APACHE JUNCTION,AZ,85119
LIHTC_CENSUS_0032,659 E. MAIN ST.,MESA,AZ,85203
LIHTC_CENSUS_0033,701 E. MAIN ST.,MESA,AZ,85203
LIHTC_CENSUS_0034,1240 SOUTH 20TH AVENUE,PHOENIX,AZ,85009
LIHTC_CENSUS_0035,1242 SOUTH 20TH AVENUE,PHOENIX,AZ,85009
LIHTC_CENSUS_0036,5033 N. 19TH AVENUE,PHOENIX,AZ,85015
LIHTC_CENSUS_0037,5039 N. 19TH AVENUE,PHOENIX,AZ,85015
LIHTC_CENSUS_0038,2437 EAGLE AVENUE,ALAMEDA,CA,94501
LIHTC_CENSUS_0039,2700 BETTE STREET,ALAMEDA,CA,94501
LIHTC_CENSUS_0040,2710 BETTE STREET,ALAMEDA,CA,94501
LIHTC_CENSUS_0041,2720 BETTE STREET,ALAMEDA,CA,94501
LIHTC_CENSUS_0042,11250 LEE AVE,ADELANTO,CA,92301
LIHTC_CENSUS_0043,11350 LEE AVE,ADELANTO,CA,92301
LIHTC_CENSUS_0044,1230 W INGRAHAM STREET,LOS ANGELES,CA,90017
LIHTC_CENSUS_0045,955 MONTEREY STREET,SAN LUIS OBISP,CA,93401
LIHTC_CENSUS_0046,750 -758 ANITA STREET,CHULA VISTA,CA,91911
LIHTC_CENSUS_0047,3030 FIFTH STREET,DAVIS,CA,95618
LIHTC_CENSUS_0048,115 W. ROSECRANS AVENUE,COMPTON,CA,90222
LIHTC_CENSUS_0049,1200 N. CULVER AVENUE,COMPTON,CA,90222
LIHTC_CENSUS_0050,1654 FIRST STREET,LINCOLN,CA,95648
LIHTC_CENSUS_0051,1660 FIRST STREET,LINCOLN,CA,95648
LIHTC_CENSUS_0052,201 MARKET STREET,ALAMOSA,CO,81101
LIHTC_CENSUS_0053,821 MAROON DR.,ALAMOSA,CO,81101
LIHTC_CENSUS_0054,203 MARKET STREET,ALAMOSA,CO,81101
LIHTC_CENSUS_0055,205 MARKET STREET,ALAMOSA,CO,81101
LIHTC_CENSUS_0056,1405 W 11TH ST,ALAMOSA,CO,81101
LIHTC_CENSUS_0057,1410 W 11TH ST,ALAMOSA,CO,81101
LIHTC_CENSUS_0058,0 CARTER DRIVE,LYONS,CO,80540
LIHTC_CENSUS_0059,2625 VALMONT ROAD,BOULDER,CO,80304
LIHTC_CENSUS_0060,2637 VALMONT ROAD,BOULDER,CO,80304
LIHTC_CENSUS_0061,1380 S. BIRCH ST.,DENVER,CO,80222
LIHTC_CENSUS_0062,1385 S. BIRCH ST.,DENVER,CO,80222
LIHTC_CENSUS_0063,36 38 40 COLUMBUS CIRCLE,EAST HARTFORD,CT,06108
LIHTC_CENSUS_0064,1 BARI COURT,FARMINGTON,CT,06085
LIHTC_CENSUS_0065,50-REAR COLUMBUS CIRCLE,EAST HARTFORD,CT,06108
LIHTC_CENSUS_0066,1 HUNTINGTON STREET,HARTFORD,CT,06105
LIHTC_CENSUS_0067,100 WHISPERING PINES RD,AVON,CT,06001
LIHTC_CENSUS_0068,35 SANDSCREEN RD,AVON,CT,06001
LIHTC_CENSUS_0069,12 MERRELL AVENUE,STAMFORD,CT,06902
LIHTC_CENSUS_0070,14 MERRELL AVENUE,STAMFORD,CT,06902
LIHTC_CENSUS_0071,458 COTTAGE GROVE RD,BLOOMFIELD,CT,06002
LIHTC_CENSUS_0072,470 COTTAGE GROVE RD,BLOOMFIELD,CT,06002
LIHTC_CENSUS_0073,"120 45TH STREET, NE",WASHINGTON,DC,20019
LIHTC_CENSUS_0074,"1201 OAK DRIVE, SE",WASHINGTON,DC,20032
LIHTC_CENSUS_0075,"2641 BIRNEY PL, SE",WASHIGTON,DC,20020
LIHTC_CENSUS_0076,"1000 4TH STREET, SW",WASHINGTON,DC,20024
LIHTC_CENSUS_0077,1001 FIRST ST NW,WASHINGTON,DC,20001
LIHTC_CENSUS_0078,"1001 SPRING ROAD, NW",WASHINGTON,DC,20010
LIHTC_CENSUS_0079,"500 ATLANTIC STREET, SE",WASHINGTON,DC,20032
LIHTC_CENSUS_0080,"502 ATLANTIC STREET, SE",WASHINGTON,DC,20032
LIHTC_CENSUS_0081,"22 BANNER LANE, NW",WASHINGTON,DC,20001
LIHTC_CENSUS_0082,"44 BANNER LANE, NW",WASHINGTON,DC,20001
LIHTC_CENSUS_0083,400 ELIZABETH CORNISH LANDING,BRIDGEVILLE,DE,19933
LIHTC_CENSUS_0084,1117 CEDARTREE COURT,CLAYMONT,DE,19703
LIHTC_CENSUS_0085,401 ELIZABETH CORNISH LNDG 401-406,BRIDGEVILLE,DE,19933
LIHTC_CENSUS_0086,407 ELIZABETH CORNISH LNDG 407-412,BRIDGEVILLE,DE,19933
LIHTC_CENSUS_0087,701 S MARKET ST,BLADES,DE,19973
LIHTC_CENSUS_0088,304 CANTERBURY LANE,BRIDGEVILLE,DE,19933
LIHTC_CENSUS_0089,3201- 3209 LANCASTER AVENUE & 3200-3208 W. 2ND STREET,WILMINGTON,DE,19805
LIHTC_CENSUS_0090,900 AQUA LANE,SEAFORD,DE,19973
LIHTC_CENSUS_0091,901 AQUA LANE,SEAFORD,DE,19973
LIHTC_CENSUS_0092,1130 MERRITT STREET,ALTAMONTE SPRINGS,FL,32701
LIHTC_CENSUS_0093,205 17TH STREET,APALACHICOLA,FL,32320
LIHTC_CENSUS_0094,452 CYPRESS ST.,ALTAMONTE SPRINGS,FL,32701
LIHTC_CENSUS_0095,541 MERRITT MORNING WAY,ALTAMONTE SPRINGS,FL,32701
LIHTC_CENSUS_0096,14000 NW 154TH AVE,ALACHUA,FL,32615
LIHTC_CENSUS_0097,1193 MERRITT ST,ALTAMONTE SPRINGS,FL,32701
LIHTC_CENSUS_0098,701 WALNUT ST,CRESCENT CITY,FL,32112
LIHTC_CENSUS_0099,14500 SE 280TH ST,HOMESTEAD,FL,33032
LIHTC_CENSUS_0100,2920 NW 18TH AVE.,MIAMI,FL,33142
LIHTC_CENSUS_0101,2940 NW 18TH AVE.,MIAMI,FL,33142
LIHTC_CENSUS_0102,807 WOODLAWN LOOP,CLEARWATER,FL,33756
LIHTC_CENSUS_0103,809 WOODLAWN LOOP,CLEARWATER,FL,33756
LIHTC_CENSUS_0104,100 PEAKS RDG,ACWORTH,GA,30102
LIHTC_CENSUS_0105,4598 CARRUTH ST,ACWORTH,GA,30101
LIHTC_CENSUS_0106,100 PEAKS RIDGE,ACWORTH,GA,30102
LIHTC_CENSUS_0107,100 SANDY LANE,ACWORTH,GA,30102
LIHTC_CENSUS_0108,237 IRWINVILLE RD,ABBEVILLE,GA,31001
LIHTC_CENSUS_0109,465 GREGORY LANE,ACWORTH,GA,30102
LIHTC_CENSUS_0110,962 CARSWELL STREET,HOMERVILLE,GA,31634
LIHTC_CENSUS_0111,78 GLYNN MARSH DRIVE,BRUNSWICK,GA,31525
LIHTC_CENSUS_0112,80 GLYNN MARSH DRIVE,BRUNSWICK,GA,31525
LIHTC_CENSUS_0113,1991 MARTIN LUTHER KING JR DRIVE SW,ATLANTA (FULTON),GA,30310
LIHTC_CENSUS_0114,1999 MARTIN LUTHER KING JR DRIVE SW,ATLANTA (FULTON),GA,30310
LIHTC_CENSUS_0115,91 1471 MIULA STREET,EWA BEACH,HI,96706
LIHTC_CENSUS_0116,400 KINOOLE ST,HILO,HI,96720
LIHTC_CENSUS_0117,4664 KALEPA CIR,HANAMAULU,HI,96766
LIHTC_CENSUS_0118,4690 KALEPA CIR,HANAMAULU,HI,96766
LIHTC_CENSUS_0119,99 009 KALALOA ST,AIEA,HI,96701
LIHTC_CENSUS_0120,119 W LANIKAULA ST,HILO,HI,96720
LIHTC_CENSUS_0121,3815 TRIPP STREET,AMES,IA,50014
LIHTC_CENSUS_0122,214 7TH AVESW,CEDAR RAPIDS,IA,52404
LIHTC_CENSUS_0123,504 VAN FOSSEN LN,ADEL,IA,50003
LIHTC_CENSUS_0124,600 S 12TH ST,ADEL,IA,50003
LIHTC_CENSUS_0125,504 E DAWN ST,LE GRAND,IA,50142
LIHTC_CENSUS_0126,201 LEE STREET A101,AMERICAN FALLS,ID,83201
LIHTC_CENSUS_0127,1451 FALCON DRIVE,AMMON,ID,83406
LIHTC_CENSUS_0128,201 LEE ST,AMERICAN FALLS,ID,83201
LIHTC_CENSUS_0129,1501 FALCON DR,AMMON,ID,83406
LIHTC_CENSUS_0130,10482 WEST UTAHNA ROAD,BOISE,ID,83714
LIHTC_CENSUS_0131,1249 GRAND AVENUE,BOISE,ID,83702
LIHTC_CENSUS_0132,1302 MEGGAN STREET,BLACKFOOT,ID,83221
LIHTC_CENSUS_0133,1305 MEGGAN STREET,BLACKFOOT,ID,83221
LIHTC_CENSUS_0134,241 W SPRINGFIELD RD,ARCOLA,IL,61910
LIHTC_CENSUS_0135,120 W BOEGER DR,ARLINGTON HEIGHTS,IL,60461
LIHTC_CENSUS_0136,120 22 W BOEGER DR,ARLINGTON HEIGHTS,IL,60461
LIHTC_CENSUS_0137,300 302 RHEMA DR,ARTHUR,IL,61911
LIHTC_CENSUS_0138,601 N MEADOWS BLVD,ADDISON,IL,60101
LIHTC_CENSUS_0139,902 W COLLEGE BLVD,ADDISON,IL,60101
LIHTC_CENSUS_0140,3128 1/2 W PALMER SQ,CHICAGO,IL,60647
LIHTC_CENSUS_0141,123 - 125 E. PERSHING ROAD 3908 S. INDIANA AVE.,CHICAGO,IL,60653
LIHTC_CENSUS_0142,223 - 225 E. 41ST STREET 4108 S. PRAIRIE AVE.,CHICAGO,IL,60653
LIHTC_CENSUS_0143,2118 1/2 N KEDZIE BLVD,CHICAGO,IL,60647
LIHTC_CENSUS_0144,105 1/2 W FIRST ST,DIXON,IL,61021
LIHTC_CENSUS_0145,302 N HARRISON STREET,ALEXANDRIA,IN,46001
LIHTC_CENSUS_0146,1315 JOHN STREET,ANDERSON,IN,46016
LIHTC_CENSUS_0147,401 N VIRGIL,AKRON,IN,46910
LIHTC_CENSUS_0148,301 N CANAL STREET,ALEXANDRIA,IN,46001
LIHTC_CENSUS_0149,2200 HUMMINGBIRD LN,ALEXANDRIA,IN,46001
LIHTC_CENSUS_0150,306 LINCOLN WOOD DR,ALEXANDRIA,IN,46001
LIHTC_CENSUS_0151,2030 RUNAWAY BAY DR,INDIANAPOLIS,IN,46208
LIHTC_CENSUS_0152,31 RED BUD ST,LOOGOOTEE,IN,47553
LIHTC_CENSUS_0153,596 - 610 KATELYNN DR.,PORTLAND,IN,47371
LIHTC_CENSUS_0154,615 KATELYNN DR.,PORTLAND,IN,47371
LIHTC_CENSUS_0155,502 1/2 N MAIN ST,CLOVERDALE,IN,46120
LIHTC_CENSUS_0156,2429 N 154TH ST,BASEHOR,KS,66007
LIHTC_CENSUS_0157,915 18TH STREET,BELLEVILLE,KS,66935
LIHTC_CENSUS_0158,801 W TAYLOR AVE,ARKANSAS CITY,KS,67005
LIHTC_CENSUS_0159,2429 N. 155TH STREET,BASEHOR,KS,66007
LIHTC_CENSUS_0160,510 NW SECOND ST,ABILENE,KS,67410
LIHTC_CENSUS_0161,610 NW SECOND ST,ABILENE,KS,67410
LIHTC_CENSUS_0162,904 RIDGE RD.,BALDWIN CITY,KS,66006
LIHTC_CENSUS_0163,906 RIDGE RD.,BALDWIN CITY,KS,66006
LIHTC_CENSUS_0164,817 1/2 W BURTON ST,WICHITA,KS,67213
LIHTC_CENSUS_0165,1791 OLD LOUISVILLE RD,BOWLING GREEN,KY,42101
LIHTC_CENSUS_0166,1119 NORTHRIDGE DR,ELIZABETHTOWN,KY,42701
LIHTC_CENSUS_0167,100 W WATER ST,ALBANY,KY,42602
LIHTC_CENSUS_0168,80 MURPHY BOTTOM RD,BELFRY,KY,41514
LIHTC_CENSUS_0169,1810 HILL RISE DRIVE,LEXINGTON,KY,40504
LIHTC_CENSUS_0170,1820 HILL RISE DRIVE,LEXINGTON,KY,40504
LIHTC_CENSUS_0171,462 AUSTIN LANE,BASTROP,LA,71220
LIHTC_CENSUS_0172,1358 GLACIER STREET,BATON ROUGE,LA,10802
LIHTC_CENSUS_0173,601 SASSAFRA,BASTROP,LA,71220
LIHTC_CENSUS_0174,100 CANE LANE # A,ABBEVILLE,LA,70510
LIHTC_CENSUS_0175,2405 RICHARD STREET,ABBEVILLE,LA,70510
LIHTC_CENSUS_0176,100 NORTH UNIVERSITY AVENUE,LAFAYETTE,LA,70501
LIHTC_CENSUS_0177,351 RICHARD SRTEET,SUNSET,LA,70584
LIHTC_CENSUS_0178,2555 LOBLOLLY LANE,ALEXANDRIA,LA,71303
LIHTC_CENSUS_0179,2705 LOBLOLLY LANE,ALEXANDRIA,LA,71303
LIHTC_CENSUS_0180,1900 DORCHESTER AVE,BOSTON,MA,02124
LIHTC_CENSUS_0181,"38 WALNUT PARK, 11-15 WALDREN ROAD, 361-363 WALNUT AVENUE, 3224-3234 WASHINGTON STREET",BOSTON,MA,02119
LIHTC_CENSUS_0182,1428 MAIN STREET,BOSTON,MA,01420
LIHTC_CENSUS_0183,520 BROADWAY STREET,BOSTON,MA,01841
LIHTC_CENSUS_0184,1 WOODLANDS WAY,ABINGTON,MA,02351
LIHTC_CENSUS_0185,303 SUMMER ST,ABINGTON,MA,02351
LIHTC_CENSUS_0186,52 58 FRANKLIN HILL AVE,DORCHESTER CENTER,MA,02124
LIHTC_CENSUS_0187,11 GEORGETOWN DRIVE,BOSTON,MA,01570
LIHTC_CENSUS_0188,13 GEORGETOWN DRIVE,BOSTON,MA,01570
LIHTC_CENSUS_0189,10 GEORGETOWN DRIVE,BOSTON,MA,01570
LIHTC_CENSUS_0190,11 GEORGETOWNE DRIVE,BOSTON,MA,02136
LIHTC_CENSUS_0191,360 1/2 TOKENEKE RD,HOLYOKE,MA,01040
LIHTC_CENSUS_0192,175 ADMIRAL COCHRANE DRIVE,ANNAPOLIS,MD,21401
LIHTC_CENSUS_0193,29 WEST WASHINGTON STREET,ANNAPOLIS,MD,21401
LIHTC_CENSUS_0194,305 FULLERTON PLACE,ABINGDON,MD,21009
LIHTC_CENSUS_0195,322 LOGAN STREET,ABINGDON,MD,21009
LIHTC_CENSUS_0196,101 HANOVER ST,ABERDEEN,MD,21001
LIHTC_CENSUS_0197,1222 PERRYMAN RD,ABERDEEN,MD,21001
LIHTC_CENSUS_0198,100 - 315 RUDY PARK,ELKTON,MD,21921
LIHTC_CENSUS_0199,5511 WATERLOO ROAD,ELLICOTT CITY,MD,21043
LIHTC_CENSUS_0200,11 MONUMENT STREET,ANNAPOLIS,MD,21401
LIHTC_CENSUS_0201,13 MONUMENT STREET,ANNAPOLIS,MD,21401
LIHTC_CENSUS_0202,660 FITZWATER ST,SALISBURY,MD,21801
LIHTC_CENSUS_0203,670 FITZWATER ST,SALISBURY,MD,21801
LIHTC_CENSUS_0204,477 MINOT AVENUE,AUBURN,ME,04210
LIHTC_CENSUS_0205,25 RIDGE ROAD,AUGUSTA,ME,04330
LIHTC_CENSUS_0206,477 MINOT,AUBURN,ME,04210
LIHTC_CENSUS_0207,20 RIDGE RD,AUGUSTA,ME,04330
LIHTC_CENSUS_0208,199 WATERBORO RD,ALFRED,ME,04002
LIHTC_CENSUS_0209,108 CT ST,AUBURN,ME,04210
LIHTC_CENSUS_0210,510 COLONIAL DRIVE,ALLEGAN,MI,49010
LIHTC_CENSUS_0211,1010 ARBORDALE,ANN ARBOR,MI,48103
LIHTC_CENSUS_0212,106 PACKARD ST.,ANN ARBOR,MI,48104
LIHTC_CENSUS_0213,2725 GLORIETTA DRIVE,GENOA TOWNSHIP,MI,48843
LIHTC_CENSUS_0214,249 W MAIN ST,ADDISON,MI,49220
LIHTC_CENSUS_0215,1059 S WINTER ST,ADRIAN,MI,49221
LIHTC_CENSUS_0216,250 WEST GRAND BLVD,DETROIT,MI,48216
LIHTC_CENSUS_0217,388 WEST GRAND BLVD,DETROIT,MI,48216
LIHTC_CENSUS_0218,44 1/2 DIVISION AVE S,GRAND RAPIDS,MI,49503
LIHTC_CENSUS_0219,2710 JEFFERSON AVENUE,MIDLAND,MI,48640
LIHTC_CENSUS_0220,1000 MINNESOTA AVE S,AITKIN,MN,56431
LIHTC_CENSUS_0221,610 AIR PARK DR,AITKIN,MN,56431
LIHTC_CENSUS_0222,26697 WILD RICE LOOP,BAGLEY,MN,56621
LIHTC_CENSUS_0223,14232 GRAND OAKS DRIVE,BAXTER,MN,56425
LIHTC_CENSUS_0224,139 WILLIAMS E,ALBERT LEA,MN,56007
LIHTC_CENSUS_0225,802 TROY RD,ALBERT LEA,MN,56007
LIHTC_CENSUS_0226,439 BLAKE RD N,HOPKINS,MN,55343
LIHTC_CENSUS_0227,4489 MARSH DR NE,PRIOR LAKE,MN,55372
LIHTC_CENSUS_0228,11345 WESTWIND DR,EDEN PRAIRIE,MN,55344
LIHTC_CENSUS_0229,11355 WESTWIND DR,EDEN PRAIRIE,MN,55344
LIHTC_CENSUS_0230,12525 GLENBROOK WAY,APPLE VALLEY,MN,55124
LIHTC_CENSUS_0231,12529 GLENBROOK WAY,APPLE VALLEY,MN,55124
LIHTC_CENSUS_0232,205 5TH ST W,BAUDETTE,MN,56623
LIHTC_CENSUS_0233,100 - 134 BRECKENRIDGE PATH,EAGLE LAKE,MN,56024
LIHTC_CENSUS_0234,2175 NOBLES STREET,WORTHINGTON,MN,55187
LIHTC_CENSUS_0235,2195 NOBLES STREET,WORTHINGTON,MN,55187
LIHTC_CENSUS_0236,6129 JACKSON,BERKELEY,MO,63134
LIHTC_CENSUS_0237,1800 S. BARON DRIVE,BOLIVAR,MO,65613
LIHTC_CENSUS_0238,125 S HOUSTON ST,ADRIAN,MO,64720
LIHTC_CENSUS_0239,8520 MACKENZIE RD,AFFTON,MO,63123
LIHTC_CENSUS_0240,4302 1/2 OAKWOOD AVE,ST LOUIS,MO,63121
LIHTC_CENSUS_0241,6053 1/2 GRIMSHAW AVE,ST LOUIS,MO,63120
LIHTC_CENSUS_0242,1115 SECOND STREET,BEAUMONT,MS,39423
LIHTC_CENSUS_0243,101 KING RANCH CIRCLE,CANTON,MS,39046
LIHTC_CENSUS_0244,900 W CANAL STREET,ABERDEEN,MS,39730
LIHTC_CENSUS_0245,162 W CHERRY ST,ACKERMAN,MS,39735
LIHTC_CENSUS_0246,121 WEAST AVENUE,ABSAROKEE,MT,59001
LIHTC_CENSUS_0247,107 LUMPRY ROAD,ARLEE,MT,59821
LIHTC_CENSUS_0248,215 E PENNSYLVANIA AVE,ANACONDA,MT,59711
LIHTC_CENSUS_0249,1006 CARDINAL DR,BELGRADE,MT,59714
LIHTC_CENSUS_0250,335 - 349 SIOUX LANE,BILLINGS,MT,59101
LIHTC_CENSUS_0251,312 - 314 COURTYARDS CIRCLE,CORVALLIS,MT,59828
LIHTC_CENSUS_0252,1427 1/2 FOURTH ST,HAVRE,MT,59501
LIHTC_CENSUS_0253,700 MAGNOLIA DRIVE,ABERDEEN,NC,28315
LIHTC_CENSUS_0254,100 CYPRESS COURT,AHOSKIE,NC,27910
LIHTC_CENSUS_0255,1000 BRADFORD DRIVE,ABERDEEN,NC,28315
LIHTC_CENSUS_0256,1100 BRADFORD DRIVE,ABERDEEN,NC,28315
LIHTC_CENSUS_0257,400 SUNSET ST W,AHOSKIE,NC,27910
LIHTC_CENSUS_0258,1911 MIDWOOD DR,ALBEMARLE,NC,28001
LIHTC_CENSUS_0259,156 E ACADEMY STREET,ASHEBORO,NC,27203
LIHTC_CENSUS_0260,2100 BAREFOOT PARK LN,WILSON,NC,27893
LIHTC_CENSUS_0261,2102 BAREFOOT PARK LN,WILSON,NC,27893
LIHTC_CENSUS_0262,1210 KIANA LN,FAYETTEVILLE,NC,28314
LIHTC_CENSUS_0263,1211 KIANA LN,FAYETTEVILLE,NC,28314
LIHTC_CENSUS_0264,2585 DAKOTA BLVD,ABERCROMBIE,ND,58601
LIHTC_CENSUS_0265,100 WEST MAIN STREET,BISMARCK,ND,58501
LIHTC_CENSUS_0266,110 EDUCATION LANE NE,BELCOURT,ND,58316
LIHTC_CENSUS_0267,205 SECOND ST NW,BEULAH,ND,58523
LIHTC_CENSUS_0268,3020 18TH STREET,COLUMBUS,NE,68601
LIHTC_CENSUS_0269,1600 KNOX STREET,LINCOLN,NE,68521
LIHTC_CENSUS_0270,1814 BINNEY ST,OMAHA,NE,68110
LIHTC_CENSUS_0271,1821 BINNEY ST,OMAHA,NE,68810
LIHTC_CENSUS_0272,717 S A ST,ALBION,NE,68620
LIHTC_CENSUS_0273,611 SATURN ST,ALDA,NE,68810
LIHTC_CENSUS_0274,2854 ANGELS SHARE DRIVE,BLAIR,NE,68008
LIHTC_CENSUS_0275,2876 ANGELS SHARE DRIVE,BLAIR,NE,68008
LIHTC_CENSUS_0276,155 MAYNESBORO STREET,BERLIN,NH,03570
LIHTC_CENSUS_0277,2506 MAIN STREET,BETHLEHEM,NH,03574
LIHTC_CENSUS_0278,6 AIKEN ST,ANTRIM,NH,03440
LIHTC_CENSUS_0279,24 LEDGEWOOD LANE,ASHLAND,NH,03217
LIHTC_CENSUS_0280,49 PLEASANT ST,ALSTEAD,NH,03602
LIHTC_CENSUS_0281,2 VETERANS RD,AMHERST,NH,03031
LIHTC_CENSUS_0282,145 CLIFFWOOD AVENUE,ABERDEEN TWP,NJ,07721
LIHTC_CENSUS_0283,100 LECHNER CIR,ANNANDALE,NJ,08801
LIHTC_CENSUS_0284,200 GLASSWORKS BLVD,ABERDEEN,NJ,07721
LIHTC_CENSUS_0285,202 GLASSWORKS BLVD,ABERDEEN,NJ,07721
LIHTC_CENSUS_0286,1228 MONROE AVENUE,ASBURY PARK,NJ,07712
LIHTC_CENSUS_0287,1284 WASHINGTON AVENUE,ASBURY PARK,NJ,07712
LIHTC_CENSUS_0288,1012 SPRINGWOOD AVENUE,ASBURY PARK,NJ,07712
LIHTC_CENSUS_0289,1100 SPRINGWOOD AVENUE,ASBURY PARK,NJ,07712
LIHTC_CENSUS_0290,1503 1/2 SEWALL AVENUE,ASBURY PARK CITY,NJ,07712
LIHTC_CENSUS_0291,1400 - 1414 BROOKS COURT,ATLANTIC CITY,NJ,08401
LIHTC_CENSUS_0292,5710 AVALON ROAD NW,ALBUQUERQUE,NM,87105
LIHTC_CENSUS_0293,9901 CEJA VISTA ROAD SW,ALBUQUERQUE,NM,87121
LIHTC_CENSUS_0294,710 HUECO STREET,CARLSBAD,NM,88220
LIHTC_CENSUS_0295,7810 PASEO DRIVE 550 NE,RIO RANCHO,NM,87144
LIHTC_CENSUS_0296,1709 13TH ST,ALAMOGORDO,NM,88310
LIHTC_CENSUS_0297,2400 FIRST ST,ALAMOGORDO,NM,88310
LIHTC_CENSUS_0298,1225 SOUTH CROWELL AVENUE,BEATTY,NV,89003
LIHTC_CENSUS_0299,123 BOGUS AVE,CARSON CITY,NV,89701
LIHTC_CENSUS_0300,453 ELQUIST DRIVE,BATTLE MOUNTAIN,NV,89820
LIHTC_CENSUS_0301,1150 E LONG ST,CARSON CITY,NV,89706
LIHTC_CENSUS_0302,20 WESTGATE AVE EXT,AKRON,NY,14001
LIHTC_CENSUS_0303,221 SHERIDAN AVENUE,ALBANY,NY,12210
LIHTC_CENSUS_0304,21 WESTGATE AVE EXT,AKRON,NY,14001
LIHTC_CENSUS_0305,22 WESTGATE AVE EXT,AKRON,NY,14001
LIHTC_CENSUS_0306,60 DE BAUN AVE,AIRMONT,NY,10901
LIHTC_CENSUS_0307,10 MORRIS STREET,ALBANY,NY,12208
LIHTC_CENSUS_0308,2646 2ND ST,ASTORIA,NY,11102
LIHTC_CENSUS_0309,4439 THIRD AVENUE,BRONX,NY,10457
LIHTC_CENSUS_0310,4511 THIRD AVENUE,BRONX,NY,10457
LIHTC_CENSUS_0311,1 LYDUN DRIVE EXT,ALBION,NY,14411
LIHTC_CENSUS_0312,3 LYDUN DRIVE EXT,ALBION,NY,14411
LIHTC_CENSUS_0313,172 1/2 S MAIN ST,BATAVIA,NY,14020
LIHTC_CENSUS_0314,1775 -1785 WALTON AVENUE,BRONX,NY,10453
LIHTC_CENSUS_0315,681 MOORE RD,AKRON,OH,44319
LIHTC_CENSUS_0316,953 EAST MARKET STREET,AKRON,OH,44305
LIHTC_CENSUS_0317,474 NORTH MAIN STREET,AKRON,OH,44310
LIHTC_CENSUS_0318,67 OLIVE STREET,AKRON,OH,44310
LIHTC_CENSUS_0319,126 W N AVE,ADA,OH,45810
LIHTC_CENSUS_0320,401 W LIMA AVE,ADA,OH,45810
LIHTC_CENSUS_0321,1316 MCARTHUR AVE,DAYTON,OH,45417
LIHTC_CENSUS_0322,1440 MCARTHUR AVE,DAYTON,OH,45417
LIHTC_CENSUS_0323,1347 1/2 ALBERT ST,YOUNGSTOWN,OH,44505
LIHTC_CENSUS_0324,1175 SERENITY LOOP,ARDMORE,OK,73401
LIHTC_CENSUS_0325,606 HIGHLAND DRIVE,BARTLESVILLE,OK,74003
LIHTC_CENSUS_0326,1100 KERR LAB RD,ADA,OK,74820
LIHTC_CENSUS_0327,1301 N OAK AVE,ADA,OK,74820
LIHTC_CENSUS_0328,5 MITTIE MARTIN STREET,VIAN,OK,74962
LIHTC_CENSUS_0329,200 - 232 MICHAEL BOULEVARD,PAULS VALLEY,OK,73075
LIHTC_CENSUS_0330,1592 HARVARD ST,BANDON,OR,97411
LIHTC_CENSUS_0331,16251 SW JENKINS RD,BEAVERTON,OR,97006
LIHTC_CENSUS_0332,1610 HARVARD STREET,BANDON,OR,97411
LIHTC_CENSUS_0333,1628 HARVARD STREET,BANDON,OR,97411
LIHTC_CENSUS_0334,1265 SALEM AVE SE,ALBANY,OR,97321
LIHTC_CENSUS_0335,1415 SALEM AVE SE,ALBANY,OR,97321
LIHTC_CENSUS_0336,809 SE 15TH ST,PENDELTON,OR,97801
LIHTC_CENSUS_0337,811 SE 15TH ST,PENDELTON,OR,97801
LIHTC_CENSUS_0338,700 UNION ST,ALLENTOWN,PA,18101
LIHTC_CENSUS_0339,21 BUFFALO LN,ATHENS,PA,18810
LIHTC_CENSUS_0340,126 HOPPER LN,HOLLIDAYSBURG,PA,16448
LIHTC_CENSUS_0341,100 MEADOW DR,ALBION,PA,16401
LIHTC_CENSUS_0342,105 S MAIN ST,ALBURTIS,PA,18011
LIHTC_CENSUS_0343,801 ALLEGHENY ST,NEW BRIGHTON,PA,15066
LIHTC_CENSUS_0344,805 ALLEGHENY ST,NEW BRIGHTON,PA,15066
LIHTC_CENSUS_0345,422 1/2 N HALL ST,ALLENTOWN,PA,18102
LIHTC_CENSUS_0346,113 1/2 S QUEEN ST,LANCASTER,PA,17603
LIHTC_CENSUS_0347,24 MT. HOPE AVE,BRISTOL,RI,02809
LIHTC_CENSUS_0348,5 MAIN STREET,CUMBERLAND,RI,02864
LIHTC_CENSUS_0349,1 COACH MURGO LANE,BARRINGTON,RI,02806
LIHTC_CENSUS_0350,10 COACH MURGO LANE,BARRINGTON,RI,02806
LIHTC_CENSUS_0351,16 SWEET BRIAR RD,BARRINGTON,RI,02806
LIHTC_CENSUS_0352,90 BAY SPRING AVE,BARRINGTON,RI,02806
LIHTC_CENSUS_0353,110 COLEMAN STREET,ABBEVILLE,SC,29620
LIHTC_CENSUS_0354,1108 CAMBRIDGE STREET,ABBEVILLE,SC,29620
LIHTC_CENSUS_0355,100 COLEMAN STREET,ABBEVILLE,SC,29620
LIHTC_CENSUS_0356,101 COLEMAN STREET,ABBEVILLE,SC,29620
LIHTC_CENSUS_0357,200 ELLIS AVE,ABBEVILLE,SC,29620
LIHTC_CENSUS_0358,71 CARWELLYN ROAD,ABBEVILLE,SC,29620
LIHTC_CENSUS_0359,89 HANOVER ST,CHARLESTON,SC,29403
LIHTC_CENSUS_0360,91 HANOVER ST,CHARLESTON,SC,29403
LIHTC_CENSUS_0361,825 BAMA LANE,SUMTER,SC,29150
LIHTC_CENSUS_0362,845 BAMA LANE,SUMTER,SC,29150
LIHTC_CENSUS_0363,2205 ACE AVENUE,BROOKINGS,SD,57006
LIHTC_CENSUS_0364,2718 IDAHO AVENUE SE,HURON,SD,57350
LIHTC_CENSUS_0365,2215 ACE AVENUE,BROOKINGS,SD,57006
LIHTC_CENSUS_0366,2227 ACE AVENUE,BROOKINGS,SD,57006
LIHTC_CENSUS_0367,10 NINTH AVE SW,ABERDEEN,SD,57401
LIHTC_CENSUS_0368,1016 FIRST AVE SE,ABERDEEN,SD,57401
LIHTC_CENSUS_0369,265 QUINLAND PLACE,ALGOOD,TN,38506
LIHTC_CENSUS_0370,300 QUINLAND LAKE RD,ALLGOOD,TN,38501
LIHTC_CENSUS_0371,265 QUINLAND LAKE ROAD,ALGOOD,TN,38506
LIHTC_CENSUS_0372,300 QUINLAND LAKE COURT,ALLGOOD,TN,38501
LIHTC_CENSUS_0373,53 AUTUMN VALLEY DR,ALAMO,TN,38001
LIHTC_CENSUS_0374,944 N WRIGHT ROAD,ALCOA,TN,37701
LIHTC_CENSUS_0375,100 DEVEL LANE,CHATTANOOGA,TN,37405
LIHTC_CENSUS_0376,101 DEVEL LANE,CHATTANOOGA,TN,37405
LIHTC_CENSUS_0377,713 1/2 W FIFTH ST,DICKSON,TN,37055
LIHTC_CENSUS_0378,5801 AUTUMN SAGE LANE,ABILENE,TX,79606
LIHTC_CENSUS_0379,210 S EAGLE PASS ST,ALTON,TX,78573
LIHTC_CENSUS_0380,210 N EAGLE PASS ST,ALTON,TX,78572
LIHTC_CENSUS_0381,1121 DEBBIE LANE (SOUTH OF COLLINS STREET AND EAST OF YORK BEACH,ARLINGTON,TX,76002
LIHTC_CENSUS_0382,1208 THIRD ST,ABERNATHY,TX,79311
LIHTC_CENSUS_0383,1250 YEOMANS RD,ABILENE,TX,79602
LIHTC_CENSUS_0384,537 N GENERAL MCMULLEN DR,SAN ANTONIO,TX,78228
LIHTC_CENSUS_0385,4810 FAIRWAY BLVD.,WICHITA FALLS,TX,76310
LIHTC_CENSUS_0386,4822 FAIRWAY BLVD.,WICHITA FALLS,TX,76310
LIHTC_CENSUS_0387,11704 N LAMAR BLVD,AUSTIN,TX,78753
LIHTC_CENSUS_0388,11706 N LAMAR BLVD,AUSTIN,TX,78753
LIHTC_CENSUS_0389,559 W. PACIFIC COURT CIRCLE,AMERICAN FORK,UT,84003
LIHTC_CENSUS_0390,571 EAST 620 SOUTH,AMERICAN FORK,UT,84003
LIHTC_CENSUS_0391,492 WEST 500 SOUTH,BLANDING,UT,84511
LIHTC_CENSUS_0392,14035 S. MARKETVIEW DRIVE,BLUFFDALE,UT,84065
LIHTC_CENSUS_0393,311 -325 SOUTH 430 EAST,EPHRAIM,UT,84627
LIHTC_CENSUS_0394,1187 - 1189 W 200 N,PROVO,UT,84601
LIHTC_CENSUS_0395,317 -319 WEST OURAY AVENUE,SALT LAKE CITY,UT,84109
LIHTC_CENSUS_0396,19274 ELEMENTARY DRIVE,ABINGDON,VA,24210
LIHTC_CENSUS_0397,502 LOWRY DRIVE,ABINGDON,VA,24210
LIHTC_CENSUS_0398,16100 GILBERT DRIVE / 16104 GILBERT DRIVE,ABINGDON,VA,24210
LIHTC_CENSUS_0399,16101 GILBERT DRIVE / 16105 GILBERT DRIVE,ABINGDON,VA,24210
LIHTC_CENSUS_0400,15379 WHITES MILL RD,ABINGDON,VA,24210
LIHTC_CENSUS_0401,16169 GILBERT DR,ABINGDON,VA,24210
LIHTC_CENSUS_0402,181 COMMERCE DRIVE,HARRISONBURG,VA,22802
LIHTC_CENSUS_0403,241 COMMERCE DRIVE,HARRISONBURG,VA,22802
LIHTC_CENSUS_0404,7801 BELFORD DRIVE,ALEXANDRIA,VA,22306
LIHTC_CENSUS_0405,7803 BELFORD DRIVE,ALEXANDRIA,VA,22306
LIHTC_CENSUS_0406,212 SAFFORD ST,BENNINGTON,VT,05201
LIHTC_CENSUS_0407,464 CANAL STREET,BRATTLEBORO,VT,05301
LIHTC_CENSUS_0408,30 BATTENKILL LANE,ARLINGTON,VT,05250
LIHTC_CENSUS_0409,409 VT RTE 313W,ARLINGTON,VT,05250
LIHTC_CENSUS_0410,12 CARLE ST,ALBURGH,VT,05440
LIHTC_CENSUS_0411,6 LAKE ST,ALBURGH,VT,05440
LIHTC_CENSUS_0412,106 GREEN STREET,HINESBURG,VT,05461
LIHTC_CENSUS_0413,107 GREEN STREET,HINESBURG,VT,05461
LIHTC_CENSUS_0414,11 1/2 CEDAR ST,BURLINGTON,VT,05401
LIHTC_CENSUS_0415,310 - 312 MANHATTAN DR,BURLINGTON,VT,05401
LIHTC_CENSUS_0416,29 1/2 N PLEASANT ST,MIDDLEBURY,VT,05753
LIHTC_CENSUS_0417,"505 NORTH F STREET, 1109 SKYVIEW LN",ABERDEEN,WA,98520
LIHTC_CENSUS_0418,602 E. FIRST STEET,ABERDEEN,WA,98520
LIHTC_CENSUS_0419,101 W SECOND STREET,ABERDEEN,WA,98520
LIHTC_CENSUS_0420,1105 ARTHUR ST,ABERDEEN,WA,98520
LIHTC_CENSUS_0421,1110 29TH ST,ANACORTES,WA,98221
LIHTC_CENSUS_0422,801 29TH ST,ANACORTES,WA,98221
LIHTC_CENSUS_0423,1103 29TH ST,ANACORTES,WA,98221
LIHTC_CENSUS_0424,808 29TH STREET,ANACORTES,WA,98221
LIHTC_CENSUS_0425,130 S. KETCHUM DR.,AIRWAY HEIGHTS,WA,99001
LIHTC_CENSUS_0426,134 S. KETCHUM DR.,AIRWAY HEIGHTS,WA,99001
LIHTC_CENSUS_0427,26902 169TH PLACE SE,COVINGTON,WA,98042
LIHTC_CENSUS_0428,22707 76TH AVE W,EDMONDS,WA,98026
LIHTC_CENSUS_0429,625 W NORTH ST,ADAMS,WI,53910
LIHTC_CENSUS_0430,218 E RANDALL ST,APPLETON,WI,54911
LIHTC_CENSUS_0431,569 W NORTH ST,ADAMS,WI,53910
LIHTC_CENSUS_0432,645 W NORTH ST,ADAMS,WI,53910
LIHTC_CENSUS_0433,509 N ELM ST,ADAMS,WI,53910
LIHTC_CENSUS_0434,1409 SIXTH ST,ALGOMA,WI,54201
LIHTC_CENSUS_0435,310 - 320 DEHNE DR,COLBY,WI,54421
LIHTC_CENSUS_0436,2617 - 2621 PHEASANT RIDGE TRAIL,MADISON,WI,53713
LIHTC_CENSUS_0437,411 - 413 N. ONEIDA ST.,APPLETON,WI,54911
LIHTC_CENSUS_0438,1017 - 1019 RITSHER ST,BELOIT,WI,53511
LIHTC_CENSUS_0439,1531 - 1535 FARWELL AVENUE,MILWAUKEE,WI,53202
LIHTC_CENSUS_0440,4211 - 4231 W NORTH AVE,MILWAUKEE,WI,53208
LIHTC_CENSUS_0441,717 RIVERVIEW DR,BELMONT,WV,26134
LIHTC_CENSUS_0442,400 TREMONT PARK CIR,BLUEWELL,WV,24701
LIHTC_CENSUS_0443,717 RIVERVIEW RD,BELMONT,WV,26134
LIHTC_CENSUS_0444,24 ELM MEADOWS WAY,BUCKHANNON,WV,26201
LIHTC_CENSUS_0445,200 ELM ST,ALUM CREEK,WV,25003
LIHTC_CENSUS_0446,2 QUINTON CT,BARBOURSVILLE,WV,25504
LIHTC_CENSUS_0447,500 HUNT AVE,CHARLESTON,WV,25302
LIHTC_CENSUS_0448,502 HUNT AVE,CHARLESTON,WV,25302
LIHTC_CENSUS_0449,1 - 87 SARGENT SQUARE,POCA,WV,25311
LIHTC_CENSUS_0450,4400 S. COFFMAN AVE.,CASPER,WY,82604
LIHTC_CENSUS_0451,4701 TRANQUILITY WAY,CASPER,WY,82604
LIHTC_CENSUS_0452,408 MURRAY ROAD,CHEYENNE,WY,82007
LIHTC_CENSUS_0453,2734 COUGAR AVENUE,CODY,WY,82414
LIHTC_CENSUS_0454,111 BOARDWALK DRIVE,ALPINE,WY,83128
LIHTC_CENSUS_0455,16 OSTERHOUT DR,BIG PINEY,WY,83113
LIHTC_CENSUS_0456,4671 TRANQUILITY WAY,CASPER,WY,82604
LIHTC_CENSUS_0457,4687 TRANQUILITY WAY,CASPER,WY,82604
