"LIHTC_CENSUS_0407","464 CANAL STREET, BRATTLEBORO, VT, 05301","Match","Exact","464 CANAL ST, BRATTLEBORO, VT, 05301","-72.564976706201,42.839244696724","171080441","R","50","025","968500","2015"
"LIHTC_CENSUS_0408","30 BATTENKILL LANE, ARLINGTON, VT, 05250","Match","Exact","30 BATTENKILL LN, ARLINGTON, VT, 05250","-73.160738725335,43.075349548832","139215006","R","50","003","971600","1026"
"LIHTC_CENSUS_0409","409 VT RTE 313W, ARLINGTON, VT, 05250","Match","Non_Exact","409 STATE RTE 313, ARLINGTON, VT, 05250","-73.155133609366,43.054967178752","139199513","L","50","003","971600","1020"
"LIHTC_CENSUS_0410","12 CARLE ST, ALBURGH, VT, 05440","Match","Exact","12 CARLE ST, ALBURGH, VT, 05440","-73.296513778052,44.975738987916","640410455","R","50","013","020100","1008"
"LIHTC_CENSUS_0411","6 LAKE ST, ALBURGH, VT, 05440","Match","Exact","6 LAKE ST, ALBURGH, VT, 05440","-73.302019487343,44.974974222603","624782624","R","50","013","020100","1025"
"LIHTC_CENSUS_0412","106 GREEN STREET, HINESBURG, VT, 05461","Match","Exact","106 GREEN ST, HINESBURG, VT, 05461","-73.111645596486,44.327554618521","640658683","R","50","007","003502","1014"
"LIHTC_CENSUS_0413","107 GREEN STREET, HINESBURG, VT, 05461","Match","Exact","107 GREEN ST, HINESBURG, VT, 05461","-73.111591040849,44.327662863195","640658683","L","50","007","003502","1014"
"LIHTC_CENSUS_0414","11 1/2 CEDAR ST, BURLINGTON, VT, 05401","Match","Non_Exact","11 1/2 CEDAR ST, BURLINGTON, VT, 05401","-73.217311375466,44.485844716661","135827222","R","50","007","000300","1004"
"LIHTC_CENSUS_0415","310 - 312 MANHATTAN DR, BURLINGTON, VT, 05401","Match","Non_Exact","312 MANHATTAN DR, BURLINGTON, VT, 05401","-73.214638087804,44.489070577434","135827789","L","50","007","000300","5004"
"LIHTC_CENSUS_0416","29 1/2 N PLEASANT ST, MIDDLEBURY, VT, 05753","Match","Non_Exact","2 N PLEASANT ST, MIDDLEBURY, VT, 05753","-73.167102504892,44.015496232492","136455673","L","50","001","960800","1014"
"LIHTC_CENSUS_0417","505 NORTH F STREET, 1109 SKYVIEW LN, ABERDEEN, WA, 98520","Match","Non_Exact","505 N F ST, ABERDEEN, WA, 98520","-123.818542603549,46.981430459869","180583531","L","53","027","001100","5010"
"LIHTC_CENSUS_0400","15379 WHITES MILL RD, ABINGDON, VA, 24210","No_Match"
"LIHTC_CENSUS_0401","16169 GILBERT DR, ABINGDON, VA, 24210","Match","Exact","16169 GILBERT DR, ABINGDON, VA, 24210","-82.019312370048,36.714007114538","641492500","L","51","191","010402","1036"
"LIHTC_CENSUS_0402","181 COMMERCE DRIVE, HARRISONBURG, VA, 22802","Match","Exact","181 COMMERCE DR, HARRISONBURG, VA, 22802","-78.857233501543,38.457581813549","55762362","L","51","660","000101","4004"
"LIHTC_CENSUS_0403","241 COMMERCE DRIVE, HARRISONBURG, VA, 22802","No_Match"
"LIHTC_CENSUS_0404","7801 BELFORD DRIVE, ALEXANDRIA, VA, 22306","Match","Exact","7801 BELFORD DR, ALEXANDRIA, VA, 22306","-77.085902365522,38.745081152283","638206131","L","51","059","421500","3001"
"LIHTC_CENSUS_0405","7803 BELFORD DRIVE, ALEXANDRIA, VA, 22306","Match","Exact","7803 BELFORD DR, ALEXANDRIA, VA, 22306","-77.085918333556,38.745045854524","638206131","L","51","059","421500","3001"
"LIHTC_CENSUS_0406","212 SAFFORD ST, BENNINGTON, VT, 05201","Match","Exact","212 SAFFORD ST, BENNINGTON, VT, 05201","-73.187840403318,42.880324350126","139201719","L","50","003","971200","1015"
"LIHTC_CENSUS_0350","10 COACH MURGO LANE, BARRINGTON, RI, 02806","No_Match"
"LIHTC_CENSUS_0230","12525 GLENBROOK WAY, APPLE VALLEY, MN, 55124","Match","Exact","12525 GLENBROOK WAY, APPLE VALLEY, MN, 55124","-93.214851089898,44.767860738156","37932804","L","27","037","060805","3002"
"LIHTC_CENSUS_0351","16 SWEET BRIAR RD, BARRINGTON, RI, 02806","Match","Exact","16 SWEETBRIAR RD, BARRINGTON, RI, 02806","-71.342028431611,41.748802250656","640267104","L","44","001","030100","4022"
"LIHTC_CENSUS_0110","962 CARSWELL STREET, HOMERVILLE, GA, 31634","Match","Exact","962 CARSWELL ST, HOMERVILLE, GA, 31634","-82.748231734324,31.046180928458","5081878","R","13","065","970100","2093"
"LIHTC_CENSUS_0231","12529 GLENBROOK WAY, APPLE VALLEY, MN, 55124","No_Match"
"LIHTC_CENSUS_0352","90 BAY SPRING AVE, BARRINGTON, RI, 02806","Match","Exact","90 BAY SPRING AVE, BARRINGTON, RI, 02806","-71.345062293705,41.74809617375","46486154","L","44","001","030100","3001"
"LIHTC_CENSUS_0111","78 GLYNN MARSH DRIVE, BRUNSWICK, GA, 31525","Match","Non_Exact","78 GLYNNMARSH DR, BRUNSWICK, GA, 31525","-81.478693503493,31.214943163892","9147075","R","13","127","000504","3002"
"LIHTC_CENSUS_0232","205 5TH ST W, BAUDETTE, MN, 56623","Match","Non_Exact","205 5TH ST SW, BAUDETTE, MN, 56623","-94.60382908604,48.7074243834","176542211","R","27","077","460300","1080"
"LIHTC_CENSUS_0353","110 COLEMAN STREET, ABBEVILLE, SC, 29620","Match","Exact","110 COLEMAN ST, ABBEVILLE, SC, 29620","-82.375806133427,34.182233340987","38267325","R","45","001","950401","1030"
"LIHTC_CENSUS_0112","80 GLYNN MARSH DRIVE, BRUNSWICK, GA, 31525","Match","Non_Exact","80 GLYNNMARSH DR, BRUNSWICK, GA, 31525","-81.477867861044,31.215236337632","9147069","R","13","127","000504","3002"
"LIHTC_CENSUS_0233","100 - 134 BRECKENRIDGE PATH, EAGLE LAKE, MN, 56024","No_Match"
"LIHTC_CENSUS_0354","1108 CAMBRIDGE STREET, ABBEVILLE, SC, 29620","No_Match"
"LIHTC_CENSUS_0113","1991 MARTIN LUTHER KING JR DRIVE SW, ATLANTA (FULTON), GA, 30310","Match","Non_Exact","1991 MARTIN LUTHER KING JR DR SW, ATLANTA, GA, 30310","-84.452767231196,33.750083364835","17371561","R","13","121","008104","1007"
"LIHTC_CENSUS_0234","2175 NOBLES STREET, WORTHINGTON, MN, 55187","Match","Non_Exact","2175 NOBLES ST, WORTHINGTON, MN, 56187","-95.576038218249,43.616336170815","29739304","R","27","105","105500","1043"
"LIHTC_CENSUS_0355","100 COLEMAN STREET, ABBEVILLE, SC, 29620","Match","Exact","100 COLEMAN ST, ABBEVILLE, SC, 29620","-82.375653452833,34.182088670647","38267325","R","45","001","950401","1030"
"LIHTC_CENSUS_0114","1999 MARTIN LUTHER KING JR DRIVE SW, ATLANTA (FULTON), GA, 30310","Match","Non_Exact","1999 MARTIN LUTHER KING JR DR SW, ATLANTA, GA, 30310","-84.453030268561,33.750064661733","17371561","R","13","121","008104","1007"
"LIHTC_CENSUS_0235","2195 NOBLES STREET, WORTHINGTON, MN, 55187","Match","Non_Exact","2195 NOBLES ST, WORTHINGTON, MN, 56187","-95.575544266473,43.616331052362","29739303","R","27","105","105500","1043"
"LIHTC_CENSUS_0356","101 COLEMAN STREET, ABBEVILLE, SC, 29620","Match","Exact","101 COLEMAN ST, ABBEVILLE, SC, 29620","-82.375789101947,34.182065462665","38267325","L","45","001","950401","1030"
"LIHTC_CENSUS_0115","91 1471 MIULA STREET, EWA BEACH, HI, 96706","Match","Exact","91-1471 MIULA ST, EWA BEACH, HI, 96706","-158.033807587079,21.34214245996","646831683","R","15","003","008626","1011"
"LIHTC_CENSUS_0236","6129 JACKSON, BERKELEY, MO, 63134","Match","Non_Exact","6129 JACKSON AVE, BERKELEY, MO, 63134","-90.330788051415,38.748379939712","100121331","L","29","189","221800","2014"
"LIHTC_CENSUS_0357","200 ELLIS AVE, ABBEVILLE, SC, 29620","Match","Exact","200 ELLIS AVE, ABBEVILLE, SC, 29620","-82.383793030593,34.178844929838","38258050","L","45","001","950401","2041"
"LIHTC_CENSUS_0116","400 KINOOLE ST, HILO, HI, 96720","Match","Exact","400 KINOOLE ST, HILO, HI, 96720","-155.086492329789,19.72105409293","203044163","R","15","001","020300","3028"
"LIHTC_CENSUS_0237","1800 S. BARON DRIVE, BOLIVAR, MO, 65613","No_Match"
"LIHTC_CENSUS_0358","71 CARWELLYN ROAD, ABBEVILLE, SC, 29620","Match","Exact","71 CARWELLYN RD, ABBEVILLE, SC, 29620","-82.38591280092,34.16347545998","638143267","R","45","001","950500","4027"
"LIHTC_CENSUS_0117","4664 KALEPA CIR, HANAMAULU, HI, 96766","Match","Non_Exact","4664 KALEPA CIR, LIHUE, HI, 96766","-159.353796530927,21.996110323438","647672841","L","15","007","040401","1000"
"LIHTC_CENSUS_0238","125 S HOUSTON ST, ADRIAN, MO, 64720","Match","Non_Exact","125 S HOUSTON AVE, ADRIAN, MO, 64720","-94.348850603271,38.393404979097","44792192","L","29","013","070100","3030"
"LIHTC_CENSUS_0359","89 HANOVER ST, CHARLESTON, SC, 29403","Match","Non_Exact","89 N HANOVER ST, CHARLESTON, SC, 29403","-79.944133172389,32.806050658812","108806726","L","45","019","005400","2052"
"LIHTC_CENSUS_0118","4690 KALEPA CIR, HANAMAULU, HI, 96766","Match","Non_Exact","4690 KALEPA CIR, LIHUE, HI, 96766","-159.353155728955,21.996375983496","647672841","L","15","007","040401","1000"
"LIHTC_CENSUS_0239","8520 MACKENZIE RD, AFFTON, MO, 63123","Match","Exact","8520 MACKENZIE RD, AFFTON, MO, 63123","-90.32230005771,38.55725667252","651310182","L","29","189","219801","2004"
"LIHTC_CENSUS_0119","99 009 KALALOA ST, AIEA, HI, 96701","Match","Exact","99-009 KALALOA ST, AIEA, HI, 96701","-157.936155921074,21.365834148096","635954886","L","15","003","007504","1007"
"LIHTC_CENSUS_0340","126 HOPPER LN, HOLLIDAYSBURG, PA, 16448","No_Match"
"LIHTC_CENSUS_0220","1000 MINNESOTA AVE S, AITKIN, MN, 56431","Match","Exact","1000 MINNESOTA AVE S, AITKIN, MN, 56431","-93.706996190628,46.520786424877","162617684","R","27","001","770300","1063"
"LIHTC_CENSUS_0341","100 MEADOW DR, ALBION, PA, 16401","Match","Exact","100 MEADOW DR, ALBION, PA, 16401","-80.36608346753,41.883430073277","117514019","R","42","049","010107","2003"
"LIHTC_CENSUS_0100","2920 NW 18TH AVE., MIAMI, FL, 33142","Match","Exact","2920 NW 18TH AVE, MIAMI, FL, 33142","-80.225704893069,25.802613886029","116015363","L","12","086","002404","2002"
"LIHTC_CENSUS_0221","610 AIR PARK DR, AITKIN, MN, 56431","Match","Exact","610 AIR PARK DR, AITKIN, MN, 56431","-93.698527613654,46.537060112527","162617571","L","27","001","770300","1009"
"LIHTC_CENSUS_0342","105 S MAIN ST, ALBURTIS, PA, 18011","Match","Exact","105 S MAIN ST, ALBURTIS, PA, 18011","-75.603756076691,40.511466547299","80765563","R","42","077","006302","1008"
"LIHTC_CENSUS_0101","2940 NW 18TH AVE., MIAMI, FL, 33142","Match","Exact","2940 NW 18TH AVE, MIAMI, FL, 33142","-80.225708900844,25.802694041573","116015363","L","12","086","002404","2002"
"LIHTC_CENSUS_0222","26697 WILD RICE LOOP, BAGLEY, MN, 56621","Match","Exact","26697 WILD RICE LOOP, BAGLEY, MN, 56621","-95.495171333455,47.390181654065","168118688","L","27","029","000200","1035"
"LIHTC_CENSUS_0343","801 ALLEGHENY ST, NEW BRIGHTON, PA, 15066","Match","Exact","801 ALLEGHENY ST, NEW BRIGHTON, PA, 15066","-80.310616679159,40.736492320266","52559964","L","42","007","601400","2033"
"LIHTC_CENSUS_0102","807 WOODLAWN LOOP, CLEARWATER, FL, 33756","Match","Non_Exact","807 WOODLAWN ST, CLEARWATER, FL, 33756","-82.795285281704,27.942529226655","124670894","R","12","103","025800","3015"
"LIHTC_CENSUS_0223","14232 GRAND OAKS DRIVE, BAXTER, MN, 56425","Match","Exact","14232 GRAND OAKS DR, BAXTER, MN, 56425","-94.256756876066,46.359672413315","639293586","R","27","035","951301","3037"
"LIHTC_CENSUS_0344","805 ALLEGHENY ST, NEW BRIGHTON, PA, 15066","Match","Exact","805 ALLEGHENY ST, NEW BRIGHTON, PA, 15066","-80.310588146451,40.736493905416","52559964","L","42","007","601400","2033"
"LIHTC_CENSUS_0103","809 WOODLAWN LOOP, CLEARWATER, FL, 33756","Match","Non_Exact","809 WOODLAWN ST, CLEARWATER, FL, 33756","-82.795199374571,27.942530558546","124670894","R","12","103","025800","3015"
"LIHTC_CENSUS_0224","139 WILLIAMS E, ALBERT LEA, MN, 56007","Match","Non_Exact","139 E WILLIAM ST, ALBERT LEA, MN, 56007","-93.368175259057,43.648887172334","39534714","R","27","047","180600","2026"
"LIHTC_CENSUS_0345","422 1/2 N HALL ST, ALLENTOWN, PA, 18102","Match","Non_Exact","422 1/2 N HALL ST, ALLENTOWN, PA, 18102","-75.475662472219,40.608150364136","80768497","L","42","077","001600","4010"
"LIHTC_CENSUS_0104","100 PEAKS RDG, ACWORTH, GA, 30102","Match","Exact","100 PEAKS RIDGE, ACWORTH, GA, 30102","-84.581603026053,34.095386608158","641866424","L","13","057","091014","1006"
"LIHTC_CENSUS_0225","802 TROY RD, ALBERT LEA, MN, 56007","Match","Exact","802 TROY RD, ALBERT LEA, MN, 56007","-93.358747379363,43.671211729435","39553813","R","27","047","180500","3007"
"LIHTC_CENSUS_0346","113 1/2 S QUEEN ST, LANCASTER, PA, 17603","Match","Non_Exact","113 1/2 S QUEEN ST, LANCASTER, PA, 17603","-76.305225599343,40.035970836935","179713389","L","42","071","000900","4003"
"LIHTC_CENSUS_0105","4598 CARRUTH ST, ACWORTH, GA, 30101","Match","Exact","4598 CARRUTH ST, ACWORTH, GA, 30101","-84.666233668186,34.065202336593","17166356","L","13","067","030104","2005"
"LIHTC_CENSUS_0226","439 BLAKE RD N, HOPKINS, MN, 55343","Match","Exact","439 BLAKE RD N, HOPKINS, MN, 55343","-93.385551544773,44.932389837318","640717100","R","27","053","023202","2006"
"LIHTC_CENSUS_0347","24 MT. HOPE AVE, BRISTOL, RI, 02809","Match","Exact","24 MOUNT HOPE AVE, BRISTOL, RI, 02809","-71.2693366193,41.669833158008","46481827","R","44","001","030700","3006"
"LIHTC_CENSUS_0106","100 PEAKS RIDGE, ACWORTH, GA, 30102","Match","Exact","100 PEAKS RIDGE, ACWORTH, GA, 30102","-84.581603026053,34.095386608158","641866424","L","13","057","091014","1006"
"LIHTC_CENSUS_0227","4489 MARSH DR NE, PRIOR LAKE, MN, 55372","Match","Exact","4489 MARSH DR NE, PRIOR LAKE, MN, 55372","-93.429688855559,44.748631133536","651250738","L","27","139","080905","2007"
"LIHTC_CENSUS_0348","5 MAIN STREET, CUMBERLAND, RI, 02864","Match","Exact","5 MAIN ST, CUMBERLAND, RI, 02864","-71.399729640416,41.91407044044","47454392","R","44","007","011200","4004"
"LIHTC_CENSUS_0107","100 SANDY LANE, ACWORTH, GA, 30102","Match","Exact","100 SANDY LN, ACWORTH, GA, 30102","-84.581186364646,34.097061055794","642062427","R","13","057","091014","1006"
"LIHTC_CENSUS_0228","11345 WESTWIND DR, EDEN PRAIRIE, MN, 55344","Match","Exact","11345 WESTWIND DR, EDEN PRAIRIE, MN, 55344","-93.421615807977,44.845160551492","639216207","L","27","053","026020","2013"
"LIHTC_CENSUS_0349","1 COACH MURGO LANE, BARRINGTON, RI, 02806","No_Match"
"LIHTC_CENSUS_0108","237 IRWINVILLE RD, ABBEVILLE, GA, 31001","Match","Exact","237 IRWINVILLE RD, ABBEVILLE, GA, 31001","-83.310500132428,31.981556785505","9563610","L","13","315","960100","3022"
"LIHTC_CENSUS_0229","11355 WESTWIND DR, EDEN PRAIRIE, MN, 55344","Match","Exact","11355 WESTWIND DR, EDEN PRAIRIE, MN, 55344","-93.421756491122,44.845195981341","639216207","L","27","053","026020","2013"
"LIHTC_CENSUS_0109","465 GREGORY LANE, ACWORTH, GA, 30102","Match","Exact","465 GREGORY LN, ACWORTH, GA, 30102","-84.577296769434,34.08181597797","68863127","L","13","057","091013","2005"
"LIHTC_CENSUS_0370","300 QUINLAND LAKE RD, ALLGOOD, TN, 38501","No_Match"
"LIHTC_CENSUS_0250","335 - 349 SIOUX LANE, BILLINGS, MT, 59101","Match","Non_Exact","349 SIOUX LN, BILLINGS, MT, 59105","-108.477817980344,45.824696952211","639771033","R","30","111","000706","4000"
"LIHTC_CENSUS_0371","265 QUINLAND LAKE ROAD, ALGOOD, TN, 38506","Match","Non_Exact","265 QUINLAND LAKE RD, COOKEVILLE, TN, 38506","-85.456660083036,36.201682989884","649164151","L","47","141","000202","2036"
"LIHTC_CENSUS_0130","10482 WEST UTAHNA ROAD, BOISE, ID, 83714","Match","Non_Exact","10482 UTAHNA RD, BOISE, ID, 83714","-116.312728253775,43.68512539877","117875258","R","16","001","010237","1002"
"LIHTC_CENSUS_0251","312 - 314 COURTYARDS CIRCLE, CORVALLIS, MT, 59828","Match","Non_Exact","314 COURTYARD CIR, CORVALLIS, MT, 59828","-114.117659581877,46.312322912216","153567896","L","30","081","000402","2040"
"LIHTC_CENSUS_0372","300 QUINLAND LAKE COURT, ALLGOOD, TN, 38501","No_Match"
"LIHTC_CENSUS_0010","644 CULLMAN ROAD, ARAB, AL, 35016","No_Match"
"LIHTC_CENSUS_0131","1249 GRAND AVENUE, BOISE, ID, 83702","Match","Exact","1249 GRAND AVE, BOISE, ID, 83702","-116.212795805401,43.615216343422","117864381","L","16","001","000101","2023"
"LIHTC_CENSUS_0252","1427 1/2 FOURTH ST, HAVRE, MT, 59501","Match","Non_Exact","1427 1/2 4TH ST, HAVRE, MT, 59501","-109.662284569652,48.548697652513","162154407","R","30","041","040300","2060"
"LIHTC_CENSUS_0373","53 AUTUMN VALLEY DR, ALAMO, TN, 38001","Match","Exact","53 AUTUMN VALLEY DR, ALAMO, TN, 38001","-89.138471825492,35.791768314217","649122809","L","47","033","961100","1065"
"LIHTC_CENSUS_0011","644 CULLMAN ROAD SW, ARAB, AL, 35016","No_Match"
"LIHTC_CENSUS_0132","1302 MEGGAN STREET, BLACKFOOT, ID, 83221","Match","Exact","1302 MEGGAN ST, BLACKFOOT, ID, 83221","-112.319948394984,43.199403807452","130066182","L","16","011","950400","2009"
"LIHTC_CENSUS_0253","700 MAGNOLIA DRIVE, ABERDEEN, NC, 28315","Match","Exact","700 MAGNOLIA DR, ABERDEEN, NC, 28315","-79.423017661383,35.1519893796","638669390","L","37","125","951102","2037"
"LIHTC_CENSUS_0374","944 N WRIGHT ROAD, ALCOA, TN, 37701","Match","Exact","944 N WRIGHT RD, ALCOA, TN, 37701","-83.963939616692,35.79204219847","89832695","R","47","009","010100","1000"
"LIHTC_CENSUS_0012","160 THE TRAILS, BREWTON, AL, 36426","Match","Exact","160 THE TRAILS, BREWTON, AL, 36426","-87.07248635348,31.140746350079","1941623","L","01","053","970100","2033"
"LIHTC_CENSUS_0133","1305 MEGGAN STREET, BLACKFOOT, ID, 83221","Match","Exact","1305 MEGGAN ST, BLACKFOOT, ID, 83221","-112.319936356618,43.199518207941","130066182","R","16","011","950400","2009"
"LIHTC_CENSUS_0254","100 CYPRESS COURT, AHOSKIE, NC, 27910","Match","Exact","100 CYPRESS CT, AHOSKIE, NC, 27910","-76.973389600352,36.277524763875","651671436","L","37","091","950402","4020"
"LIHTC_CENSUS_0375","100 DEVEL LANE, CHATTANOOGA, TN, 37405","Match","Exact","100 DEVEL LN, CHATTANOOGA, TN, 37405","-85.307403241044,35.077504730469","59303227","R","47","065","000700","4025"
"LIHTC_CENSUS_0013","48 WESTRIDGE DR, ADDISON, AL, 35540","No_Match"
"LIHTC_CENSUS_0134","241 W SPRINGFIELD RD, ARCOLA, IL, 61910","Match","Non_Exact","241 E SPRINGFIELD RD, ARCOLA, IL, 61910","-88.306095360008,39.680896865","5746487","R","17","041","952400","3053"
"LIHTC_CENSUS_0255","1000 BRADFORD DRIVE, ABERDEEN, NC, 28315","Match","Exact","1000 BRADFORD DR, ABERDEEN, NC, 28315","-79.443180620089,35.132863977151","635630505","R","37","125","951101","3020"
"LIHTC_CENSUS_0376","101 DEVEL LANE, CHATTANOOGA, TN, 37405","Match","Exact","101 DEVEL LN, CHATTANOOGA, TN, 37405","-85.307368921036,35.077615826465","59303227","L","47","065","000700","4025"
"LIHTC_CENSUS_0014","117 GEWIN ST, AKRON, AL, 35441","Match","Non_Exact","117 GWIN ST, AKRON, AL, 35441","-87.733511873871,32.872937064945","39010623","R","01","065","040100","2095"
"LIHTC_CENSUS_0135","120 W BOEGER DR, ARLINGTON HEIGHTS, IL, 60461","Match","Non_Exact","120 W BOEGER DR, ARLINGTON HEIGHTS, IL, 60004","-87.983207419903,42.137833417622","111837080","L","17","031","803005","2000"
"LIHTC_CENSUS_0256","1100 BRADFORD DRIVE, ABERDEEN, NC, 28315","Match","Exact","1100 BRADFORD DR, ABERDEEN, NC, 28315","-79.443040680067,35.132869754666","635630505","L","37","125","951101","3019"
"LIHTC_CENSUS_0377","713 1/2 W FIFTH ST, DICKSON, TN, 37055","Match","Non_Exact","713 1/2 W 5TH ST, DICKSON, TN, 37055","-87.397277303587,36.079717381922","72755025","L","47","043","060601","3041"
"LIHTC_CENSUS_0015","101 1/2 GROVE DR, JACKSON, AL, 36545","Match","Non_Exact","101 1/2 GROVE DR, JACKSON, AL, 36545","-87.900653413118,31.50318019448","34575913","R","01","025","957902","4032"
"LIHTC_CENSUS_0136","120 22 W BOEGER DR, ARLINGTON HEIGHTS, IL, 60461","No_Match"
"LIHTC_CENSUS_0257","400 SUNSET ST W, AHOSKIE, NC, 27910","Match","Non_Exact","400 W SUNSET ST, AHOSKIE, NC, 27910","-76.99175239871,36.285164903478","56782787","L","37","091","950402","3020"
"LIHTC_CENSUS_0378","5801 AUTUMN SAGE LANE, ABILENE, TX, 79606","Match","Exact","5801 AUTUMN SAGE LN, ABILENE, TX, 79606","-99.801474442645,32.401254073142","647452034","L","48","441","013402","4012"
"LIHTC_CENSUS_0016","1220 LAKE VIEW EST, ALMA, AR, 72921","Match","Exact","1220 LAKE VIEW EST, ALMA, AR, 72921","-94.22429936959,35.500602995634","634358375","R","05","033","020602","2005"
"LIHTC_CENSUS_0137","300 302 RHEMA DR, ARTHUR, IL, 61911","No_Match"
"LIHTC_CENSUS_0258","1911 MIDWOOD DR, ALBEMARLE, NC, 28001","Match","Exact","1911 MIDWOOD DR, ALBEMARLE, NC, 28001","-80.161472386285,35.354435865525","14080023","R","37","167","930200","2049"
"LIHTC_CENSUS_0379","210 S EAGLE PASS ST, ALTON, TX, 78573","Match","Non_Exact","210 EAGLE PASS ST, ALTON, TX, 78573","-98.308300942723,26.285006984233","647560688","R","48","215","024117","2003"
"LIHTC_CENSUS_0017","200 THICKINS DR, ALMA, AR, 72921","No_Match"
"LIHTC_CENSUS_0138","601 N MEADOWS BLVD, ADDISON, IL, 60101","Match","Non_Exact","601 MEADOWS BLVD, ADDISON, IL, 60101","-88.041935597904,41.938782863368","112681062","R","17","043","840906","1008"
"LIHTC_CENSUS_0259","156 E ACADEMY STREET, ASHEBORO, NC, 27203","Match","Exact","156 E ACADEMY ST, ASHEBORO, NC, 27203","-79.81325196922,35.703337181806","20405951","L","37","151","030201","2025"
"LIHTC_CENSUS_0018","0 ST, ALMA, AR, 72921","No_Match"
"LIHTC_CENSUS_0139","902 W COLLEGE BLVD, ADDISON, IL, 60101","Match","Non_Exact","902 COLLEGE BLVD, ADDISON, IL, 60101","-88.043640169422,41.943504311089","642124876","L","17","043","840907","1009"
"LIHTC_CENSUS_0019","0 ST ASH STREET, ALMA, AR, 72921","No_Match"
"LIHTC_CENSUS_0360","91 HANOVER ST, CHARLESTON, SC, 29403","Match","Non_Exact","91 N HANOVER ST, CHARLESTON, SC, 29403","-79.944141606486,32.806065117267","108806726","L","45","019","005400","2052"
"LIHTC_CENSUS_0240","4302 1/2 OAKWOOD AVE, ST LOUIS, MO, 63121","Match","Non_Exact","4302 1/2 OAKWOOD AVE, SAINT LOUIS, MO, 63121","-90.274772474704,38.699248300426","100152884","R","29","189","212202","1012"
"LIHTC_CENSUS_0361","825 BAMA LANE, SUMTER, SC, 29150","Match","Exact","825 BAMA LN, SUMTER, SC, 29150","-80.357391318929,33.946456566786","645290434","R","45","085","000800","2003"
"LIHTC_CENSUS_0120","119 W LANIKAULA ST, HILO, HI, 96720","Match","Exact","119 W LANIKAULA ST, HILO, HI, 96720","-155.077866506685,19.70546080413","614313728","L","15","001","020500","3002"
"LIHTC_CENSUS_0241","6053 1/2 GRIMSHAW AVE, ST LOUIS, MO, 63120","Match","Non_Exact","6053 1/2 GRIMSHAW AVE, SAINT LOUIS, MO, 63120","-90.274930013503,38.690390108367","618224435","R","29","189","212202","3028"
"LIHTC_CENSUS_0362","845 BAMA LANE, SUMTER, SC, 29150","Match","Exact","845 BAMA LN, SUMTER, SC, 29150","-80.357133965107,33.946636608553","645290434","R","45","085","000800","2003"
"LIHTC_CENSUS_0121","3815 TRIPP STREET, AMES, IA, 50014","Match","Exact","3815 TRIPP ST, AMES, IA, 50014","-93.669403984224,42.020092623206","627285742","R","19","169","001304","4002"
"LIHTC_CENSUS_0242","1115 SECOND STREET, BEAUMONT, MS, 39423","Match","Exact","1115 SECOND ST, BEAUMONT, MS, 39423","-88.918284701738,31.169862102285","7434013","R","28","111","950200","2039"
"LIHTC_CENSUS_0363","2205 ACE AVENUE, BROOKINGS, SD, 57006","No_Match"
"LIHTC_CENSUS_0001","1019 E 20TH AVE, ANCHORAGE, AK, 99501","Match","Exact","1019 E 20TH AVE, ANCHORAGE, AK, 99501","-149.863001586155,61.201882651109","605177145","L","02","020","000902","1006"
"LIHTC_CENSUS_0122","214 7TH AVESW, CEDAR RAPIDS, IA, 52404","Tie"
"LIHTC_CENSUS_0243","101 KING RANCH CIRCLE, CANTON, MS, 39046","Match","Exact","101 KING RANCH CIR, CANTON, MS, 39046","-90.054371184358,32.626258637732","640618002","R","28","089","030502","1005"
"LIHTC_CENSUS_0364","2718 IDAHO AVENUE SE, HURON, SD, 57350","No_Match"
"LIHTC_CENSUS_0002","10605 RIDGEMONT DRIVE, ANCHORAGE, AK, 99507","Match","Exact","10605 RIDGEMONT DR, ANCHORAGE, AK, 99507","-149.836480637555,61.125645256528","190826497","R","02","020","002811","4005"
"LIHTC_CENSUS_0123","504 VAN FOSSEN LN, ADEL, IA, 50003","Match","Exact","504 VAN FOSSEN LN, ADEL, IA, 50003","-94.037480027071,41.611204162667","65638744","R","19","049","050700","1016"
"LIHTC_CENSUS_0244","900 W CANAL STREET, ABERDEEN, MS, 39730","Match","Exact","900 W CANAL ST, ABERDEEN, MS, 39730","-88.560840762007,33.827450264949","120081308","R","28","095","950700","1036"
"LIHTC_CENSUS_0365","2215 ACE AVENUE, BROOKINGS, SD, 57006","No_Match"
"LIHTC_CENSUS_0003","1019 EAST 20TH AVENUE BUIDLING 29, ANCHORAGE, AK, 99501","Match","Non_Exact","1019 E 20TH AVE, ANCHORAGE, AK, 99501","-149.863001586155,61.201882651109","605177145","L","02","020","000902","1006"
"LIHTC_CENSUS_0124","600 S 12TH ST, ADEL, IA, 50003","Match","Exact","600 S 12TH ST, ADEL, IA, 50003","-94.023002736711,41.612903279214","65630190","L","19","049","050700","1012"
"LIHTC_CENSUS_0245","162 W CHERRY ST, ACKERMAN, MS, 39735","Match","Exact","162 W CHERRY ST, ACKERMAN, MS, 39735","-89.177069732659,33.312582271668","161210066","L","28","019","950300","1026"
"LIHTC_CENSUS_0366","2227 ACE AVENUE, BROOKINGS, SD, 57006","No_Match"
"LIHTC_CENSUS_0004","1019 EAST 20TH AVENUE BUIDLING 33, ANCHORAGE, AK, 99501","Match","Non_Exact","1019 E 20TH AVE, ANCHORAGE, AK, 99501","-149.863001586155,61.201882651109","605177145","L","02","020","000902","1006"
"LIHTC_CENSUS_0125","504 E DAWN ST, LE GRAND, IA, 50142","Match","Exact","504 E DAWN ST, LE GRAND, IA, 50142","-92.770220453731,42.000975627074","90930242","L","19","127","950400","1003"
"LIHTC_CENSUS_0246","121 WEAST AVENUE, ABSAROKEE, MT, 59001","Match","Exact","121 WEAST AVE, ABSAROKEE, MT, 59001","-109.441776841614,45.517577037547","636311741","R","30","095","966500","1021"
"LIHTC_CENSUS_0367","10 NINTH AVE SW, ABERDEEN, SD, 57401","Match","Exact","10 9TH AVE SW, ABERDEEN, SD, 57401","-98.488242298675,45.456187621196","200795879","R","46","013","951600","2004"
"LIHTC_CENSUS_0005","1310 WEST 32ND AVE, ANCHORAGE, AK, 99503","Match","Exact","1310 W 32ND AVE, ANCHORAGE, AK, 99503","-149.908617234741,61.191179615377","641304714","L","02","020","002000","1015"
"LIHTC_CENSUS_0126","201 LEE STREET A101, AMERICAN FALLS, ID, 83201","Match","Non_Exact","201 LEE ST, AMERICAN FALLS, ID, 83211","-112.849279483332,42.792415228209","168871547","R","16","077","960200","2023"
"LIHTC_CENSUS_0247","107 LUMPRY ROAD, ARLEE, MT, 59821","No_Match"
"LIHTC_CENSUS_0368","1016 FIRST AVE SE, ABERDEEN, SD, 57401","Match","Exact","1016 1ST AVE SE, ABERDEEN, SD, 57401","-98.472439671153,45.464128027523","200795491","L","46","013","951400","2019"
"LIHTC_CENSUS_0006","13600 OLD SEWARD HIGHWAY, ANCHORAGE, AK, 99515","Match","Exact","13600 OLD SEWARD HWY, ANCHORAGE, AK, 99515","-149.848490307871,61.097139029025","190801067","R","02","020","002713","1022"
"LIHTC_CENSUS_0127","1451 FALCON DRIVE, AMMON, ID, 83406","Match","Exact","1451 FALCON DR, AMMON, ID, 83406","-111.981395693481,43.483607881694","119170401","R","16","019","970505","2017"
"LIHTC_CENSUS_0248","215 E PENNSYLVANIA AVE, ANACONDA, MT, 59711","Match","Exact","215 E PENNSYLVANIA AVE, ANACONDA, MT, 59711","-112.951146677986,46.132028664619","649753921","L","30","023","000400","2041"
"LIHTC_CENSUS_0369","265 QUINLAND PLACE, ALGOOD, TN, 38506","Tie"
"LIHTC_CENSUS_0007","1360 - 1362 JACKSON ST, KETCHIKAN, AK, 99901","Match","Non_Exact","1362 JACKSON ST, KETCHIKAN, AK, 99901","-131.680908168361,55.362055501907","647160120","R","02","130","000200","2003"
"LIHTC_CENSUS_0128","201 LEE ST, AMERICAN FALLS, ID, 83201","Match","Non_Exact","201 LEE ST, AMERICAN FALLS, ID, 83211","-112.849279483332,42.792415228209","168871547","R","16","077","960200","2023"
"LIHTC_CENSUS_0249","1006 CARDINAL DR, BELGRADE, MT, 59714","Match","Exact","1006 CARDINAL DR, BELGRADE, MT, 59714","-111.182882960668,45.793800132933","163533728","R","30","031","000104","1006"
"LIHTC_CENSUS_0008","1360 JACKSON ST, KETCHIKAN, AK, 99901","Match","Exact","1360 JACKSON ST, KETCHIKAN, AK, 99901","-131.68086336887,55.36203559101","647160120","R","02","130","000200","2003"
"LIHTC_CENSUS_0129","1501 FALCON DR, AMMON, ID, 83406","Match","Exact","1501 FALCON DR, AMMON, ID, 83406","-111.981394634081,43.483518890865","119170401","R","16","019","970505","2017"
"LIHTC_CENSUS_0009","1621 HEATHERWOOD DR, ALEXANDER CITY, AL, 35010","Match","Exact","1621 HEATHERWOOD DR, ALEXANDER CITY, AL, 35010","-85.934517845062,32.919033871858","1676449","L","01","123","962301","2010"
"LIHTC_CENSUS_0308","2646 2ND ST, ASTORIA, NY, 11102","Tie"
"LIHTC_CENSUS_0429","625 W NORTH ST, ADAMS, WI, 53910","Match","Exact","625 W NORTH ST, ADAMS, WI, 53910","-89.825059021707,43.966761636897","647191264","L","55","001","950400","4047"
"LIHTC_CENSUS_0309","4439 THIRD AVENUE, BRONX, NY, 10457","Match","Exact","4439 3RD AVE, BRONX, NY, 10457","-73.89280639399,40.852180372981","80301444","L","36","005","037504","1004"
"LIHTC_CENSUS_0430","218 E RANDALL ST, APPLETON, WI, 54911","Match","Exact","218 E RANDALL ST, APPLETON, WI, 54911","-88.403980022577,44.273884091816","74920474","L","55","087","011300","4001"
"LIHTC_CENSUS_0310","4511 THIRD AVENUE, BRONX, NY, 10457","Match","Exact","4511 3RD AVE, BRONX, NY, 10457","-73.891244407804,40.853852065242","642559039","L","36","005","038500","4005"
"LIHTC_CENSUS_0431","569 W NORTH ST, ADAMS, WI, 53910","Match","Exact","569 W NORTH ST, ADAMS, WI, 53910","-89.823895303454,43.966761636824","73293940","L","55","001","950400","4047"
"LIHTC_CENSUS_0311","1 LYDUN DRIVE EXT, ALBION, NY, 14411","Match","Exact","1 LYDUN DR EXD, ALBION, NY, 14411","-78.184304968351,43.255612522694","48807081","R","36","073","040702","3002"
"LIHTC_CENSUS_0432","645 W NORTH ST, ADAMS, WI, 53910","Match","Exact","645 W NORTH ST, ADAMS, WI, 53910","-89.825805304795,43.966761636944","647191264","L","55","001","950400","4047"
"LIHTC_CENSUS_0312","3 LYDUN DRIVE EXT, ALBION, NY, 14411","Match","Exact","3 LYDUN DR EXD, ALBION, NY, 14411","-78.184305545403,43.255627526078","48807081","R","36","073","040702","3002"
"LIHTC_CENSUS_0433","509 N ELM ST, ADAMS, WI, 53910","Match","Exact","509 N ELM ST, ADAMS, WI, 53910","-89.822915741581,43.965212144032","73296804","L","55","001","950400","4047"
"LIHTC_CENSUS_0313","172 1/2 S MAIN ST, BATAVIA, NY, 14020","Match","Non_Exact","172 1/2 S MAIN ST, BATAVIA, NY, 14020","-78.203500243325,43.001317122779","48144310","R","36","037","950502","1004"
"LIHTC_CENSUS_0434","1409 SIXTH ST, ALGOMA, WI, 54201","Match","Exact","1409 6TH ST, ALGOMA, WI, 54201","-87.441575584072,44.600365490616","148181725","L","55","061","960100","3006"
"LIHTC_CENSUS_0314","1775 -1785 WALTON AVENUE, BRONX, NY, 10453","Match","Non_Exact","1785 WALTON AVE, BRONX, NY, 10453","-73.910075161686,40.847908199349","80311686","L","36","005","022701","1000"
"LIHTC_CENSUS_0435","310 - 320 DEHNE DR, COLBY, WI, 54421","Match","Non_Exact","320 DEHNE DR, COLBY, WI, 54421","-90.312399288709,44.919468351945","648334932","L","55","073","002200","3047"
"LIHTC_CENSUS_0315","681 MOORE RD, AKRON, OH, 44319","Match","Exact","681 MOORE RD, AKRON, OH, 44319","-81.498131644297,40.982294491437","61358347","L","39","153","531501","1003"
"LIHTC_CENSUS_0436","2617 - 2621 PHEASANT RIDGE TRAIL, MADISON, WI, 53713","Match","Non_Exact","2621 PHEASANT RIDGE TRL, MADISON, WI, 53713","-89.38492272493,43.035730301219","648094264","L","55","025","001502","1002"
"LIHTC_CENSUS_0316","953 EAST MARKET STREET, AKRON, OH, 44305","Match","Exact","953 E MARKET ST, AKRON, OH, 44305","-81.489809954557,41.071810650613","61350431","L","39","153","502500","1013"
"LIHTC_CENSUS_0437","411 - 413 N. ONEIDA ST., APPLETON, WI, 54911","Match","Non_Exact","413 ONEIDA ST, APPLETON, WI, 54911","-88.406023052802,44.265126861159","74920456","L","55","087","010100","2018"
"LIHTC_CENSUS_0317","474 NORTH MAIN STREET, AKRON, OH, 44310","Match","Exact","474 N MAIN ST, AKRON, OH, 44310","-81.5119458793,41.097592461123","613700471","L","39","153","502200","1005"
"LIHTC_CENSUS_0438","1017 - 1019 RITSHER ST, BELOIT, WI, 53511","Match","Non_Exact","1019 RITSHER ST, BELOIT, WI, 53511","-89.063714524766,42.509450655692","49873576","R","55","105","002000","1019"
"LIHTC_CENSUS_0318","67 OLIVE STREET, AKRON, OH, 44310","No_Match"
"LIHTC_CENSUS_0439","1531 - 1535 FARWELL AVENUE, MILWAUKEE, WI, 53202","Match","Non_Exact","1535 N FARWELL AVE, MILWAUKEE, WI, 53202","-87.894809512495,43.050426298393","77744841","L","55","079","011000","1000"
"LIHTC_CENSUS_0418","602 E. FIRST STEET, ABERDEEN, WA, 98520","Match","Non_Exact","602 E 1ST ST, ABERDEEN, WA, 98520","-123.813930079207,46.979078361685","180581748","L","53","027","001000","3026"
"LIHTC_CENSUS_0419","101 W SECOND STREET, ABERDEEN, WA, 98520","Match","Exact","101 W 2ND ST, ABERDEEN, WA, 98520","-123.820606101805,46.976566295351","180581964","R","53","027","001000","4030"
"LIHTC_CENSUS_0420","1105 ARTHUR ST, ABERDEEN, WA, 98520","Match","Exact","1105 ARTHUR ST, ABERDEEN, WA, 98520","-123.810529072656,46.983841689746","649998885","R","53","027","001000","3009"
"LIHTC_CENSUS_0300","453 ELQUIST DRIVE, BATTLE MOUNTAIN, NV, 89820","Match","Exact","453 ELQUIST DR, BATTLE MOUNTAIN, NV, 89820","-116.944802826407,40.644136103227","140227922","L","32","015","000301","1034"
"LIHTC_CENSUS_0421","1110 29TH ST, ANACORTES, WA, 98221","Match","Exact","1110 29TH ST, ANACORTES, WA, 98221","-122.614392696509,48.498893125297","629133148","R","53","057","940500","1010"
"LIHTC_CENSUS_0301","1150 E LONG ST, CARSON CITY, NV, 89706","Match","Exact","1150 E LONG ST, CARSON CITY, NV, 89706","-119.756360766772,39.174122767413","199517373","R","32","510","000502","2002"
"LIHTC_CENSUS_0422","801 29TH ST, ANACORTES, WA, 98221","Match","Exact","801 29TH ST, ANACORTES, WA, 98221","-122.610680307099,48.498750073529","183648234","R","53","057","940500","1016"
"LIHTC_CENSUS_0302","20 WESTGATE AVE EXT, AKRON, NY, 14001","Match","Non_Exact","20 WESTGATE AVE, AKRON, NY, 14001","-78.506856075003,43.015963990114","48336217","R","36","029","014801","2017"
"LIHTC_CENSUS_0423","1103 29TH ST, ANACORTES, WA, 98221","Match","Exact","1103 29TH ST, ANACORTES, WA, 98221","-122.61436888011,48.498778408325","629133148","L","53","057","940500","1020"
"LIHTC_CENSUS_0303","221 SHERIDAN AVENUE, ALBANY, NY, 12210","Match","Exact","221 SHERIDAN AVE, ALBANY, NY, 12210","-73.759708702307,42.658118303619","624773333","R","36","001","000201","3003"
"LIHTC_CENSUS_0424","808 29TH STREET, ANACORTES, WA, 98221","Match","Exact","808 29TH ST, ANACORTES, WA, 98221","-122.610716904375,48.498864664924","183648234","L","53","057","940500","1016"
"LIHTC_CENSUS_0304","21 WESTGATE AVE EXT, AKRON, NY, 14001","Match","Non_Exact","21 WESTGATE AVE, AKRON, NY, 14001","-78.505843912649,43.016179498383","48336217","L","36","029","014801","2017"
"LIHTC_CENSUS_0425","130 S. KETCHUM DR., AIRWAY HEIGHTS, WA, 99001","No_Match"
"LIHTC_CENSUS_0305","22 WESTGATE AVE EXT, AKRON, NY, 14001","Match","Non_Exact","22 WESTGATE AVE, AKRON, NY, 14001","-78.507023403093,43.015930307287","48336217","R","36","029","014801","2017"
"LIHTC_CENSUS_0426","134 S. KETCHUM DR., AIRWAY HEIGHTS, WA, 99001","No_Match"
"LIHTC_CENSUS_0306","60 DE BAUN AVE, AIRMONT, NY, 10901","Match","Exact","60 DE BAUN AVE, AIRMONT, NY, 10901","-74.110221579282,41.110390191324","124627341","L","36","087","011603","2000"
"LIHTC_CENSUS_0427","26902 169TH PLACE SE, COVINGTON, WA, 98042","No_Match"
"LIHTC_CENSUS_0307","10 MORRIS STREET, ALBANY, NY, 12208","Match","Exact","10 MORRIS ST, ALBANY, NY, 12208","-73.769262574394,42.651448156414","18310171","L","36","001","002100","1003"
"LIHTC_CENSUS_0428","22707 76TH AVE W, EDMONDS, WA, 98026","Match","Exact","22707 76TH AVE W, EDMONDS, WA, 98026","-122.335473273114,47.79404423177","608922476","L","53","061","050900","1005"
"LIHTC_CENSUS_0209","108 CT ST, AUBURN, ME, 04210","Match","Exact","108 COURT ST, AUBURN, ME, 04210","-70.227445922012,44.097540445224","77960837","L","23","001","010100","1017"
"LIHTC_CENSUS_0450","4400 S. COFFMAN AVE., CASPER, WY, 82604","Match","Exact","4400 S COFFMAN AVE, CASPER, WY, 82604","-106.346795105197,42.808310440326","649768001","R","56","025","000902","1002"
"LIHTC_CENSUS_0330","1592 HARVARD ST, BANDON, OR, 97411","Match","Exact","1592 HARVARD ST, BANDON, OR, 97411","-124.40565958639,43.110896837028","653411827","L","41","011","001002","4017"
"LIHTC_CENSUS_0451","4701 TRANQUILITY WAY, CASPER, WY, 82604","No_Match"
"LIHTC_CENSUS_0210","510 COLONIAL DRIVE, ALLEGAN, MI, 49010","Match","Exact","510 COLONIAL DR, ALLEGAN, MI, 49010","-85.83776694843,42.522639582437","11432479","L","26","005","031200","2015"
"LIHTC_CENSUS_0331","16251 SW JENKINS RD, BEAVERTON, OR, 97006","Match","Exact","16251 SW JENKINS RD, BEAVERTON, OR, 97006","-122.846004378802,45.509735629649","649033575","L","41","067","031623","1008"
"LIHTC_CENSUS_0452","408 MURRAY ROAD, CHEYENNE, WY, 82007","Match","Exact","408 MURRAY RD, CHEYENNE, WY, 82007","-104.79650573659,41.09873383385","160152385","L","56","021","000401","3002"
"LIHTC_CENSUS_0211","1010 ARBORDALE, ANN ARBOR, MI, 48103","Match","Non_Exact","1010 S ARBORDALE DR, ANN ARBOR, MI, 48103","-83.76709192651,42.269066109708","26012585","R","26","161","404100","2015"
"LIHTC_CENSUS_0332","1610 HARVARD STREET, BANDON, OR, 97411","Match","Exact","1610 HARVARD ST, BANDON, OR, 97411","-124.405692856278,43.110797743567","653411827","L","41","011","001002","4017"
"LIHTC_CENSUS_0453","2734 COUGAR AVENUE, CODY, WY, 82414","Match","Exact","2734 COUGAR AVE, CODY, WY, 82414","-109.03739984356,44.529623017978","652135016","R","56","029","965402","2065"
"LIHTC_CENSUS_0212","106 PACKARD ST., ANN ARBOR, MI, 48104","Match","Exact","106 PACKARD ST, ANN ARBOR, MI, 48104","-83.748648826718,42.276693536947","26014657","R","26","161","400500","6008"
"LIHTC_CENSUS_0333","1628 HARVARD STREET, BANDON, OR, 97411","Match","Exact","1628 HARVARD ST, BANDON, OR, 97411","-124.40573195571,43.110686618917","653411827","L","41","011","001002","4017"
"LIHTC_CENSUS_0454","111 BOARDWALK DRIVE, ALPINE, WY, 83128","No_Match"
"LIHTC_CENSUS_0213","2725 GLORIETTA DRIVE, GENOA TOWNSHIP, MI, 48843","Match","Non_Exact","2725 GLORIETTA DR, HOWELL, MI, 48843","-83.89793275714,42.588577711283","650209192","L","26","093","742403","4011"
"LIHTC_CENSUS_0334","1265 SALEM AVE SE, ALBANY, OR, 97321","Match","Exact","1265 SALEM AVE SE, ALBANY, OR, 97321","-123.089937512512,44.63772872805","640134258","L","41","043","020400","2016"
"LIHTC_CENSUS_0455","16 OSTERHOUT DR, BIG PINEY, WY, 83113","Match","Exact","16 OSTERHOUT DR, BIG PINEY, WY, 83113","-110.10142492125,42.560549009843","639004589","L","56","035","000101","2062"
"LIHTC_CENSUS_0214","249 W MAIN ST, ADDISON, MI, 49220","Match","Exact","249 W MAIN ST, ADDISON, MI, 49220","-84.350941369988,41.986550543307","25941216","R","26","091","060402","2019"
"LIHTC_CENSUS_0335","1415 SALEM AVE SE, ALBANY, OR, 97321","Match","Exact","1415 SALEM AVE SE, ALBANY, OR, 97321","-123.087916639414,44.637843731678","156070217","L","41","043","020400","2014"
"LIHTC_CENSUS_0456","4671 TRANQUILITY WAY, CASPER, WY, 82604","No_Match"
"LIHTC_CENSUS_0215","1059 S WINTER ST, ADRIAN, MI, 49221","Match","Non_Exact","1059 S WINTER DR, ADRIAN, MI, 49221","-84.038372509832,41.883092281374","25944380","L","26","091","061600","2014"
"LIHTC_CENSUS_0336","809 SE 15TH ST, PENDELTON, OR, 97801","Match","Non_Exact","809 SE 15TH ST, PENDLETON, OR, 97801","-118.7708433314,45.672370196934","648275162","L","41","059","950700","3013"
"LIHTC_CENSUS_0457","4687 TRANQUILITY WAY, CASPER, WY, 82604","No_Match"
"LIHTC_CENSUS_0216","250 WEST GRAND BLVD, DETROIT, MI, 48216","Match","Exact","250 W GRAND BLVD, DETROIT, MI, 48216","-83.085146466387,42.317521374825","95478362","R","26","163","521100","1024"
"LIHTC_CENSUS_0337","811 SE 15TH ST, PENDELTON, OR, 97801","Match","Non_Exact","811 SE 15TH ST, PENDLETON, OR, 97801","-118.77083143982,45.672370857576","648275162","L","41","059","950700","3013"
"LIHTC_CENSUS_0217","388 WEST GRAND BLVD, DETROIT, MI, 48216","Match","Exact","388 W GRAND BLVD, DETROIT, MI, 48216","-83.08725930323,42.320458775504","95478351","R","26","163","521100","1023"
"LIHTC_CENSUS_0338","700 UNION ST, ALLENTOWN, PA, 18101","Match","Non_Exact","700 W UNION ST, ALLENTOWN, PA, 18101","-75.471307164803,40.599071372577","80770251","L","42","077","009700","2006"
"LIHTC_CENSUS_0218","44 1/2 DIVISION AVE S, GRAND RAPIDS, MI, 49503","Match","Non_Exact","44 1/2 DIVISION AVE S, GRAND RAPIDS, MI, 49503","-85.667763104705,42.961831591242","12457707","L","26","081","002000","2014"
"LIHTC_CENSUS_0339","21 BUFFALO LN, ATHENS, PA, 18810","No_Match"
"LIHTC_CENSUS_0219","2710 JEFFERSON AVENUE, MIDLAND, MI, 48640","Match","Exact","2710 JEFFERSON AVE, MIDLAND, MI, 48640","-84.226981342196,43.621913682796","642647494","R","26","111","290200","2011"
"LIHTC_CENSUS_0319","126 W N AVE, ADA, OH, 45810","No_Match"
"LIHTC_CENSUS_0440","4211 - 4231 W NORTH AVE, MILWAUKEE, WI, 53208","Match","Non_Exact","4231 W NORTH AVE, MILWAUKEE, WI, 53208","-87.966443761882,43.060560670804","77732415","L","55","079","009100","2010"
"LIHTC_CENSUS_0320","401 W LIMA AVE, ADA, OH, 45810","Match","Exact","401 W LIMA AVE, ADA, OH, 45810","-83.827495470242,40.762014357388","642863930","R","39","065","000402","2029"
"LIHTC_CENSUS_0441","717 RIVERVIEW DR, BELMONT, WV, 26134","Match","Exact","717 RIVERVIEW DR, BELMONT, WV, 26134","-81.274105501141,39.376059726345","90823304","L","54","073","962200","2017"
"LIHTC_CENSUS_0200","11 MONUMENT STREET, ANNAPOLIS, MD, 21401","Match","Exact","11 MONUMENT ST, ANNAPOLIS, MD, 21401","-76.496794095784,38.980238969188","68172976","L","24","003","706102","2001"
"LIHTC_CENSUS_0321","1316 MCARTHUR AVE, DAYTON, OH, 45417","Match","Exact","1316 MCARTHUR AVE, DAYTON, OH, 45417","-84.239727517473,39.734679981731","143567666","L","39","113","004100","2025"
"LIHTC_CENSUS_0442","400 TREMONT PARK CIR, BLUEWELL, WV, 24701","Match","Exact","400 TREMONT PARK CIR, BLUEWELL, WV, 24701","-81.256789035926,37.313885574674","47700816","R","54","055","001700","3013"
"LIHTC_CENSUS_0201","13 MONUMENT STREET, ANNAPOLIS, MD, 21401","Match","Exact","13 MONUMENT ST, ANNAPOLIS, MD, 21401","-76.496807159157,38.980239715667","68172976","L","24","003","706102","2001"
"LIHTC_CENSUS_0322","1440 MCARTHUR AVE, DAYTON, OH, 45417","Match","Exact","1440 MCARTHUR AVE, DAYTON, OH, 45417","-84.239680720633,39.733308474638","143567670","L","39","113","004100","2031"
"LIHTC_CENSUS_0443","717 RIVERVIEW RD, BELMONT, WV, 26134","Match","Non_Exact","717 RIVERVIEW DR, BELMONT, WV, 26134","-81.274105501141,39.376059726345","90823304","L","54","073","962200","2017"
"LIHTC_CENSUS_0202","660 FITZWATER ST, SALISBURY, MD, 21801","Match","Exact","660 FITZWATER ST, SALISBURY, MD, 21801","-75.613186027775,38.3638749762","114456810","L","24","045","010300","2025"
"LIHTC_CENSUS_0323","1347 1/2 ALBERT ST, YOUNGSTOWN, OH, 44505","Match","Non_Exact","1347 1/2 ALBERT ST, YOUNGSTOWN, OH, 44505","-80.631515101769,41.117056854536","64596507","R","39","099","800501","3001"
"LIHTC_CENSUS_0444","24 ELM MEADOWS WAY, BUCKHANNON, WV, 26201","Match","Exact","24 ELM MEADOWS WAY, BUCKHANNON, WV, 26201","-80.221898812741,38.964520718037","652125740","R","54","097","966800","3013"
"LIHTC_CENSUS_0203","670 FITZWATER ST, SALISBURY, MD, 21801","Match","Exact","670 FITZWATER ST, SALISBURY, MD, 21801","-75.613100928488,38.363874976197","114456810","L","24","045","010300","2025"
"LIHTC_CENSUS_0324","1175 SERENITY LOOP, ARDMORE, OK, 73401","Match","Non_Exact","1175 SERENITY CT, ARDMORE, OK, 73401","-97.137775587002,34.159062466405","648625627","R","40","019","893001","3023"
"LIHTC_CENSUS_0445","200 ELM ST, ALUM CREEK, WV, 25003","Match","Exact","200 ELM ST, ALUM CREEK, WV, 25003","-81.846074704372,38.255860909241","78733929","R","54","043","955401","1026"
"LIHTC_CENSUS_0204","477 MINOT AVENUE, AUBURN, ME, 04210","Match","Exact","477 MINOT AVE, AUBURN, ME, 04210","-70.245752364028,44.083409828747","77978785","R","23","001","010400","2005"
"LIHTC_CENSUS_0325","606 HIGHLAND DRIVE, BARTLESVILLE, OK, 74003","Match","Exact","606 HIGHLAND DR, BARTLESVILLE, OK, 74003","-95.995203359823,36.781880140501","18705480","R","40","147","000100","1001"
"LIHTC_CENSUS_0446","2 QUINTON CT, BARBOURSVILLE, WV, 25504","Match","Exact","2 QUINTON CT, BARBOURSVILLE, WV, 25504","-82.30822951568,38.410523241789","630314663","R","54","011","010402","1003"
"LIHTC_CENSUS_0205","25 RIDGE ROAD, AUGUSTA, ME, 04330","Match","Exact","25 RIDGE RD, AUGUSTA, ME, 04330","-69.803928272532,44.311157581569","625642443","L","23","011","010400","2008"
"LIHTC_CENSUS_0326","1100 KERR LAB RD, ADA, OK, 74820","Match","Non_Exact","1100 E KERR LAB RD, ADA, OK, 74820","-96.662724095172,34.762903496513","58500198","R","40","123","088801","2013"
"LIHTC_CENSUS_0447","500 HUNT AVE, CHARLESTON, WV, 25302","No_Match"
"LIHTC_CENSUS_0206","477 MINOT, AUBURN, ME, 04210","Match","Non_Exact","477 MINOT AVE, AUBURN, ME, 04210","-70.245752364028,44.083409828747","77978785","R","23","001","010400","2005"
"LIHTC_CENSUS_0327","1301 N OAK AVE, ADA, OK, 74820","Match","Exact","1301 N OAK AVE, ADA, OK, 74820","-96.686728919589,34.786534219984","58487400","R","40","123","089100","2007"
"LIHTC_CENSUS_0448","502 HUNT AVE, CHARLESTON, WV, 25302","Match","Exact","502 HUNT AVE, CHARLESTON, WV, 25302","-81.657134411831,38.366966677572","78704895","R","54","039","000700","1018"
"LIHTC_CENSUS_0207","20 RIDGE RD, AUGUSTA, ME, 04330","Match","Exact","20 RIDGE RD, AUGUSTA, ME, 04330","-69.804235511418,44.311290624434","625642443","R","23","011","010400","2008"
"LIHTC_CENSUS_0328","5 MITTIE MARTIN STREET, VIAN, OK, 74962","No_Match"
"LIHTC_CENSUS_0449","1 - 87 SARGENT SQUARE, POCA, WV, 25311","Match","Non_Exact","87 SARGENT SQ, POCA, WV, 25159","-81.813104415791,38.471303422334","130518376","R","54","079","020500","3006"
"LIHTC_CENSUS_0208","199 WATERBORO RD, ALFRED, ME, 04002","Match","Exact","199 WATERBORO RD, ALFRED, ME, 04002","-70.719743746,43.490447254537","625186600","R","23","031","029000","2016"
"LIHTC_CENSUS_0329","200 - 232 MICHAEL BOULEVARD, PAULS VALLEY, OK, 73075","No_Match"
"LIHTC_CENSUS_0190","11 GEORGETOWNE DRIVE, BOSTON, MA, 02136","Match","Exact","11 GEORGETOWNE DR, BOSTON, MA, 02136","-71.149855266101,42.259182045715","85729020","L","25","025","130406","1001"
"LIHTC_CENSUS_0070","14 MERRELL AVENUE, STAMFORD, CT, 06902","Match","Exact","14 MERRELL AVE, STAMFORD, CT, 06902","-73.554956827155,41.055449815834","3244818","L","09","001","021401","1000"
"LIHTC_CENSUS_0191","360 1/2 TOKENEKE RD, HOLYOKE, MA, 01040","Match","Non_Exact","360 1/2 TOKENEKE RD, HOLYOKE, MA, 01040","-72.635845305327,42.178467022723","4065442","R","25","013","812103","2002"
"LIHTC_CENSUS_0071","458 COTTAGE GROVE RD, BLOOMFIELD, CT, 06002","Match","Exact","458 COTTAGE GROVE RD, BLOOMFIELD, CT, 06002","-72.719445929457,41.817675850602","3486119","R","09","003","471200","2007"
"LIHTC_CENSUS_0192","175 ADMIRAL COCHRANE DRIVE, ANNAPOLIS, MD, 21401","Match","Exact","175 ADMIRAL COCHRANE DR, ANNAPOLIS, MD, 21401","-76.550189000936,38.973514428082","606925971","L","24","003","702402","4001"
"LIHTC_CENSUS_0072","470 COTTAGE GROVE RD, BLOOMFIELD, CT, 06002","Match","Exact","470 COTTAGE GROVE RD, BLOOMFIELD, CT, 06002","-72.720554026791,41.817529570783","3486112","R","09","003","471200","2007"
"LIHTC_CENSUS_0193","29 WEST WASHINGTON STREET, ANNAPOLIS, MD, 21401","Match","Exact","29 W WASHINGTON ST, ANNAPOLIS, MD, 21401","-76.496802735447,38.978990771753","635790160","L","24","003","706102","2007"
"LIHTC_CENSUS_0073","120 45TH STREET, NE, WASHINGTON, DC, 20019","Match","Exact","120 45TH ST NE, WASHINGTON, DC, 20019","-76.937831348983,38.891346510628","76233495","L","11","001","007803","3006"
"LIHTC_CENSUS_0194","305 FULLERTON PLACE, ABINGDON, MD, 21009","Match","Exact","305 FULLERTON PL, ABINGDON, MD, 21009","-76.322250334806,39.471392942401","191654311","R","24","025","301205","3000"
"LIHTC_CENSUS_0074","1201 OAK DRIVE, SE, WASHINGTON, DC, 20032","Match","Non_Exact","1201 OAK ST, WASHINGTON, DC, 20032","-76.992449345843,38.847035612457","76242775","R","11","001","010400","3008"
"LIHTC_CENSUS_0195","322 LOGAN STREET, ABINGDON, MD, 21009","Match","Non_Exact","322 LOGAN CT, ABINGDON, MD, 21009","-76.320386417351,39.474052656142","191654701","R","24","025","301205","3000"
"LIHTC_CENSUS_0075","2641 BIRNEY PL, SE, WASHIGTON, DC, 20020","Match","Non_Exact","2641 BIRNEY PL SE, WASHINGTON, DC, 20020","-76.996837674091,38.857733388102","76232199","R","11","001","007401","2003"
"LIHTC_CENSUS_0196","101 HANOVER ST, ABERDEEN, MD, 21001","Match","Exact","101 HANOVER ST, ABERDEEN, MD, 21001","-76.154405848484,39.511226717351","636223495","L","24","025","302901","2030"
"LIHTC_CENSUS_0076","1000 4TH STREET, SW, WASHINGTON, DC, 20024","Match","Exact","1000 4TH ST SW, WASHINGTON, DC, 20024","-77.017482700302,38.878844431622","76237239","L","11","001","010201","2001"
"LIHTC_CENSUS_0197","1222 PERRYMAN RD, ABERDEEN, MD, 21001","Match","Exact","1222 PERRYMAN RD, ABERDEEN, MD, 21001","-76.191988949008,39.486542781376","640501194","R","24","025","302400","2011"
"LIHTC_CENSUS_0077","1001 FIRST ST NW, WASHINGTON, DC, 20001","Match","Exact","1001 1ST ST NW, WASHINGTON, DC, 20001","-77.012096088071,38.902576508357","76226557","R","11","001","004704","1003"
"LIHTC_CENSUS_0198","100 - 315 RUDY PARK, ELKTON, MD, 21921","Match","Non_Exact","315 RUDY PARK ST, ELKTON, MD, 21921","-75.840083438514,39.61912158908","187390769","L","24","015","030503","1013"
"LIHTC_CENSUS_0078","1001 SPRING ROAD, NW, WASHINGTON, DC, 20010","Match","Exact","1001 SPRING RD NW, WASHINGTON, DC, 20010","-77.027246120866,38.935693746858","76224031","R","11","001","002503","2008"
"LIHTC_CENSUS_0199","5511 WATERLOO ROAD, ELLICOTT CITY, MD, 21043","Match","Exact","5511 WATERLOO RD, ELLICOTT CITY, MD, 21043","-76.807280783845,39.219711869839","158933859","L","24","027","601105","1012"
"LIHTC_CENSUS_0079","500 ATLANTIC STREET, SE, WASHINGTON, DC, 20032","Match","Exact","500 ATLANTIC ST SE, WASHINGTON, DC, 20032","-76.999529601836,38.831014472245","76232605","L","11","001","009802","1001"
"LIHTC_CENSUS_0180","1900 DORCHESTER AVE, BOSTON, MA, 02124","Match","Exact","1900 DORCHESTER AVE, BOSTON, MA, 02124","-71.06400126665,42.286510156773","85715250","L","25","025","100800","1002"
"LIHTC_CENSUS_0060","2637 VALMONT ROAD, BOULDER, CO, 80304","Match","Exact","2637 VALMONT RD, BOULDER, CO, 80304","-105.262761646622,40.029233856148","188161975","L","08","013","012107","1010"
"LIHTC_CENSUS_0181","38 WALNUT PARK, 11-15 WALDREN ROAD, 361-363 WALNUT AVENUE, 3224-3234 WASHINGTON STREET, BOSTON, MA, 02119","Tie"
"LIHTC_CENSUS_0061","1380 S. BIRCH ST., DENVER, CO, 80222","Match","Exact","1380 S BIRCH ST, DENVER, CO, 80222","-104.936152532868,39.691506641362","177339199","L","08","031","015500","3002"
"LIHTC_CENSUS_0182","1428 MAIN STREET, BOSTON, MA, 01420","Match","Non_Exact","1428 MAIN ST, FITCHBURG, MA, 01420","-71.813376414556,42.588208935799","40027427","L","25","027","710800","4010"
"LIHTC_CENSUS_0062","1385 S. BIRCH ST., DENVER, CO, 80222","Match","Exact","1385 S BIRCH ST, DENVER, CO, 80222","-104.936301625616,39.691437332748","177339199","R","08","031","015500","3003"
"LIHTC_CENSUS_0183","520 BROADWAY STREET, BOSTON, MA, 01841","Match","Non_Exact","520 BROADWAY, LAWRENCE, MA, 01841","-71.177886137257,42.716592782926","86625005","L","25","009","250300","1000"
"LIHTC_CENSUS_0063","36 38 40 COLUMBUS CIRCLE, EAST HARTFORD, CT, 06108","Match","Non_Exact","40 COLUMBUS CIR, EAST HARTFORD, CT, 06108","-72.623171082189,41.785965488151","3490300","L","09","003","510300","2003"
"LIHTC_CENSUS_0184","1 WOODLANDS WAY, ABINGTON, MA, 02351","Match","Exact","1 WOODLANDS WAY, ABINGTON, MA, 02351","-70.935635454652,42.103426464941","645612633","L","25","023","520100","3006"
"LIHTC_CENSUS_0064","1 BARI COURT, FARMINGTON, CT, 06085","Match","Non_Exact","1 BARI LN, UNIONVILLE, CT, 06085","-72.881910110956,41.750430681265","3526610","R","09","003","460301","1002"
"LIHTC_CENSUS_0185","303 SUMMER ST, ABINGTON, MA, 02351","Match","Exact","303 SUMMER ST, ABINGTON, MA, 02351","-70.935450908519,42.103437607072","613179054","R","25","023","520100","3006"
"LIHTC_CENSUS_0065","50-REAR COLUMBUS CIRCLE, EAST HARTFORD, CT, 06108","Match","Exact","50 COLUMBUS CIR, EAST HARTFORD, CT, 06108","-72.623241536254,41.786022414305","3490300","L","09","003","510300","2003"
"LIHTC_CENSUS_0186","52 58 FRANKLIN HILL AVE, DORCHESTER CENTER, MA, 02124","Match","Non_Exact","58 FRANKLIN HILL AVE, DORCHESTER CENTER, MA, 02124","-71.091884545953,42.29566181491","624007766","R","25","025","092400","4003"
"LIHTC_CENSUS_0066","1 HUNTINGTON STREET, HARTFORD, CT, 06105","Match","Exact","1 HUNTINGTON ST, HARTFORD, CT, 06105","-72.692054599384,41.769743440769","3494617","L","09","003","503300","3000"
"LIHTC_CENSUS_0187","11 GEORGETOWN DRIVE, BOSTON, MA, 01570","Match","Non_Exact","11 GEORGETOWNE DR, BOSTON, MA, 02136","-71.149855266101,42.259182045715","85729020","L","25","025","130406","1001"
"LIHTC_CENSUS_0067","100 WHISPERING PINES RD, AVON, CT, 06001","No_Match"
"LIHTC_CENSUS_0188","13 GEORGETOWN DRIVE, BOSTON, MA, 01570","Match","Non_Exact","13 GEORGETOWNE DR, BOSTON, MA, 02136","-71.149841268662,42.259166693682","85729020","L","25","025","130406","1001"
"LIHTC_CENSUS_0068","35 SANDSCREEN RD, AVON, CT, 06001","Match","Exact","35 SANDSCREEN RD, AVON, CT, 06001","-72.838265756287,41.797778500579","3542027","L","09","003","462201","3019"
"LIHTC_CENSUS_0189","10 GEORGETOWN DRIVE, BOSTON, MA, 01570","Match","Non_Exact","10 GEORGETOWNE PL, BOSTON, MA, 02136","-71.143893819077,42.255590306504","85729050","R","25","025","130406","1004"
"LIHTC_CENSUS_0069","12 MERRELL AVENUE, STAMFORD, CT, 06902","Match","Exact","12 MERRELL AVE, STAMFORD, CT, 06902","-73.554957407602,41.055520985741","3244818","L","09","001","021401","1000"
"LIHTC_CENSUS_0090","900 AQUA LANE, SEAFORD, DE, 19973","No_Match"
"LIHTC_CENSUS_0091","901 AQUA LANE, SEAFORD, DE, 19973","No_Match"
"LIHTC_CENSUS_0092","1130 MERRITT STREET, ALTAMONTE SPRINGS, FL, 32701","Match","Exact","1130 MERRITT ST, ALTAMONTE SPRINGS, FL, 32701","-81.350470692135,28.66863774509","93743323","L","12","117","022001","1030"
"LIHTC_CENSUS_0093","205 17TH STREET, APALACHICOLA, FL, 32320","Match","Exact","205 17TH ST, APALACHICOLA, FL, 32320","-85.000401873808,29.723839326359","636342013","R","12","037","970302","2047"
"LIHTC_CENSUS_0094","452 CYPRESS ST., ALTAMONTE SPRINGS, FL, 32701","Match","Non_Exact","452 CYPRESS ST, ALTAMONTE SPRINGS, FL, 32714","-81.400048003381,28.670607330587","93773882","R","12","117","021608","2027"
"LIHTC_CENSUS_0095","541 MERRITT MORNING WAY, ALTAMONTE SPRINGS, FL, 32701","No_Match"
"LIHTC_CENSUS_0096","14000 NW 154TH AVE, ALACHUA, FL, 32615","Match","Exact","14000 NW 154TH AVE, ALACHUA, FL, 32615","-82.494362914748,29.796082651232","6801454","R","12","001","001816","1058"
"LIHTC_CENSUS_0097","1193 MERRITT ST, ALTAMONTE SPRINGS, FL, 32701","Match","Exact","1193 MERRITT ST, ALTAMONTE SPRINGS, FL, 32701","-81.350094636789,28.668534832773","93743323","R","12","117","022001","2015"
"LIHTC_CENSUS_0098","701 WALNUT ST, CRESCENT CITY, FL, 32112","No_Match"
"LIHTC_CENSUS_0099","14500 SE 280TH ST, HOMESTEAD, FL, 33032","Match","Non_Exact","14500 SW 280TH ST, HOMESTEAD, FL, 33032","-80.425780366413,25.506793660297","116278400","L","12","086","010805","2005"
"LIHTC_CENSUS_0080","502 ATLANTIC STREET, SE, WASHINGTON, DC, 20032","Match","Exact","502 ATLANTIC ST SE, WASHINGTON, DC, 20032","-76.999510173135,38.831014634827","76232605","L","11","001","009802","1001"
"LIHTC_CENSUS_0081","22 BANNER LANE, NW, WASHINGTON, DC, 20001","No_Match"
"LIHTC_CENSUS_0082","44 BANNER LANE, NW, WASHINGTON, DC, 20001","No_Match"
"LIHTC_CENSUS_0083","400 ELIZABETH CORNISH LANDING, BRIDGEVILLE, DE, 19933","No_Match"
"LIHTC_CENSUS_0084","1117 CEDARTREE COURT, CLAYMONT, DE, 19703","Match","Exact","1117 CEDARTREE CT, CLAYMONT, DE, 19703","-75.460226821404,39.814120995526","187272272","L","10","003","010105","2002"
"LIHTC_CENSUS_0085","401 ELIZABETH CORNISH LNDG 401-406, BRIDGEVILLE, DE, 19933","Match","Non_Exact","401 ELIZABETH CORNISH LNDG, BRIDGEVILLE, DE, 19933","-75.594359629193,38.74007321188","637711230","R","10","005","050304","3025"
"LIHTC_CENSUS_0086","407 ELIZABETH CORNISH LNDG 407-412, BRIDGEVILLE, DE, 19933","Match","Non_Exact","407 ELIZABETH CORNISH LNDG, BRIDGEVILLE, DE, 19933","-75.594347935286,38.740093001568","637711230","R","10","005","050304","3025"
"LIHTC_CENSUS_0087","701 S MARKET ST, BLADES, DE, 19973","Match","Exact","701 S MARKET ST, BLADES, DE, 19973","-75.609231675449,38.631662554725","106084599","L","10","005","050403","2046"
"LIHTC_CENSUS_0088","304 CANTERBURY LANE, BRIDGEVILLE, DE, 19933","Match","Exact","304 CANTERBURY LN, BRIDGEVILLE, DE, 19933","-75.59414414999,38.740664326368","106130105","L","10","005","050304","3025"
"LIHTC_CENSUS_0089","3201- 3209 LANCASTER AVENUE & 3200-3208 W. 2ND STREET, WILMINGTON, DE, 19805","Match","Non_Exact","3209 LANCASTER AVE, WILMINGTON, DE, 19805","-75.587180707837,39.752003740457","187254721","R","10","003","002400","2004"
"LIHTC_CENSUS_0390","571 EAST 620 SOUTH, AMERICAN FORK, UT, 84003","Tie"
"LIHTC_CENSUS_0270","1814 BINNEY ST, OMAHA, NE, 68110","Match","Exact","1814 BINNEY ST, OMAHA, NE, 68110","-95.939262794528,41.286092039968","116987423","R","31","055","001200","1013"
"LIHTC_CENSUS_0391","492 WEST 500 SOUTH, BLANDING, UT, 84511","Match","Exact","492 W 500 S, BLANDING, UT, 84511","-109.487816915744,37.618341570034","640989519","R","49","037","978200","3020"
"LIHTC_CENSUS_0150","306 LINCOLN WOOD DR, ALEXANDRIA, IN, 46001","Match","Exact","306 LINCOLN WOOD DR, ALEXANDRIA, IN, 46001","-85.670422658698,40.269291671215","31119624","R","18","095","010600","1017"
"LIHTC_CENSUS_0271","1821 BINNEY ST, OMAHA, NE, 68810","Match","Non_Exact","1821 BINNEY ST, OMAHA, NE, 68110","-95.939351539488,41.285977448594","116987423","L","31","055","001200","1018"
"LIHTC_CENSUS_0392","14035 S. MARKETVIEW DRIVE, BLUFFDALE, UT, 84065","Match","Exact","14035 S MARKETVIEW DR, BLUFFDALE, UT, 84065","-111.932539372869,40.496836233082","609019405","L","49","035","112827","1003"
"LIHTC_CENSUS_0030","201 W ESPERANZA AVE, AJO, AZ, 85321","Match","Exact","201 W ESPERANZA AVE, AJO, AZ, 85321","-112.864958214333,32.372058714901","641021051","R","04","019","005200","2034"
"LIHTC_CENSUS_0151","2030 RUNAWAY BAY DR, INDIANAPOLIS, IN, 46208","Match","Non_Exact","2030 RUNAWAY BAY DR, INDIANAPOLIS, IN, 46224","-86.266132327675,39.793642031934","108061010","L","18","097","340904","3000"
"LIHTC_CENSUS_0272","717 S A ST, ALBION, NE, 68620","Match","Exact","717 S A ST, ALBION, NE, 68620","-97.995720240274,41.686734477628","161707051","R","31","011","960200","1080"
"LIHTC_CENSUS_0393","311 -325 SOUTH 430 EAST, EPHRAIM, UT, 84627","Match","Non_Exact","325 S 430 E, EPHRAIM, UT, 84627","-111.576329910563,39.354288010622","632692817","R","49","039","972402","2025"
"LIHTC_CENSUS_0031","1170 N IDAHO RD, APACHE JUNCTION, AZ, 85119","Match","Exact","1170 N IDAHO RD, APACHE JUNCTION, AZ, 85119","-111.54617145123,33.425784262911","645227093","L","04","021","000309","1032"
"LIHTC_CENSUS_0152","31 RED BUD ST, LOOGOOTEE, IN, 47553","No_Match"
"LIHTC_CENSUS_0273","611 SATURN ST, ALDA, NE, 68810","Match","Exact","611 SATURN ST, ALDA, NE, 68810","-98.469298094914,40.864464637374","649962185","R","31","079","001300","1045"
"LIHTC_CENSUS_0394","1187 - 1189 W 200 N, PROVO, UT, 84601","Match","Non_Exact","1189 W 200 N, PROVO, UT, 84601","-111.679385069145,40.236402757499","645136746","L","49","049","002002","2019"
"LIHTC_CENSUS_0032","659 E. MAIN ST., MESA, AZ, 85203","Match","Exact","659 E MAIN ST, MESA, AZ, 85203","-111.816823223326,33.415041990974","128245259","R","04","013","421501","2008"
"LIHTC_CENSUS_0153","596 - 610 KATELYNN DR., PORTLAND, IN, 47371","Match","Non_Exact","610 KATELYNN DR, PORTLAND, IN, 47371","-84.986666739576,40.44529369229","648359625","R","18","075","963100","1001"
"LIHTC_CENSUS_0274","2854 ANGELS SHARE DRIVE, BLAIR, NE, 68008","No_Match"
"LIHTC_CENSUS_0395","317 -319 WEST OURAY AVENUE, SALT LAKE CITY, UT, 84109","Match","Non_Exact","319 OURAY AVE, SALT LAKE CITY, UT, 84103","-111.899975088556,40.779026665771","176066932","L","49","035","100100","2001"
"LIHTC_CENSUS_0033","701 E. MAIN ST., MESA, AZ, 85203","Match","Exact","701 E MAIN ST, MESA, AZ, 85203","-111.816019392296,33.415047578367","128245308","R","04","013","421501","2007"
"LIHTC_CENSUS_0154","615 KATELYNN DR., PORTLAND, IN, 47371","Match","Exact","615 KATELYNN DR, PORTLAND, IN, 47371","-84.986018062413,40.445159086567","648359625","L","18","075","963100","1001"
"LIHTC_CENSUS_0275","2876 ANGELS SHARE DRIVE, BLAIR, NE, 68008","No_Match"
"LIHTC_CENSUS_0396","19274 ELEMENTARY DRIVE, ABINGDON, VA, 24210","No_Match"
"LIHTC_CENSUS_0034","1240 SOUTH 20TH AVENUE, PHOENIX, AZ, 85009","Match","Exact","1240 S 20TH AVE, PHOENIX, AZ, 85009","-112.102208641379,33.435691428286","128212272","L","04","013","117300","2000"
"LIHTC_CENSUS_0155","502 1/2 N MAIN ST, CLOVERDALE, IN, 46120","Match","Non_Exact","502 1/2 N MAIN ST, CLOVERDALE, IN, 46120","-86.794566223262,39.518959258044","635529204","L","18","133","956500","4005"
"LIHTC_CENSUS_0276","155 MAYNESBORO STREET, BERLIN, NH, 03570","Match","Exact","155 MAYNESBORO ST, BERLIN, NH, 03570","-71.159694199624,44.486580414007","167903976","L","33","007","950600","1024"
"LIHTC_CENSUS_0397","502 LOWRY DRIVE, ABINGDON, VA, 24210","Match","Non_Exact","502 LOWRY DR SW, ABINGDON, VA, 24210","-81.983041250306,36.702453195355","230639888","L","51","191","010502","3017"
"LIHTC_CENSUS_0035","1242 SOUTH 20TH AVENUE, PHOENIX, AZ, 85009","Match","Exact","1242 S 20TH AVE, PHOENIX, AZ, 85009","-112.102208524504,33.435687337651","128212272","L","04","013","117300","2000"
"LIHTC_CENSUS_0156","2429 N 154TH ST, BASEHOR, KS, 66007","No_Match"
"LIHTC_CENSUS_0277","2506 MAIN STREET, BETHLEHEM, NH, 03574","Match","Exact","2506 MAIN ST, BETHLEHEM, NH, 03574","-71.671877319434,44.281312210201","145710402","R","33","009","960200","1012"
"LIHTC_CENSUS_0398","16100 GILBERT DRIVE / 16104 GILBERT DRIVE, ABINGDON, VA, 24210","Match","Non_Exact","16100 GILBERT DR, ABINGDON, VA, 24210","-82.020390369869,36.714647739275","641471803","R","51","191","010402","1036"
"LIHTC_CENSUS_0036","5033 N. 19TH AVENUE, PHOENIX, AZ, 85015","Match","Exact","5033 N 19TH AVE, PHOENIX, AZ, 85015","-112.09979736806,33.510056747883","128205495","R","04","013","107402","1002"
"LIHTC_CENSUS_0157","915 18TH STREET, BELLEVILLE, KS, 66935","Match","Exact","915 18TH ST, BELLEVILLE, KS, 66935","-97.634892971131,39.824060377858","148385383","R","20","157","978300","2036"
"LIHTC_CENSUS_0278","6 AIKEN ST, ANTRIM, NH, 03440","Match","Exact","6 AIKEN ST, ANTRIM, NH, 03440","-71.937289524215,43.027642037229","113580415","R","33","011","025000","1006"
"LIHTC_CENSUS_0399","16101 GILBERT DRIVE / 16105 GILBERT DRIVE, ABINGDON, VA, 24210","Match","Non_Exact","16101 GILBERT DR, ABINGDON, VA, 24210","-82.020350109508,36.714757691957","641471803","L","51","191","010402","1036"
"LIHTC_CENSUS_0037","5039 N. 19TH AVENUE, PHOENIX, AZ, 85015","Match","Exact","5039 N 19TH AVE, PHOENIX, AZ, 85015","-112.099796490638,33.510127467633","128205495","R","04","013","107402","1002"
"LIHTC_CENSUS_0158","801 W TAYLOR AVE, ARKANSAS CITY, KS, 67005","Match","Exact","801 W TAYLOR AVE, ARKANSAS CITY, KS, 67005","-97.046315172568,37.046517871618","44343075","L","20","035","494000","2010"
"LIHTC_CENSUS_0279","24 LEDGEWOOD LANE, ASHLAND, NH, 03217","Match","Exact","24 LEDGEWOOD LN, ASHLAND, NH, 03217","-71.623081718231,43.691028117831","628795990","R","33","009","961101","3025"
"LIHTC_CENSUS_0038","2437 EAGLE AVENUE, ALAMEDA, CA, 94501","Match","Exact","2437 EAGLE AVE, ALAMEDA, CA, 94501","-122.237863710952,37.768492578974","606178611","L","06","001","427100","1005"
"LIHTC_CENSUS_0159","2429 N. 155TH STREET, BASEHOR, KS, 66007","Match","Exact","2429 N 155TH ST, BASEHOR, KS, 66007","-94.938414366802,39.134000016242","91411784","R","20","103","071204","2009"
"LIHTC_CENSUS_0039","2700 BETTE STREET, ALAMEDA, CA, 94501","Match","Exact","2700 BETTE ST, ALAMEDA, CA, 94501","-122.282697679197,37.78503984094","650485513","L","06","001","428700","3023"
"unique_id","street, city, state, zip","No_Match"
"LIHTC_CENSUS_0380","210 N EAGLE PASS ST, ALTON, TX, 78572","Match","Non_Exact","210 N EAGLE PASS ST, ALTON, TX, 78573","-98.307477887644,26.287604441341","647586969","L","48","215","024128","5001"
"LIHTC_CENSUS_0260","2100 BAREFOOT PARK LN, WILSON, NC, 27893","Match","Non_Exact","2100 BAREFOOT PARK LN SW, WILSON, NC, 27893","-77.943920659955,35.70940696009","26721512","R","37","195","000402","1015"
"LIHTC_CENSUS_0381","1121 DEBBIE LANE (SOUTH OF COLLINS STREET AND EAST OF YORK BEACH, ARLINGTON, TX, 76002","Match","Non_Exact","S COLLINS ST & YORK BEACH PL, ARLINGTON, TX, 76002","-97.088473860281,32.609431945312","","","48","439","111316","2020"
"LIHTC_CENSUS_0140","3128 1/2 W PALMER SQ, CHICAGO, IL, 60647","Match","Non_Exact","3128 1/2 W PALMER SQ, CHICAGO, IL, 60647","-87.706553552474,41.921520514988","111891063","R","17","031","221200","2011"
"LIHTC_CENSUS_0261","2102 BAREFOOT PARK LN, WILSON, NC, 27893","Match","Non_Exact","2102 BAREFOOT PARK LN SW, WILSON, NC, 27893","-77.943952101925,35.709389546076","26721512","R","37","195","000402","1015"
"LIHTC_CENSUS_0382","1208 THIRD ST, ABERNATHY, TX, 79311","Match","Exact","1208 3RD ST, ABERNATHY, TX, 79311","-101.852834071494,33.826398602298","637609704","R","48","303","010202","1019"
"LIHTC_CENSUS_0020","1222 CARBON PLANT RD, ALTUS, AR, 72821","Match","Exact","1222 CARBON PLANT RD, ALTUS, AR, 72821","-93.765608257726,35.443699011066","610620490","R","05","047","950201","1180"
"LIHTC_CENSUS_0141","123 - 125 E. PERSHING ROAD 3908 S. INDIANA AVE., CHICAGO, IL, 60653","Match","Non_Exact","125 E PERSHING RD, CHICAGO, IL, 60653","-87.622123008903,41.823713461349","605538514","R","17","031","380600","3000"
"LIHTC_CENSUS_0262","1210 KIANA LN, FAYETTEVILLE, NC, 28314","No_Match"
"LIHTC_CENSUS_0383","1250 YEOMANS RD, ABILENE, TX, 79602","Match","Exact","1250 YEOMANS RD, ABILENE, TX, 79602","-99.701755020365,32.444293482871","129970112","L","48","441","010900","6001"
"LIHTC_CENSUS_0021","1016 COUNTRY CLUB DR, ARKADELPHIA, AR, 71923","Match","Non_Exact","1016 COUNTRY CLUB RD, ARKADELPHIA, AR, 71923","-93.064527284294,34.142348467017","10548540","R","05","019","953602","1129"
"LIHTC_CENSUS_0142","223 - 225 E. 41ST STREET 4108 S. PRAIRIE AVE., CHICAGO, IL, 60653","Match","Non_Exact","4108 S PRAIRIE AVE, CHICAGO, IL, 60653","-87.6199622557,41.819997211234","111770511","R","17","031","380600","2006"
"LIHTC_CENSUS_0263","1211 KIANA LN, FAYETTEVILLE, NC, 28314","No_Match"
"LIHTC_CENSUS_0384","537 N GENERAL MCMULLEN DR, SAN ANTONIO, TX, 78228","Match","Exact","537 N GENERAL MCMULLEN DR, SAN ANTONIO, TX, 78228","-98.552886755138,29.440342117309","101512469","L","48","029","170700","3011"
"LIHTC_CENSUS_0022","801 1/2 SE 10TH, BENTONVILLE, AR, 72712","Match","Non_Exact","801 1/2 SE 10TH ST, BENTONVILLE, AR, 72712","-94.200737832148,36.360904603672","47832902","L","05","007","020504","2022"
"LIHTC_CENSUS_0143","2118 1/2 N KEDZIE BLVD, CHICAGO, IL, 60647","Match","Non_Exact","2118 1/2 N KEDZIE BLVD, CHICAGO, IL, 60647","-87.707196084584,41.921647271002","111759077","L","17","031","221100","1004"
"LIHTC_CENSUS_0264","2585 DAKOTA BLVD, ABERCROMBIE, ND, 58601","Match","Non_Exact","2585 DAKOTA BLVD, DICKINSON, ND, 58601","-102.823211593989,46.884466160888","640731645","R","38","089","963501","1002"
"LIHTC_CENSUS_0385","4810 FAIRWAY BLVD., WICHITA FALLS, TX, 76310","Match","Exact","4810 FAIRWAY BLVD, WICHITA FALLS, TX, 76310","-98.561214964493,33.855669987355","169841865","R","48","485","012301","1003"
"LIHTC_CENSUS_0023","801 1/2 SE 10TH STREET, BENTONVILLE, AR, 72712","Match","Non_Exact","801 1/2 SE 10TH ST, BENTONVILLE, AR, 72712","-94.200737832148,36.360904603672","47832902","L","05","007","020504","2022"
"LIHTC_CENSUS_0144","105 1/2 W FIRST ST, DIXON, IL, 61021","Match","Non_Exact","105 1/2 W 1ST ST, DIXON, IL, 61021","-89.482865429926,41.843609139056","48743644","L","17","103","000600","1027"
"LIHTC_CENSUS_0265","100 WEST MAIN STREET, BISMARCK, ND, 58501","Match","Non_Exact","100 W MAIN AVE, BISMARCK, ND, 58501","-100.790787226587,46.80555053976","198848110","R","38","015","010100","4028"
"LIHTC_CENSUS_0386","4822 FAIRWAY BLVD., WICHITA FALLS, TX, 76310","Match","Exact","4822 FAIRWAY BLVD, WICHITA FALLS, TX, 76310","-98.561217884274,33.855379179136","169841865","R","48","485","012301","1003"
"LIHTC_CENSUS_0024","101 VISTA ST, GREEN FOREST, AR, 72638","No_Match"
"LIHTC_CENSUS_0145","302 N HARRISON STREET, ALEXANDRIA, IN, 46001","Match","Exact","302 N HARRISON ST, ALEXANDRIA, IN, 46001","-85.674554187164,40.264536180289","31106757","L","18","095","010600","3018"
"LIHTC_CENSUS_0266","110 EDUCATION LANE NE, BELCOURT, ND, 58316","No_Match"
"LIHTC_CENSUS_0387","11704 N LAMAR BLVD, AUSTIN, TX, 78753","Match","Exact","11704 N LAMAR BLVD, AUSTIN, TX, 78753","-97.684251687331,30.386225842563","616097483","L","48","453","041900","1015"
"LIHTC_CENSUS_0025","103 VISTA ST, GREEN FOREST, AR, 72638","No_Match"
"LIHTC_CENSUS_0146","1315 JOHN STREET, ANDERSON, IN, 46016","Match","Exact","1315 JOHN ST, ANDERSON, IN, 46016","-85.68732744274,40.102948360686","31113547","R","18","095","011900","1024"
"LIHTC_CENSUS_0267","205 SECOND ST NW, BEULAH, ND, 58523","Match","Exact","205 2ND ST NW, BEULAH, ND, 58523","-101.779837120347,47.265442077128","199613350","L","38","057","961700","2025"
"LIHTC_CENSUS_0388","11706 N LAMAR BLVD, AUSTIN, TX, 78753","Match","Exact","11706 N LAMAR BLVD, AUSTIN, TX, 78753","-97.68423183505,30.386274331316","616097483","L","48","453","041900","1015"
"LIHTC_CENSUS_0026","235 WEST TEPEE STREET, APACHE JUNCTION, AZ, 85120","Match","Exact","235 W TEPEE ST, APACHE JUNCTION, AZ, 85120","-111.548709662442,33.429499508461","129201406","R","04","021","000309","1021"
"LIHTC_CENSUS_0147","401 N VIRGIL, AKRON, IN, 46910","Match","Exact","401 N VIRGIL, AKRON, IN, 46910","-86.022955335154,41.04185060839","646607988","R","18","049","953500","3003"
"LIHTC_CENSUS_0268","3020 18TH STREET, COLUMBUS, NE, 68601","Match","Exact","3020 18TH ST, COLUMBUS, NE, 68601","-97.364543100527,41.434326548524","136402568","R","31","141","965600","4039"
"LIHTC_CENSUS_0389","559 W. PACIFIC COURT CIRCLE, AMERICAN FORK, UT, 84003","Match","Non_Exact","559 W PACIFIC DR, AMERICAN FORK, UT, 84003","-111.812082203173,40.383005686894","640618445","L","49","049","000207","2014"
"LIHTC_CENSUS_0027","300 S 9TH STREET, BUCKEYE, AZ, 85326","Match","Exact","300 S 9TH ST, BUCKEYE, AZ, 85326","-112.577695042237,33.368019048501","128124319","R","04","013","050702","2016"
"LIHTC_CENSUS_0148","301 N CANAL STREET, ALEXANDRIA, IN, 46001","Match","Exact","301 N CANAL ST, ALEXANDRIA, IN, 46001","-85.67560974621,40.26452926997","31106754","R","18","095","010600","3018"
"LIHTC_CENSUS_0269","1600 KNOX STREET, LINCOLN, NE, 68521","Match","Exact","1600 KNOX ST, LINCOLN, NE, 68521","-96.698983404777,40.844370860179","609069842","L","31","109","003003","1014"
"LIHTC_CENSUS_0028","160 N STATE ROUTE 89, CHINO VALLEY, AZ, 86323","Match","Exact","160 N STATE RTE 89, CHINO VALLEY, AZ, 86323","-112.454478726089,34.747508445308","650742335","L","04","025","000206","3033"
"LIHTC_CENSUS_0149","2200 HUMMINGBIRD LN, ALEXANDRIA, IN, 46001","Match","Exact","2200 HUMMINGBIRD LN, ALEXANDRIA, IN, 46001","-85.667036201229,40.239389153494","632524543","L","18","095","010500","4034"
"LIHTC_CENSUS_0029","141 S. SAWDUST COURT, CIBECUE, AZ, 85911","No_Match"
"LIHTC_CENSUS_0290","1503 1/2 SEWALL AVENUE, ASBURY PARK CITY, NJ, 07712","Match","Non_Exact","1503 1/2 SEWALL AVE, ASBURY PARK, NJ, 07712","-74.023076933783,40.222072034321","90463096","R","34","025","807300","2000"
"LIHTC_CENSUS_0170","1820 HILL RISE DRIVE, LEXINGTON, KY, 40504","No_Match"
"LIHTC_CENSUS_0291","1400 - 1414 BROOKS COURT, ATLANTIC CITY, NJ, 08401","No_Match"
"LIHTC_CENSUS_0050","1654 FIRST STREET, LINCOLN, CA, 95648","Match","Exact","1654 1ST ST, LINCOLN, CA, 95648","-121.308366026703,38.886550176007","608081798","R","06","061","021403","4005"
"LIHTC_CENSUS_0171","462 AUSTIN LANE, BASTROP, LA, 71220","Match","Non_Exact","462 AUSTIN ST, BASTROP, LA, 71220","-91.924433543948,32.781411565177","75378607","L","22","067","950400","3041"
"LIHTC_CENSUS_0292","5710 AVALON ROAD NW, ALBUQUERQUE, NM, 87105","Match","Exact","5710 AVALON RD NW, ALBUQUERQUE, NM, 87105","-106.702472968597,35.084906191277","206699797","L","35","001","002403","2003"
"LIHTC_CENSUS_0051","1660 FIRST STREET, LINCOLN, CA, 95648","Match","Exact","1660 1ST ST, LINCOLN, CA, 95648","-121.308450648798,38.886550176014","608081798","R","06","061","021403","4005"
"LIHTC_CENSUS_0172","1358 GLACIER STREET, BATON ROUGE, LA, 10802","Match","Non_Exact","1358 GLACIER ST, BATON ROUGE, LA, 70802","-91.185645972605,30.435541120627","92182906","R","22","033","005200","2115"
"LIHTC_CENSUS_0293","9901 CEJA VISTA ROAD SW, ALBUQUERQUE, NM, 87121","No_Match"
"LIHTC_CENSUS_0052","201 MARKET STREET, ALAMOSA, CO, 81101","Match","Exact","201 MARKET ST, ALAMOSA, CO, 81101","-105.891570154448,37.474871502111","648893770","R","08","003","960202","3011"
"LIHTC_CENSUS_0173","601 SASSAFRA, BASTROP, LA, 71220","Match","Non_Exact","601 S SASSAFRAS ST, BASTROP, LA, 71220","-91.910865082151,32.77287222927","636262011","R","22","067","950500","2058"
"LIHTC_CENSUS_0294","710 HUECO STREET, CARLSBAD, NM, 88220","Match","Exact","710 HUECO ST, CARLSBAD, NM, 88220","-104.234846739014,32.410433625727","131256849","R","35","015","000500","3017"
"LIHTC_CENSUS_0053","821 MAROON DR., ALAMOSA, CO, 81101","No_Match"
"LIHTC_CENSUS_0174","100 CANE LANE # A, ABBEVILLE, LA, 70510","No_Match"
"LIHTC_CENSUS_0295","7810 PASEO DRIVE 550 NE, RIO RANCHO, NM, 87144","No_Match"
"LIHTC_CENSUS_0054","203 MARKET STREET, ALAMOSA, CO, 81101","Match","Exact","203 MARKET ST, ALAMOSA, CO, 81101","-105.890394348723,37.476280729721","104179848","R","08","003","960202","3009"
"LIHTC_CENSUS_0175","2405 RICHARD STREET, ABBEVILLE, LA, 70510","Match","Non_Exact","2405 RICHARD RD, ABBEVILLE, LA, 70510","-92.107559114121,29.981166942762","85989704","L","22","113","950903","3001"
"LIHTC_CENSUS_0296","1709 13TH ST, ALAMOGORDO, NM, 88310","Match","Exact","1709 13TH ST, ALAMOGORDO, NM, 88310","-105.940394002586,32.903443689954","132292243","L","35","035","000305","1008"
"LIHTC_CENSUS_0055","205 MARKET STREET, ALAMOSA, CO, 81101","Match","Exact","205 MARKET ST, ALAMOSA, CO, 81101","-105.89037987722,37.476297197292","104179848","R","08","003","960202","3009"
"LIHTC_CENSUS_0176","100 NORTH UNIVERSITY AVENUE, LAFAYETTE, LA, 70501","Match","Non_Exact","100 N UNIVERSITY AVE, LAFAYETTE, LA, 70506","-92.032281661392,30.23240946822","85614558","R","22","055","000800","4009"
"LIHTC_CENSUS_0297","2400 FIRST ST, ALAMOGORDO, NM, 88310","Match","Exact","2400 1ST ST, ALAMOGORDO, NM, 88310","-105.935493067738,32.88697655617","608466623","L","35","035","000404","3015"
"LIHTC_CENSUS_0056","1405 W 11TH ST, ALAMOSA, CO, 81101","Match","Exact","1405 W 11TH ST, ALAMOSA, CO, 81101","-105.876862799254,37.461284175961","104181341","R","08","003","960300","1055"
"LIHTC_CENSUS_0177","351 RICHARD SRTEET, SUNSET, LA, 70584","No_Match"
"LIHTC_CENSUS_0298","1225 SOUTH CROWELL AVENUE, BEATTY, NV, 89003","Match","Non_Exact","1225 CROWELL AVE, BEATTY, NV, 89003","-116.762829255167,36.902275037456","140593367","R","32","023","960300","1061"
"LIHTC_CENSUS_0057","1410 W 11TH ST, ALAMOSA, CO, 81101","Match","Exact","1410 W 11TH ST, ALAMOSA, CO, 81101","-105.878028335593,37.461167664718","104181341","L","08","003","960300","1055"
"LIHTC_CENSUS_0178","2555 LOBLOLLY LANE, ALEXANDRIA, LA, 71303","Match","Exact","2555 LOBLOLLY LN, ALEXANDRIA, LA, 71303","-92.478798221774,31.318066632517","11798860","R","22","079","010502","1006"
"LIHTC_CENSUS_0299","123 BOGUS AVE, CARSON CITY, NV, 89701","No_Match"
"LIHTC_CENSUS_0058","0 CARTER DRIVE, LYONS, CO, 80540","No_Match"
"LIHTC_CENSUS_0179","2705 LOBLOLLY LANE, ALEXANDRIA, LA, 71303","Match","Exact","2705 LOBLOLLY LN, ALEXANDRIA, LA, 71303","-92.479929262918,31.31680726907","11798860","R","22","079","010502","1006"
"LIHTC_CENSUS_0059","2625 VALMONT ROAD, BOULDER, CO, 80304","Match","Exact","2625 VALMONT RD, BOULDER, CO, 80304","-105.262859587119,40.029233856155","188161975","L","08","013","012107","1010"
"LIHTC_CENSUS_0280","49 PLEASANT ST, ALSTEAD, NH, 03602","Match","Exact","49 PLEASANT ST, ALSTEAD, NH, 03602","-72.360945331955,43.152927380889","634198136","L","33","005","970100","3014"
"LIHTC_CENSUS_0160","510 NW SECOND ST, ABILENE, KS, 67410","Match","Exact","510 NW 2ND ST, ABILENE, KS, 67410","-97.218464190942,38.916354823767","88106742","L","20","041","084400","3058"
"LIHTC_CENSUS_0281","2 VETERANS RD, AMHERST, NH, 03031","Match","Exact","2 VETERANS RD, AMHERST, NH, 03031","-71.599245508391,42.815806987989","614701259","R","33","011","015200","4017"
"LIHTC_CENSUS_0040","2710 BETTE STREET, ALAMEDA, CA, 94501","Match","Exact","2710 BETTE ST, ALAMEDA, CA, 94501","-122.282694453829,37.7853333463","650485513","L","06","001","428700","3023"
"LIHTC_CENSUS_0161","610 NW SECOND ST, ABILENE, KS, 67410","Match","Exact","610 NW 2ND ST, ABILENE, KS, 67410","-97.22024178679,38.916335985619","88106749","L","20","041","084400","3057"
"LIHTC_CENSUS_0282","145 CLIFFWOOD AVENUE, ABERDEEN TWP, NJ, 07721","Match","Non_Exact","145 CLIFFWOOD AVE, CLIFFWOOD, NJ, 07721","-74.23806425288,40.433619662292","90472870","R","34","025","802600","3006"
"LIHTC_CENSUS_0041","2720 BETTE STREET, ALAMEDA, CA, 94501","Match","Exact","2720 BETTE ST, ALAMEDA, CA, 94501","-122.282691228462,37.785626851661","650485513","L","06","001","428700","3023"
"LIHTC_CENSUS_0162","904 RIDGE RD., BALDWIN CITY, KS, 66006","Match","Non_Exact","904 DEER RIDGE CT, BALDWIN CITY, KS, 66006","-95.184124695145,38.792220754123","17706545","R","20","045","001203","2049"
"LIHTC_CENSUS_0283","100 LECHNER CIR, ANNANDALE, NJ, 08801","No_Match"
"LIHTC_CENSUS_0042","11250 LEE AVE, ADELANTO, CA, 92301","Match","Exact","11250 LEE AVE, ADELANTO, CA, 92301","-117.419008293327,34.582835723053","144568290","L","06","071","009132","1000"
"LIHTC_CENSUS_0163","906 RIDGE RD., BALDWIN CITY, KS, 66006","Match","Non_Exact","906 DEER RIDGE CT, BALDWIN CITY, KS, 66006","-95.184124449872,38.792239721761","17706545","R","20","045","001203","2049"
"LIHTC_CENSUS_0284","200 GLASSWORKS BLVD, ABERDEEN, NJ, 07721","No_Match"
"LIHTC_CENSUS_0043","11350 LEE AVE, ADELANTO, CA, 92301","Match","Exact","11350 LEE AVE, ADELANTO, CA, 92301","-117.417209077433,34.58285462924","144764081","R","06","071","009131","3032"
"LIHTC_CENSUS_0164","817 1/2 W BURTON ST, WICHITA, KS, 67213","Match","Non_Exact","817 1/2 BURTON ST, WICHITA, KS, 67213","-97.34957591007,37.681946118797","115644676","L","20","173","004302","1055"
"LIHTC_CENSUS_0285","202 GLASSWORKS BLVD, ABERDEEN, NJ, 07721","No_Match"
"LIHTC_CENSUS_0044","1230 W INGRAHAM STREET, LOS ANGELES, CA, 90017","Match","Non_Exact","1230 INGRAHAM ST, LOS ANGELES, CA, 90017","-118.265942948362,34.052453282996","141616708","L","06","037","209106","1008"
"LIHTC_CENSUS_0165","1791 OLD LOUISVILLE RD, BOWLING GREEN, KY, 42101","Match","Exact","1791 OLD LOUISVILLE RD, BOWLING GREEN, KY, 42101","-86.416799506745,37.005927690132","28002376","L","21","227","011300","3027"
"LIHTC_CENSUS_0286","1228 MONROE AVENUE, ASBURY PARK, NJ, 07712","Match","Exact","1228 MONROE AVE, ASBURY PARK, NJ, 07712","-74.023699111726,40.221133921918","90463091","L","34","025","807300","2005"
"LIHTC_CENSUS_0045","955 MONTEREY STREET, SAN LUIS OBISP, CA, 93401","Match","Exact","955 MONTEREY ST, SN LUIS OBISP, CA, 93401","-120.661809734478,35.28142160716","109732142","R","06","079","011101","2028"
"LIHTC_CENSUS_0166","1119 NORTHRIDGE DR, ELIZABETHTOWN, KY, 42701","Match","Exact","1119 NORTHRIDGE DR, ELIZABETHTOWN, KY, 42701","-85.835298727261,37.72025048364","34634209","L","21","093","001100","3011"
"LIHTC_CENSUS_0287","1284 WASHINGTON AVENUE, ASBURY PARK, NJ, 07712","Match","Exact","1284 WASHINGTON AVE, ASBURY PARK, NJ, 07712","-74.022407117193,40.220063814786","90463099","L","34","025","807300","2007"
"LIHTC_CENSUS_0046","750 -758 ANITA STREET, CHULA VISTA, CA, 91911","Match","Non_Exact","758 ANITA ST, CHULA VISTA, CA, 91911","-117.085843814905,32.598579565309","195357460","R","06","073","013205","1004"
"LIHTC_CENSUS_0167","100 W WATER ST, ALBANY, KY, 42602","Match","Exact","100 W WATER ST, ALBANY, KY, 42602","-85.136067416273,36.689492009784","635512556","R","21","053","970204","1045"
"LIHTC_CENSUS_0288","1012 SPRINGWOOD AVENUE, ASBURY PARK, NJ, 07712","Match","Exact","1012 SPRINGWOOD AVE, ASBURY PARK, NJ, 07712","-74.016747649628,40.214706222782","635456792","L","34","025","807200","1029"
"LIHTC_CENSUS_0047","3030 FIFTH STREET, DAVIS, CA, 95618","Match","Exact","3030 5TH ST, DAVIS, CA, 95618","-121.711447145536,38.553991076392","641565826","R","06","113","010610","1004"
"LIHTC_CENSUS_0168","80 MURPHY BOTTOM RD, BELFRY, KY, 41514","Match","Exact","80 MURPHY BOTTOM RD, BELFRY, KY, 41514","-82.273318687981,37.615992612747","606354415","L","21","195","931500","2034"
"LIHTC_CENSUS_0289","1100 SPRINGWOOD AVENUE, ASBURY PARK, NJ, 07712","Match","Exact","1100 SPRINGWOOD AVE, ASBURY PARK, NJ, 07712","-74.018361883939,40.214829236795","90463959","L","34","025","807200","1028"
"LIHTC_CENSUS_0048","115 W. ROSECRANS AVENUE, COMPTON, CA, 90222","Match","Exact","115 W ROSECRANS AVE, COMPTON, CA, 90222","-118.22534174097,33.903385455149","142762827","R","06","037","542601","2011"
"LIHTC_CENSUS_0169","1810 HILL RISE DRIVE, LEXINGTON, KY, 40504","No_Match"
"LIHTC_CENSUS_0049","1200 N. CULVER AVENUE, COMPTON, CA, 90222","Match","Exact","1200 N CULVER AVE, COMPTON, CA, 90222","-118.226485932446,33.903976659841","141675390","R","06","037","542601","2011"
