review_index,candidate_group_id,current_development_id,current_development_anchor_hud_id,hud_id,project,proj_add,proj_cty,proj_st,state_id,yr_pis,yr_alloc,n_unitsr,li_unitr,final_decision,final_reason_code,member_action,name_adjudicated_development_id,name_adjudicated_development_anchor_hud_id
1,NVAR_0004,DEV_CAA20130072,CAA20130072,CAA20130072,PASEO VERDE FAMILY APTS III,10050 JUNIPER AVE,FONTANA,CA,CA-11-121,2013,2011,46,46,merge,duplicate_reporting_name_variant,merge_candidate_group,DEV_CAA20130072,CAA20130072
1,NVAR_0004,DEV_CAA20138489,CAA20138489,CAA20138489,PASEO VERDE III FAMILY APTS,10050 JUNIPER AVE,FONTANA,CA,CA-11-121,2013,2011,46,46,merge,duplicate_reporting_name_variant,merge_candidate_group,DEV_CAA20130072,CAA20130072
2,NVAR_0005,DEV_CAA20141069,CAA20141069,CAA20141069,RIO VISTA APARTMENTS,1515 N. SAN FERNANDO ROAD,LOS ANGELES,CA,CA-12-086,2014,2012,87,86,merge,duplicate_reporting_name_variant,merge_candidate_group,DEV_CAA20141069,CAA20141069
2,NVAR_0005,DEV_CAA20147500,CAA20147500,CAA20147500,RIO VISTA APTS (LOS ANGELES),1515 N SAN FERNANDO RD,LOS ANGELES,CA,CA-12-086,2014,2012,87,86,merge,duplicate_reporting_name_variant,merge_candidate_group,DEV_CAA20141069,CAA20141069
3,NVAR_0006,DEV_CAA20141005,CAA20141005,CAA20141005,AVALON APARTMENTS,13218 AVALON BLVD.,LOS ANGELES,CA,CA-12-128,2014,2012,55,54,merge,duplicate_reporting_name_variant,merge_candidate_group,DEV_CAA20141005,CAA20141005
3,NVAR_0006,DEV_CAA20147467,CAA20147467,CAA20147467,AVALON APTS (LOS ANGELES),13218 AVALON BLVD,LOS ANGELES,CA,CA-12-128,2014,2012,55,54,merge,duplicate_reporting_name_variant,merge_candidate_group,DEV_CAA20141005,CAA20141005
4,NVAR_0007,DEV_CAA20141050,CAA20141050,CAA20141050,MESA COMMONS APARTMENTS,6470 EL CAJON BLVD.,SAN DIEGO,CA,CA-12-197,2014,2012,78,77,merge,duplicate_reporting_name_variant,merge_candidate_group,DEV_CAA20141050,CAA20141050
4,NVAR_0007,DEV_CAA20147492,CAA20147492,CAA20147492,MESA COMMONS APTS,6470 EL CAJON BLVD,SAN DIEGO,CA,CA-12-197,2014,2012,78,77,merge,duplicate_reporting_name_variant,merge_candidate_group,DEV_CAA20141050,CAA20141050
5,NVAR_0008,DEV_CAA20141008,CAA20141008,CAA20141008,BESWICK SENIOR APARTMENTS,3553 BESWICK STREET,LOS ANGELES,CA,CA-12-208,2014,2012,33,32,merge,duplicate_reporting_name_variant,merge_candidate_group,DEV_CAA20141008,CAA20141008
5,NVAR_0008,DEV_CAA20147470,CAA20147470,CAA20147470,BESWICK SENIOR APTS,3553 BESWICK ST,LOS ANGELES,CA,CA-12-208,2014,2012,33,32,merge,duplicate_reporting_name_variant,merge_candidate_group,DEV_CAA20141008,CAA20141008
6,NVAR_0009,DEV_CAA20141074,CAA20141074,CAA20141074,SEQUOIA MANOR,40789 FREMONT BLVD.,FREMONT,CA,CA-12-867,2014,2012,81,80,merge,duplicate_reporting_name_variant,merge_candidate_group,DEV_CAA20141074,CAA20141074
6,NVAR_0009,DEV_CAA20147503,CAA20147503,CAA20147503,SEQUIOA MANNER,40789 FREMONT BLVD,FREMONT,CA,CA-12-867,2014,2012,81,80,merge,duplicate_reporting_name_variant,merge_candidate_group,DEV_CAA20141074,CAA20141074
7,NVAR_0010,DEV_CAA20141097,CAA20141097,CAA20141097,WAGON WHEEL FAMILY APARTMENTS,510 WINCHESTER DRIVE,OXNARD,CA,CA-12-869,2014,2012,120,119,merge,duplicate_reporting_name_variant,merge_candidate_group,DEV_CAA20141097,CAA20141097
7,NVAR_0010,DEV_CAA20147514,CAA20147514,CAA20147514,WAGON WHEEL FAMILY APTS,510 WINCHESTER DR,OXNARD,CA,CA-12-869,2014,2012,120,119,merge,duplicate_reporting_name_variant,merge_candidate_group,DEV_CAA20141097,CAA20141097
8,NVAR_0011,DEV_CAA20141070,CAA20141070,CAA20141070,RIVERVIEW GARDEN APARTMENTS,2701 TOPEKA STREET,RIVERBANK,CA,CA-13-033,2014,2013,42,41,merge,duplicate_reporting_name_variant,merge_candidate_group,DEV_CAA20141070,CAA20141070
8,NVAR_0011,DEV_CAA20147501,CAA20147501,CAA20147501,RIVERVIEW GARDEN,2701 TOPEKA ST,RIVERBANK,CA,CA-13-033,2014,2013,42,41,merge,duplicate_reporting_name_variant,merge_candidate_group,DEV_CAA20141070,CAA20141070
9,NVAR_0012,DEV_CAA20141091,CAA20141091,CAA20141091,UNIVERSITY AVENUE COOPERATIVE HOUSING,1471 ADDISON STREET,BERKELEY,CA,CA-13-048,2014,2013,47,46,merge,duplicate_reporting_name_variant,merge_candidate_group,DEV_CAA20141091,CAA20141091
9,NVAR_0012,DEV_CAA20147508,CAA20147508,CAA20147508,UNIVERSITY AVENUE COOPERATIVE HOUSING (SITE A),1471 ADDISON ST,BERKELEY,CA,CA-13-048,2014,2013,47,46,merge,duplicate_reporting_name_variant,merge_candidate_group,DEV_CAA20141091,CAA20141091
10,NVAR_0013,DEV_CAA20150047,CAA20150047,CAA20150047,MENDOTA RENTAL ASSISTANCE DEMONSTRATION (RAD),111 STRAW STREET,MENDOTA,CA,CA-13-088,2015,2013,124,123,merge,duplicate_reporting_name_variant,merge_candidate_group,DEV_CAA20150047,CAA20150047
10,NVAR_0013,DEV_CAA20156278,CAA20156278,CAA20156278,MENDOTA RENTAL ASSISTANCE DEMONSTRATION (RAD) (SITE A),111 STRAW ST,MENDOTA,CA,CA-13-088,2015,2013,124,123,merge,duplicate_reporting_name_variant,merge_candidate_group,DEV_CAA20150047,CAA20150047
11,NVAR_0014,DEV_CAA20150057,CAA20150057,CAA20150057,ORANGE COVE RENTAL ASSISTANCE DEMONSTRATION (RAD),791 I STREET,ORANGE COVE,CA,CA-13-089,2015,2013,90,87,merge,duplicate_reporting_name_variant,merge_candidate_group,DEV_CAA20150057,CAA20150057
11,NVAR_0014,DEV_CAA20156279,CAA20156279,CAA20156279,ORANGE COVE RENTAL ASSISTANCE DEMONSTRATION (RAD) (SITE A),791 I ST,ORANGE COVE,CA,CA-13-089,2015,2013,90,87,merge,duplicate_reporting_name_variant,merge_candidate_group,DEV_CAA20150057,CAA20150057
12,NVAR_0015,DEV_CAA20150028,CAA20150028,CAA20150028,FRESNO RENTAL ASSISTANCE DEMONSTRATION (RAD),4216 E. HAMILTON AVE.,FRESNO,CA,CA-13-090,2015,2013,193,191,merge,duplicate_reporting_name_variant,merge_candidate_group,DEV_CAA20150028,CAA20150028
12,NVAR_0015,DEV_CAA20156274,CAA20156274,CAA20156274,FRESNO RENTAL ASSISTANCE DEMONSTRATION (SITE A),4216 E HAMILTON AVE,FRESNO,CA,CA-13-090,2015,2013,193,191,merge,duplicate_reporting_name_variant,merge_candidate_group,DEV_CAA20150028,CAA20150028
13,NVAR_0016,DEV_CAA20141071,CAA20141071,CAA20141071,RIVERWALK APARTMENTS,110 LINDBERG STREET,SANTA CRUZ,CA,CA-13-091,2014,2013,21,20,merge,duplicate_reporting_name_variant,merge_candidate_group,DEV_CAA20141071,CAA20141071
13,NVAR_0016,DEV_CAA20147502,CAA20147502,CAA20147502,RIVERWALK APTS (SANTA CRUZ),110 LINDBERG ST,SANTA CRUZ,CA,CA-13-091,2014,2013,21,20,merge,duplicate_reporting_name_variant,merge_candidate_group,DEV_CAA20141071,CAA20141071
14,NVAR_0017,DEV_CAA20150085,CAA20150085,CAA20150085,THE SIX (AKA CARONDELET APARTMENTS),811 S. CARONDELET STREET,LOS ANGELES,CA,CA-13-113,2015,2013,52,50,merge,duplicate_reporting_name_variant,merge_candidate_group,DEV_CAA20150085,CAA20150085
14,NVAR_0017,DEV_CAA20156283,CAA20156283,CAA20156283,THE SIX,811 S CARONDELET ST,LOS ANGELES,CA,CA-13-113,2015,2013,52,50,merge,duplicate_reporting_name_variant,merge_candidate_group,DEV_CAA20150085,CAA20150085
15,NVAR_0018,DEV_CAA20150100,CAA20150100,CAA20150100,WHITTIER PLACE HOUSING,4125 WHITTIER BLVD.,LOS ANGELES,CA,CA-13-148,2015,2013,25,24,merge,duplicate_reporting_name_variant,merge_candidate_group,DEV_CAA20150100,CAA20150100
15,NVAR_0018,DEV_CAA20156287,CAA20156287,CAA20156287,WHITTIER PLACE HOUSING (SITE A),4125 WHITTIER BLVD,LOS ANGELES,CA,CA-13-148,2015,2013,25,24,merge,duplicate_reporting_name_variant,merge_candidate_group,DEV_CAA20150100,CAA20150100
16,NVAR_0019,DEV_CAA20150083,CAA20150083,CAA20150083,THE EXCHANGE AT GATEWAY APARTMENTS,10562 SANTA FE DRIVE,EL MONTE,CA,CA-13-159,2015,2013,132,131,merge,duplicate_reporting_name_variant,merge_candidate_group,DEV_CAA20150083,CAA20150083
16,NVAR_0019,DEV_CAA20156273,CAA20156273,CAA20156273,EXCHANGE AT GATEWAY APARTMENTS,10562 SANTA FE DR,EL MONTE,CA,CA-13-159,2015,2013,132,131,merge,duplicate_reporting_name_variant,merge_candidate_group,DEV_CAA20150083,CAA20150083
17,NVAR_0020,DEV_CAA20150044,CAA20150044,CAA20150044,LONG BEACH + 21ST APARTMENTS,2114 LONG BEACH BOULEVARD,LONG BEACH,CA,CA-13-162,2015,2013,41,40,merge,duplicate_reporting_name_variant,merge_candidate_group,DEV_CAA20150044,CAA20150044
17,NVAR_0020,DEV_CAA20156277,CAA20156277,CAA20156277,LONG BEACH & 21ST APTS,2114 LONG BEACH BLVD,LONG BEACH,CA,CA-13-162,2015,2013,41,40,merge,duplicate_reporting_name_variant,merge_candidate_group,DEV_CAA20150044,CAA20150044
18,NVAR_0022,DEV_CAA20141048,CAA20141048,CAA20141048,LOMPOC TERRACE,805 W. APRICOT AVENUE,LOMPOC,CA,CA-13-185,2014,2013,40,39,merge,duplicate_reporting_name_variant,merge_candidate_group,DEV_CAA20141048,CAA20141048
18,NVAR_0022,DEV_CAA20147489,CAA20147489,CAA20147489,LOMPOC TERRACE (SITE A),805 W APRICOT AVE,LOMPOC,CA,CA-13-185,2014,2013,40,39,merge,duplicate_reporting_name_variant,merge_candidate_group,DEV_CAA20141048,CAA20141048
19,NVAR_0023,DEV_CAA20132001,CAA20132001,CAA20132001,ELDRIDGE GONAWAY COMMONS,275 E. 12TH STREET,OAKLAND,CA,CA-13-816,2013,2013,40,39,merge,duplicate_reporting_name_variant,merge_candidate_group,DEV_CAA20132001,CAA20132001
19,NVAR_0023,DEV_CAA20138486,CAA20138486,CAA20138486,ELDRIDGE GONOWAY APTS,275 E 12TH ST,OAKLAND,CA,CA-13-816,2013,2013,40,39,merge,duplicate_reporting_name_variant,merge_candidate_group,DEV_CAA20132001,CAA20132001
20,NVAR_0024,DEV_CAA20141039,CAA20141039,CAA20141039,HARBOR VILLAGE APARTMENTS,981 HARBOR VILLAGE DRIVE,HARBOR CITY,CA,CA-13-843,2014,2013,400,398,merge,duplicate_reporting_name_variant,merge_candidate_group,DEV_CAA20141039,CAA20141039
20,NVAR_0024,DEV_CAA20147483,CAA20147483,CAA20147483,HARBOR VILLAGE APTS I (A),981 HARBOR VILLAGE DR,HARBOR CITY,CA,CA-13-843,2014,2013,400,398,merge,duplicate_reporting_name_variant,merge_candidate_group,DEV_CAA20141039,CAA20141039
21,NVAR_0026,DEV_CAA20141022,CAA20141022,CAA20141022,COLLEGE PARK APARTMENTS,43331 30TH STREET WEST,LANCASTER,CA,CA-13-906,2014,2013,61,60,merge,duplicate_reporting_name_variant,merge_candidate_group,DEV_CAA20141022,CAA20141022
21,NVAR_0026,DEV_CAA20147475,CAA20147475,CAA20147475,COLLEGE PARK APTS (LANCASTER),43331 30TH ST W,LANCASTER,CA,CA-13-906,2014,2013,61,60,merge,duplicate_reporting_name_variant,merge_candidate_group,DEV_CAA20141022,CAA20141022
22,NVAR_0028,DEV_CAA20151012,CAA20151012,CAA20151012,ESPERANZA + COLOSIMO APARTMENTS,3590 19TH STREET,SAN FRANCISCO,CA,CA-14-810,2015,2014,50,49,merge,duplicate_reporting_name_variant,merge_candidate_group,DEV_CAA20151012,CAA20151012
22,NVAR_0028,DEV_CAA20156272,CAA20156272,CAA20156272,ESPERANZA AND COLOSIMO APARTMENTS,3590 19TH ST,SAN FRANCISCO,CA,CA-14-810,2015,2014,50,49,merge,duplicate_reporting_name_variant,merge_candidate_group,DEV_CAA20151012,CAA20151012
23,NVAR_0029,DEV_CAA20141095,CAA20141095,CAA20141095,VILLAGE CENTER APARTMENTS,200 EAST LINCOLN AVENUE,ANAHEIM,CA,CA-14-829,2014,2014,100,99,merge,duplicate_reporting_name_variant,merge_candidate_group,DEV_CAA20141095,CAA20141095
23,NVAR_0029,DEV_CAA20147511,CAA20147511,CAA20147511,VILLAGE CENTER APTS,200 E LINCOLN AVE,ANAHEIM,CA,CA-14-829,2014,2014,100,99,merge,duplicate_reporting_name_variant,merge_candidate_group,DEV_CAA20141095,CAA20141095
24,NVAR_0033,DEV_GAA20020050,GAA20020050,GAA20020050,MAGNOLIA VILLAGE APTS (LAWRENCEVILLE),287 E CROGAN ST,LAWRENCEVILLE,GA,2001-063,2002,2001,192,140,merge,duplicate_reporting_name_variant,merge_candidate_group,DEV_GAA20020050,GAA20020050
24,NVAR_0033,DEV_GAA20029802,GAA20029802,GAA20029802,MAGNOLIA VILLAGE APTS (AMERICUS),287 E CROGAN ST.,LAWRENCEVILLE,GA,2001-063,2002,2001,192,140,merge,duplicate_reporting_name_variant,merge_candidate_group,DEV_GAA20020050,GAA20020050
25,NVAR_0035,DEV_GAA20060375,GAA20060375,GAA20060375,PECAN GROVE HOMES PHASE I,100 PECAN GROVE DR,WAYNESBORO,GA,2002-053,2006,2002,40,32,merge,duplicate_reporting_name_variant,merge_candidate_group,DEV_GAA20060375,GAA20060375
25,NVAR_0035,DEV_GAA20069023,GAA20069023,GAA20069023,PECAN GROVE HOMES,100 PECAN GROVE DR,WAYNESBORO,GA,2002-053,2006,2002,40,32,merge,duplicate_reporting_name_variant,merge_candidate_group,DEV_GAA20060375,GAA20060375
26,NVAR_0038,DEV_GAA20090085,GAA20090085,GAA20090085,SPRING CREEK I,2010 S COURT ST,QUITMAN,GA,2008-012,2009,2008,42,42,merge,duplicate_reporting_name_variant,merge_candidate_group,DEV_GAA20090085,GAA20090085
26,NVAR_0038,DEV_GAA20098021,GAA20098021,GAA20098021,SPRING CREEK,2010 S COURT ST,QUITMAN,GA,2008-012,2009,2008,42,42,merge,duplicate_reporting_name_variant,merge_candidate_group,DEV_GAA20090085,GAA20090085
27,NVAR_0040,DEV_GAA20175173,GAA20175173,GAA20175173,POTEMKIN SENIOR VILLAGE OF WARNER ROBINS II,710 ELBERTA RD,WARNER ROBINS,GA,2014-046,2017,2014,52,52,merge,duplicate_reporting_name_variant,merge_candidate_group,DEV_GAA20175173,GAA20175173
27,NVAR_0040,DEV_GAA20177243,GAA20177243,GAA20177243,POTEMKIN SENIOR VILLAGE II,710 ELBERTA RD,WARNER ROBINS,GA,2014-046,2017,2014,52,52,merge,duplicate_reporting_name_variant,merge_candidate_group,DEV_GAA20175173,GAA20175173
28,NVAR_0042,DEV_IAA19980321,IAA19980321,IAA19980321,HOTEL BURLINGTON SENIOR HOUSING,206 N THIRD ST,BURLINGTON,IA,97-22,1998,1997,75,47,merge,duplicate_reporting_name_variant,merge_candidate_group,DEV_IAA19980321,IAA19980321
28,NVAR_0042,DEV_IAA19989001,IAA19989001,IAA19989001,THE BURLINGTON APTS,206 NORTH THIRD ST,BURLINGTON,IA,97-22,1998,1997,75,47,merge,duplicate_reporting_name_variant,merge_candidate_group,DEV_IAA19980321,IAA19980321
29,NVAR_0044,DEV_KYA20140010,KYA20140010,KYA20140010,MAYSVILLE HIGH SCHOOL APTS,LIMESTONE ST,MAYSVILLE,KY,KY-13-012,2014,2013,29,29,merge,duplicate_reporting_name_variant,merge_candidate_group,DEV_KYA20140010,KYA20140010
29,NVAR_0044,DEV_KYA20143003,KYA20143003,KYA20143003,MAYSVILLE HIGH SCHOOL APARTMENTS DBA THE LANDINGS AT MAYSVILLE HIGH SCHOOL,LIMESTONE STREET,MAYSVILLE,KY,KY-13-012,2014,2013,29,29,merge,duplicate_reporting_name_variant,merge_candidate_group,DEV_KYA20140010,KYA20140010
30,NVAR_0053,DEV_NCA19960235,NCA19960235,NCA19960235,BAREFOOT PARK APTS,DOWNING STREET,WILSON,NC,9000802,1996,1994,3,3,merge,duplicate_reporting_name_variant,merge_candidate_group,DEV_NCA19960235,NCA19960235
30,NVAR_0053,DEV_NCA19969047,NCA19969047,NCA19969047,BAREFOOT PARK APTS LOT 10,DOWNING STREET,WILSON,NC,9000802,1996,1994,3,3,merge,duplicate_reporting_name_variant,merge_candidate_group,DEV_NCA19960235,NCA19960235
31,NVAR_0054,DEV_NCA19910085,NCA19910085,NCA19910085,EASTLAND AVE,3940 EASTLAND AVE,GREENSBORO,NC,9000948,1991,1990,1,1,merge,duplicate_reporting_name_variant,merge_candidate_group,DEV_NCA19910085,NCA19910085
31,NVAR_0054,DEV_NCA19919048,NCA19919048,NCA19919048,PWE EASTLAND AVE,3940 EASTLAND AVE,GREENSBORO,NC,9000948,1991,1990,1,1,merge,duplicate_reporting_name_variant,merge_candidate_group,DEV_NCA19910085,NCA19910085
32,NVAR_0055,DEV_NCA19960035,NCA19960035,NCA19960035,1832 VINTAGE RD,1832 VINTAGE RD,RALEIGH,NC,9001106,1996,1995,1,1,merge,duplicate_reporting_name_variant,merge_candidate_group,DEV_NCA19960035,NCA19960035
32,NVAR_0055,DEV_NCA19969007,NCA19969007,NCA19969007,1832 VINTAGE ROAD,1832 VINTAGE ROAD,RALEIGH,NC,9001106,1996,1995,1,1,merge,duplicate_reporting_name_variant,merge_candidate_group,DEV_NCA19960035,NCA19960035
33,NVAR_0056,DEV_NCA19970075,NCA19970075,NCA19970075,5410 TALSERWOOD DR,5410 TALSERWOOD DR,RALEIGH,NC,9001107,1997,1996,1,1,merge,duplicate_reporting_name_variant,merge_candidate_group,DEV_NCA19970075,NCA19970075
33,NVAR_0056,DEV_NCA19979015,NCA19979015,NCA19979015,5410 TALSERWOOD DRIVE,5410 TALSERWOOD DRIVE,RALEIGH,NC,9001107,1997,1996,1,1,merge,duplicate_reporting_name_variant,merge_candidate_group,DEV_NCA19970075,NCA19970075
34,NVAR_0057,DEV_NCA19950125,NCA19950125,NCA19950125,HEATHERBROOK,2922 FAVERSHAM PL,RALEIGH,NC,9001160,1995,1994,1,1,merge,duplicate_reporting_name_variant,merge_candidate_group,DEV_NCA19950125,NCA19950125
34,NVAR_0057,DEV_NCA19959024,NCA19959024,NCA19959024,2922 FAVERSHAM PL,2922 FAVERSHAM PL,RALEIGH,NC,9001160,1995,1994,1,1,merge,duplicate_reporting_name_variant,merge_candidate_group,DEV_NCA19950125,NCA19950125
35,NVAR_0058,DEV_NCA19950140,NCA19950140,NCA19950140,HEATHERBROOK,2930 FAVERSHAM PL,RALEIGH,NC,9001161,1995,1994,1,1,merge,duplicate_reporting_name_variant,merge_candidate_group,DEV_NCA19950140,NCA19950140
35,NVAR_0058,DEV_NCA19959027,NCA19959027,NCA19959027,2930 FAVERSHAM PL,2930 FAVERSHAM PL,RALEIGH,NC,9001161,1995,1994,1,1,merge,duplicate_reporting_name_variant,merge_candidate_group,DEV_NCA19950140,NCA19950140
36,NVAR_0059,DEV_NCA19950145,NCA19950145,NCA19950145,HEATHERBROOK,2932 FAVERSHAM PL,RALEIGH,NC,9001162,1995,1994,1,1,merge,duplicate_reporting_name_variant,merge_candidate_group,DEV_NCA19950145,NCA19950145
36,NVAR_0059,DEV_NCA19959028,NCA19959028,NCA19959028,2932 FAVERSHAM PL,2932 FAVERSHAM PL,RALEIGH,NC,9001162,1995,1994,1,1,merge,duplicate_reporting_name_variant,merge_candidate_group,DEV_NCA19950145,NCA19950145
37,NVAR_0060,DEV_NCA19950035,NCA19950035,NCA19950035,HEATHERBROOK,2900 FAVERSHAM PL,RALEIGH,NC,9001164,1995,1994,1,1,merge,duplicate_reporting_name_variant,merge_candidate_group,DEV_NCA19950035,NCA19950035
37,NVAR_0060,DEV_NCA19959006,NCA19959006,NCA19959006,2900 FAVERSHAM PL,2900 FAVERSHAM PL,RALEIGH,NC,9001164,1995,1994,1,1,merge,duplicate_reporting_name_variant,merge_candidate_group,DEV_NCA19950035,NCA19950035
38,NVAR_0061,DEV_NCA19950040,NCA19950040,NCA19950040,HEATHERBROOK,2901 FAVERSHAM PL,RALEIGH,NC,9001165,1995,1994,1,1,merge,duplicate_reporting_name_variant,merge_candidate_group,DEV_NCA19950040,NCA19950040
38,NVAR_0061,DEV_NCA19959007,NCA19959007,NCA19959007,2901 FAVERSHAM PL,2901 FAVERSHAM PL,RALEIGH,NC,9001165,1995,1994,1,1,merge,duplicate_reporting_name_variant,merge_candidate_group,DEV_NCA19950040,NCA19950040
39,NVAR_0062,DEV_NCA19950045,NCA19950045,NCA19950045,HEATHERBROOK,2902 FAVERSHAM PL,RALEIGH,NC,9001166,1995,1994,1,1,merge,duplicate_reporting_name_variant,merge_candidate_group,DEV_NCA19950045,NCA19950045
39,NVAR_0062,DEV_NCA19959008,NCA19959008,NCA19959008,2902 FAVERSHAM PL,2902 FAVERSHAM PL,RALEIGH,NC,9001166,1995,1994,1,1,merge,duplicate_reporting_name_variant,merge_candidate_group,DEV_NCA19950045,NCA19950045
40,NVAR_0063,DEV_NCA19950150,NCA19950150,NCA19950150,HEATHERBROOK,2934 FAVERSHAM PL,RALEIGH,NC,9001168,1995,1994,1,1,merge,duplicate_reporting_name_variant,merge_candidate_group,DEV_NCA19950150,NCA19950150
40,NVAR_0063,DEV_NCA19959029,NCA19959029,NCA19959029,2934 FAVERSHAM PL,2934 FAVERSHAM PL,RALEIGH,NC,9001168,1995,1994,1,1,merge,duplicate_reporting_name_variant,merge_candidate_group,DEV_NCA19950150,NCA19950150
41,NVAR_0064,DEV_NCA19950100,NCA19950100,NCA19950100,HEATHERBROOK,2913 FAVERSHAM PL,RALEIGH,NC,9001169,1995,1994,1,1,merge,duplicate_reporting_name_variant,merge_candidate_group,DEV_NCA19950100,NCA19950100
41,NVAR_0064,DEV_NCA19959019,NCA19959019,NCA19959019,2913 FAVERSHAM PL,2913 FAVERSHAM PL,RALEIGH,NC,9001169,1995,1994,1,1,merge,duplicate_reporting_name_variant,merge_candidate_group,DEV_NCA19950100,NCA19950100
42,NVAR_0065,DEV_NCA19950175,NCA19950175,NCA19950175,HEATHERBROOK,2946 FAVERSHAM PL,RALEIGH,NC,9001170,1995,1994,1,1,merge,duplicate_reporting_name_variant,merge_candidate_group,DEV_NCA19950175,NCA19950175
42,NVAR_0065,DEV_NCA19959034,NCA19959034,NCA19959034,2946 FAVERSHAM PL,2946 FAVERSHAM PL,RALEIGH,NC,9001170,1995,1994,1,1,merge,duplicate_reporting_name_variant,merge_candidate_group,DEV_NCA19950175,NCA19950175
43,NVAR_0066,DEV_NCA19950105,NCA19950105,NCA19950105,HEATHERBROOK,2914 FAVERSHAM PL,RALEIGH,NC,9001171,1995,1994,1,1,merge,duplicate_reporting_name_variant,merge_candidate_group,DEV_NCA19950105,NCA19950105
43,NVAR_0066,DEV_NCA19959020,NCA19959020,NCA19959020,2914 FAVERSHAM PL,2914 FAVERSHAM PLACE,RALEIGH,NC,9001171,1995,1994,1,1,merge,duplicate_reporting_name_variant,merge_candidate_group,DEV_NCA19950105,NCA19950105
44,NVAR_0067,DEV_NCA19950110,NCA19950110,NCA19950110,HEATHERBROOK,2915 FAVERSHAM PL,RALEIGH,NC,9001172,1995,1994,1,1,merge,duplicate_reporting_name_variant,merge_candidate_group,DEV_NCA19950110,NCA19950110
44,NVAR_0067,DEV_NCA19959021,NCA19959021,NCA19959021,2915 FAVERSHAM PL,2915 FAVERSHAM PL,RALEIGH,NC,9001172,1995,1994,1,1,merge,duplicate_reporting_name_variant,merge_candidate_group,DEV_NCA19950110,NCA19950110
45,NVAR_0068,DEV_NCA19950090,NCA19950090,NCA19950090,HEATHERBROOK,2911 FAVERSHAM PL,RALEIGH,NC,9001173,1995,1994,1,1,merge,duplicate_reporting_name_variant,merge_candidate_group,DEV_NCA19950090,NCA19950090
45,NVAR_0068,DEV_NCA19959017,NCA19959017,NCA19959017,2911 FAVERSHAM PL,2911 FAVERSHAM PL,RALEIGH,NC,9001173,1995,1994,1,1,merge,duplicate_reporting_name_variant,merge_candidate_group,DEV_NCA19950090,NCA19950090
46,NVAR_0069,DEV_NCA19950070,NCA19950070,NCA19950070,HEATHERBROOK,2907 FAVERSHAM PL,RALEIGH,NC,9001174,1995,1994,1,1,merge,duplicate_reporting_name_variant,merge_candidate_group,DEV_NCA19950070,NCA19950070
46,NVAR_0069,DEV_NCA19959013,NCA19959013,NCA19959013,2907 FAVERSHAM PL,2907 FAVERSHAM PL,RALEIGH,NC,9001174,1995,1994,1,1,merge,duplicate_reporting_name_variant,merge_candidate_group,DEV_NCA19950070,NCA19950070
47,NVAR_0070,DEV_NCA19950085,NCA19950085,NCA19950085,HEATHERBROOK,2910 FAVERSHAM PL,RALEIGH,NC,9001175,1995,1994,1,1,merge,duplicate_reporting_name_variant,merge_candidate_group,DEV_NCA19950085,NCA19950085
47,NVAR_0070,DEV_NCA19959016,NCA19959016,NCA19959016,2910 FAVERSHAM PL,2910 FAVERSHAM PL,RALEIGH,NC,9001175,1995,1994,1,1,merge,duplicate_reporting_name_variant,merge_candidate_group,DEV_NCA19950085,NCA19950085
48,NVAR_0071,DEV_NCA19950060,NCA19950060,NCA19950060,HEATHERBROOK,2905 FAVERSHAM PL,RALEIGH,NC,9001176,1995,1994,1,1,merge,duplicate_reporting_name_variant,merge_candidate_group,DEV_NCA19950060,NCA19950060
48,NVAR_0071,DEV_NCA19959011,NCA19959011,NCA19959011,2905 FAVERSHAM PL,2905 FAVERSHAM PL,RALEIGH,NC,9001176,1995,1994,1,1,merge,duplicate_reporting_name_variant,merge_candidate_group,DEV_NCA19950060,NCA19950060
49,NVAR_0072,DEV_NCA19950075,NCA19950075,NCA19950075,HEATHERBROOK,2908 FAVERSHAM PL,RALEIGH,NC,9001177,1995,1994,1,1,merge,duplicate_reporting_name_variant,merge_candidate_group,DEV_NCA19950075,NCA19950075
49,NVAR_0072,DEV_NCA19959014,NCA19959014,NCA19959014,2908 FAVERSHAM PL,2908 FAVERSHAM PL,RALEIGH,NC,9001177,1995,1994,1,1,merge,duplicate_reporting_name_variant,merge_candidate_group,DEV_NCA19950075,NCA19950075
50,NVAR_0073,DEV_NCA19950055,NCA19950055,NCA19950055,HEATHERBROOK,2904 FAVERSHAM PL,RALEIGH,NC,9001178,1995,1994,1,1,merge,duplicate_reporting_name_variant,merge_candidate_group,DEV_NCA19950055,NCA19950055
50,NVAR_0073,DEV_NCA19959010,NCA19959010,NCA19959010,2904 FAVERSHAM PL,2904 FAVERSHAM PL,RALEIGH,NC,9001178,1995,1994,1,1,merge,duplicate_reporting_name_variant,merge_candidate_group,DEV_NCA19950055,NCA19950055
51,NVAR_0074,DEV_NCA19950155,NCA19950155,NCA19950155,HEATHERBROOK,2938 FAVERSHAM PL,RALEIGH,NC,9001179,1995,1994,1,1,merge,duplicate_reporting_name_variant,merge_candidate_group,DEV_NCA19950155,NCA19950155
51,NVAR_0074,DEV_NCA19959030,NCA19959030,NCA19959030,2938 FAVERSHAM PL,2938 FAVERSHAM PL,RALEIGH,NC,9001179,1995,1994,1,1,merge,duplicate_reporting_name_variant,merge_candidate_group,DEV_NCA19950155,NCA19950155
52,NVAR_0075,DEV_NCA19950180,NCA19950180,NCA19950180,HEATHERBROOK,2948 FAVERSHAM PL,RALEIGH,NC,9001180,1995,1994,1,1,merge,duplicate_reporting_name_variant,merge_candidate_group,DEV_NCA19950180,NCA19950180
52,NVAR_0075,DEV_NCA19959035,NCA19959035,NCA19959035,2948 FAVERSHAM PL,2948 FAVERSHAM PL,RALEIGH,NC,9001180,1995,1994,1,1,merge,duplicate_reporting_name_variant,merge_candidate_group,DEV_NCA19950180,NCA19950180
53,NVAR_0076,DEV_NCA19950080,NCA19950080,NCA19950080,HEATHERBROOK,2909 FAVERSHAM PL,RALEIGH,NC,9001181,1995,1994,1,1,merge,duplicate_reporting_name_variant,merge_candidate_group,DEV_NCA19950080,NCA19950080
53,NVAR_0076,DEV_NCA19959015,NCA19959015,NCA19959015,2909 FAVERSHAM PL,2909 FAVERSHAM PL,RALEIGH,NC,9001181,1995,1994,1,1,merge,duplicate_reporting_name_variant,merge_candidate_group,DEV_NCA19950080,NCA19950080
54,NVAR_0077,DEV_NCA19950065,NCA19950065,NCA19950065,HEATHERBROOK,2906 FAVERSHAM PL,RALEIGH,NC,9001182,1995,1994,1,1,merge,duplicate_reporting_name_variant,merge_candidate_group,DEV_NCA19950065,NCA19950065
54,NVAR_0077,DEV_NCA19959012,NCA19959012,NCA19959012,2906 FAVERSHAM PL,2906 FAVERSHAM PL,RALEIGH,NC,9001182,1995,1994,1,1,merge,duplicate_reporting_name_variant,merge_candidate_group,DEV_NCA19950065,NCA19950065
55,NVAR_0078,DEV_NCA19950170,NCA19950170,NCA19950170,HEATHERBROOK,2944 FAVERSHAM PL,RALEIGH,NC,9001183,1995,1994,1,1,merge,duplicate_reporting_name_variant,merge_candidate_group,DEV_NCA19950170,NCA19950170
55,NVAR_0078,DEV_NCA19959033,NCA19959033,NCA19959033,2944 FAVERSHAM PL,2944 FAVERSHAM PL,RALEIGH,NC,9001183,1995,1994,1,1,merge,duplicate_reporting_name_variant,merge_candidate_group,DEV_NCA19950170,NCA19950170
56,NVAR_0079,DEV_NCA19950165,NCA19950165,NCA19950165,HEATHERBROOK,2942 FAVERSHAM PL,RALEIGH,NC,9001184,1995,1994,1,1,merge,duplicate_reporting_name_variant,merge_candidate_group,DEV_NCA19950165,NCA19950165
56,NVAR_0079,DEV_NCA19959032,NCA19959032,NCA19959032,2942 FAVERSHAM PL,2942 FAVERSHAM PL,RALEIGH,NC,9001184,1995,1994,1,1,merge,duplicate_reporting_name_variant,merge_candidate_group,DEV_NCA19950165,NCA19950165
57,NVAR_0080,DEV_NCA19950160,NCA19950160,NCA19950160,HEATHERBROOK,2940 FAVERSHAM PL,RALEIGH,NC,9001185,1995,1994,1,1,merge,duplicate_reporting_name_variant,merge_candidate_group,DEV_NCA19950160,NCA19950160
57,NVAR_0080,DEV_NCA19959031,NCA19959031,NCA19959031,2940 FAVERSHAM PL,2940 FAVERSHAM PL,RALEIGH,NC,9001185,1995,1994,1,1,merge,duplicate_reporting_name_variant,merge_candidate_group,DEV_NCA19950160,NCA19950160
58,NVAR_0081,DEV_NCA19950050,NCA19950050,NCA19950050,HEATHERBROOK,2903 FAVERSHAM PL,RALEIGH,NC,9001186,1995,1994,1,1,merge,duplicate_reporting_name_variant,merge_candidate_group,DEV_NCA19950050,NCA19950050
58,NVAR_0081,DEV_NCA19959009,NCA19959009,NCA19959009,2903 FAVERSHAM PL,2903 FAVERSHAM PL,RALEIGH,NC,9001186,1995,1994,1,1,merge,duplicate_reporting_name_variant,merge_candidate_group,DEV_NCA19950050,NCA19950050
59,NVAR_0083,DEV_NCA19970010,NCA19970010,NCA19970010,1825 VINTAGE RD,1825 VINTAGE RD,RALEIGH,NC,9001419,1997,1995,1,1,merge,duplicate_reporting_name_variant,merge_candidate_group,DEV_NCA19970010,NCA19970010
59,NVAR_0083,DEV_NCA19979002,NCA19979002,NCA19979002,1825 VINTAGE ROAD,1825 VINTAGE ROAD,RALEIGH,NC,9001419,1997,1995,1,1,merge,duplicate_reporting_name_variant,merge_candidate_group,DEV_NCA19970010,NCA19970010
60,NVAR_0084,DEV_NCA19960020,NCA19960020,NCA19960020,1823 VINTAGE RD,1823 VINTAGE RD,RALEIGH,NC,9001420,1996,1995,1,1,merge,duplicate_reporting_name_variant,merge_candidate_group,DEV_NCA19960020,NCA19960020
60,NVAR_0084,DEV_NCA19969004,NCA19969004,NCA19969004,1823 VINTAGE ROAD,1823 VINTAGE ROAD,RALEIGH,NC,9001420,1996,1995,1,1,merge,duplicate_reporting_name_variant,merge_candidate_group,DEV_NCA19960020,NCA19960020
61,NVAR_0085,DEV_NCA19960030,NCA19960030,NCA19960030,1827 VINTAGE RD,1827 VINTAGE RD,RALEIGH,NC,9001421,1996,1995,1,1,merge,duplicate_reporting_name_variant,merge_candidate_group,DEV_NCA19960030,NCA19960030
61,NVAR_0085,DEV_NCA19969006,NCA19969006,NCA19969006,1827 VINTAGE ROAD,1827 VINTAGE ROAD,RALEIGH,NC,9001421,1996,1995,1,1,merge,duplicate_reporting_name_variant,merge_candidate_group,DEV_NCA19960030,NCA19960030
62,NVAR_0086,DEV_NCA19940195,NCA19940195,NCA19940195,625 CAROLINA AVE,625 CAROLINA AVE,RALEIGH,NC,9001460,1994,1993,1,1,merge,duplicate_reporting_name_variant,merge_candidate_group,DEV_NCA19940195,NCA19940195
62,NVAR_0086,DEV_NCA19949032,NCA19949032,NCA19949032,625 CAROLINA AVENUE,625 CAROLINA AVENUE,RALEIGH,NC,9001460,1994,1993,1,1,merge,duplicate_reporting_name_variant,merge_candidate_group,DEV_NCA19940195,NCA19940195
63,NVAR_0087,DEV_NCA19970015,NCA19970015,NCA19970015,1828 VINTAGE RD,1828 VINTAGE RD,RALEIGH,NC,9001461,1997,1995,1,1,merge,duplicate_reporting_name_variant,merge_candidate_group,DEV_NCA19970015,NCA19970015
63,NVAR_0087,DEV_NCA19979003,NCA19979003,NCA19979003,1828 VINTAGE ROAD,1828 VINTAGE ROAD,RALEIGH,NC,9001461,1997,1995,1,1,merge,duplicate_reporting_name_variant,merge_candidate_group,DEV_NCA19970015,NCA19970015
64,NVAR_0088,DEV_NCA19900125,NCA19900125,NCA19900125,"BLANTON STREET APTS A,B,C,D",508 BLANTON ST,SHELBY,NC,9001465,1990,1990,4,4,merge,duplicate_reporting_name_variant,merge_candidate_group,DEV_NCA19900125,NCA19900125
64,NVAR_0088,DEV_NCA19909008,NCA19909008,NCA19909008,"BLANTON ST. APTS A,B,C,D",508 BLANTON STREET,SHELBY,NC,9001465,1990,1990,4,4,merge,duplicate_reporting_name_variant,merge_candidate_group,DEV_NCA19900125,NCA19900125
65,NVAR_0089,DEV_NCA19930050,NCA19930050,NCA19930050,2120 HAWKINS ST,2120 HAWKINS ST,RALEIGH,NC,9001713,1993,1992,4,4,merge,duplicate_reporting_name_variant,merge_candidate_group,DEV_NCA19930050,NCA19930050
65,NVAR_0089,DEV_NCA19939007,NCA19939007,NCA19939007,2120 HAWKINS STREET,2120 HAWKINS STREET,RALEIGH,NC,9001713,1993,1992,4,4,merge,duplicate_reporting_name_variant,merge_candidate_group,DEV_NCA19930050,NCA19930050
66,NVAR_0090,DEV_NCA19910125,NCA19910125,NCA19910150,FOX HOLLOW APTS,2712 BIG OAK ST,RALEIGH,NC,9001754,1991,1990,1,1,merge,duplicate_reporting_name_variant,merge_candidate_group,DEV_NCA19910125,NCA19910125
66,NVAR_0090,DEV_NCA19919049,NCA19919049,NCA19919049,PWE FOX HOLLOW APTS,2712 BIG OAK ST,RALEIGH,NC,9001754,1991,1990,1,1,merge,duplicate_reporting_name_variant,merge_candidate_group,DEV_NCA19910125,NCA19910125
67,NVAR_0091,DEV_NCA19960040,NCA19960040,NCA19960040,1834 VINTAGE RD,1834 VINTAGE RD,RALEIGH,NC,9001756,1996,1995,1,1,merge,duplicate_reporting_name_variant,merge_candidate_group,DEV_NCA19960040,NCA19960040
67,NVAR_0091,DEV_NCA19969008,NCA19969008,NCA19969008,1834 VINTAGE ROAD,1834 VINTAGE ROAD,RALEIGH,NC,9001756,1996,1995,1,1,merge,duplicate_reporting_name_variant,merge_candidate_group,DEV_NCA19960040,NCA19960040
68,NVAR_0092,DEV_NCA19950280,NCA19950280,NCA19950280,815 CLAY ST,815 CLAY ST,RALEIGH,NC,9001825,1995,1994,4,4,merge,duplicate_reporting_name_variant,merge_candidate_group,DEV_NCA19950280,NCA19950280
68,NVAR_0092,DEV_NCA19959053,NCA19959053,NCA19959053,CLAY STREET PARTNERS,815 CLAY STREET,RALEIGH,NC,9001825,1995,1994,4,4,merge,duplicate_reporting_name_variant,merge_candidate_group,DEV_NCA19950280,NCA19950280
69,NVAR_0093,DEV_NCA19940225,NCA19940225,NCA19940225,8255 MERRIWEATHER CIR,8255 MERRIWEATHER CIR,RALEIGH,NC,9001919,1994,1993,1,1,merge,duplicate_reporting_name_variant,merge_candidate_group,DEV_NCA19940225,NCA19940225
69,NVAR_0093,DEV_NCA19949038,NCA19949038,NCA19949038,8255 MERRIWEATHER CIRCLE,8255 MERRIWEATHER CIRCLE,RALEIGH,NC,9001919,1994,1993,1,1,merge,duplicate_reporting_name_variant,merge_candidate_group,DEV_NCA19940225,NCA19940225
70,NVAR_0094,DEV_NCA19970030,NCA19970030,NCA19970030,1837 VINTAGE RD,1837 VINTAGE RD,RALEIGH,NC,9001921,1997,1995,1,1,merge,duplicate_reporting_name_variant,merge_candidate_group,DEV_NCA19970030,NCA19970030
70,NVAR_0094,DEV_NCA19979006,NCA19979006,NCA19979006,1837 VINTAGE ROAD,1837 VINTAGE ROAD,RALEIGH,NC,9001921,1997,1995,1,1,merge,duplicate_reporting_name_variant,merge_candidate_group,DEV_NCA19970030,NCA19970030
71,NVAR_0095,DEV_NCA19970090,NCA19970090,NCA19970090,5413 TALSERWOOD DR,5413 TALSERWOOD DR,RALEIGH,NC,9001922,1997,1996,1,1,merge,duplicate_reporting_name_variant,merge_candidate_group,DEV_NCA19970090,NCA19970090
71,NVAR_0095,DEV_NCA19979018,NCA19979018,NCA19979018,5413 TALSERWOOD DRIVE,5413 TALSERWOOD DRIVE,RALEIGH,NC,9001922,1997,1996,1,1,merge,duplicate_reporting_name_variant,merge_candidate_group,DEV_NCA19970090,NCA19970090
72,NVAR_0096,DEV_NCA19970125,NCA19970125,NCA19970125,5423 TALSERWOOD DR,5423 TALSERWOOD DR,RALEIGH,NC,9001923,1997,1996,1,1,merge,duplicate_reporting_name_variant,merge_candidate_group,DEV_NCA19970125,NCA19970125
72,NVAR_0096,DEV_NCA19979023,NCA19979023,NCA19979023,5423 TALSERWOOD DRIVE,5423 TALSERWOOD DRIVE,RALEIGH,NC,9001923,1997,1996,1,1,merge,duplicate_reporting_name_variant,merge_candidate_group,DEV_NCA19970125,NCA19970125
73,NVAR_0097,DEV_NCA19960150,NCA19960150,NCA19960150,4238 KAPLAN DR,4238 KAPLAN DR,RALEIGH,NC,9001930,1996,1995,1,1,merge,duplicate_reporting_name_variant,merge_candidate_group,DEV_NCA19960150,NCA19960150
73,NVAR_0097,DEV_NCA19969030,NCA19969030,NCA19969030,4238 KAPLAN DRIVE,4238 KAPLAN DRIVE,RALEIGH,NC,9001930,1996,1995,1,1,merge,duplicate_reporting_name_variant,merge_candidate_group,DEV_NCA19960150,NCA19960150
74,NVAR_0098,DEV_NCA19960070,NCA19960070,NCA19960070,4202 KAPLAN DR,4202 KAPLAN DR,RALEIGH,NC,9001977,1996,1994,1,1,merge,duplicate_reporting_name_variant,merge_candidate_group,DEV_NCA19960070,NCA19960070
74,NVAR_0098,DEV_NCA19969014,NCA19969014,NCA19969014,4202 KAPLAN DRIVE,4202 KAPLAN DRIVE,RALEIGH,NC,9001977,1996,1994,1,1,merge,duplicate_reporting_name_variant,merge_candidate_group,DEV_NCA19960070,NCA19960070
75,NVAR_0099,DEV_NCA19960085,NCA19960085,NCA19960085,4208 KAPLAN DR,4208 KAPLAN DR,RALEIGH,NC,9001980,1996,1994,1,1,merge,duplicate_reporting_name_variant,merge_candidate_group,DEV_NCA19960085,NCA19960085
75,NVAR_0099,DEV_NCA19969017,NCA19969017,NCA19969017,4208 KAPLAN DRIVE,4208 KAPLAN DRIVE,RALEIGH,NC,9001980,1996,1994,1,1,merge,duplicate_reporting_name_variant,merge_candidate_group,DEV_NCA19960085,NCA19960085
76,NVAR_0100,DEV_NCA19960100,NCA19960100,NCA19960100,4214 KAPLAN DR,4214 KAPLAN DR,RALEIGH,NC,9001982,1996,1994,1,1,merge,duplicate_reporting_name_variant,merge_candidate_group,DEV_NCA19960100,NCA19960100
76,NVAR_0100,DEV_NCA19969020,NCA19969020,NCA19969020,4214 KAPLAN DRIVE,4214 KAPLAN DRIVE,RALEIGH,NC,9001982,1996,1994,1,1,merge,duplicate_reporting_name_variant,merge_candidate_group,DEV_NCA19960100,NCA19960100
77,NVAR_0101,DEV_NCA19960110,NCA19960110,NCA19960110,4220 KAPLAN DR,4220 KAPLAN DR,RALEIGH,NC,9001984,1996,1994,1,1,merge,duplicate_reporting_name_variant,merge_candidate_group,DEV_NCA19960110,NCA19960110
77,NVAR_0101,DEV_NCA19969022,NCA19969022,NCA19969022,4220 KAPLAN DRIVE,4220 KAPLAN DRIVE,RALEIGH,NC,9001984,1996,1994,1,1,merge,duplicate_reporting_name_variant,merge_candidate_group,DEV_NCA19960110,NCA19960110
78,NVAR_0102,DEV_NCA19960115,NCA19960115,NCA19960115,4222 KAPLAN DR,4222 KAPLAN DR,RALEIGH,NC,9001985,1996,1994,1,1,merge,duplicate_reporting_name_variant,merge_candidate_group,DEV_NCA19960115,NCA19960115
78,NVAR_0102,DEV_NCA19969023,NCA19969023,NCA19969023,4222 KAPLAN DRIVE,4222 KAPLAN DRIVE,RALEIGH,NC,9001985,1996,1994,1,1,merge,duplicate_reporting_name_variant,merge_candidate_group,DEV_NCA19960115,NCA19960115
79,NVAR_0103,DEV_NCA19960120,NCA19960120,NCA19960120,4224 KAPLAN DR,4224 KAPLAN DR,RALEIGH,NC,9001986,1996,1994,1,1,merge,duplicate_reporting_name_variant,merge_candidate_group,DEV_NCA19960120,NCA19960120
79,NVAR_0103,DEV_NCA19969024,NCA19969024,NCA19969024,4224 KAPLAN DRIVE,4224 KAPLAN DRIVE,RALEIGH,NC,9001986,1996,1994,1,1,merge,duplicate_reporting_name_variant,merge_candidate_group,DEV_NCA19960120,NCA19960120
80,NVAR_0104,DEV_NCA19960140,NCA19960140,NCA19960140,4232 KAPLAN DR,4232 KAPLAN DR,RALEIGH,NC,9001988,1996,1994,1,1,merge,duplicate_reporting_name_variant,merge_candidate_group,DEV_NCA19960140,NCA19960140
80,NVAR_0104,DEV_NCA19969028,NCA19969028,NCA19969028,4232 KAPLAN DRIVE,4232 KAPLAN DRIVE,RALEIGH,NC,9001988,1996,1994,1,1,merge,duplicate_reporting_name_variant,merge_candidate_group,DEV_NCA19960140,NCA19960140
81,NVAR_0105,DEV_NCA19960145,NCA19960145,NCA19960145,4236 KAPLAN DR,4236 KAPLAN DR,RALEIGH,NC,9001989,1996,1995,1,1,merge,duplicate_reporting_name_variant,merge_candidate_group,DEV_NCA19960145,NCA19960145
81,NVAR_0105,DEV_NCA19969029,NCA19969029,NCA19969029,4236 KAPLAN DRIVE,4236 KAPLAN DRIVE,RALEIGH,NC,9001989,1996,1995,1,1,merge,duplicate_reporting_name_variant,merge_candidate_group,DEV_NCA19960145,NCA19960145
82,NVAR_0106,DEV_NCA19960155,NCA19960155,NCA19960155,4240 KAPLAN DR,4240 KAPLAN DR,RALEIGH,NC,9001990,1996,1995,1,1,merge,duplicate_reporting_name_variant,merge_candidate_group,DEV_NCA19960155,NCA19960155
82,NVAR_0106,DEV_NCA19969031,NCA19969031,NCA19969031,4240 KAPLAN DRIVE,4240 KAPLAN DRIVE,RALEIGH,NC,9001990,1996,1995,1,1,merge,duplicate_reporting_name_variant,merge_candidate_group,DEV_NCA19960155,NCA19960155
83,NVAR_0107,DEV_NCA19950215,NCA19950215,NCA19950215,8103 FARMLEA CIR,8103 FARMLEA CIR,RALEIGH,NC,9002008,1995,1994,1,1,merge,duplicate_reporting_name_variant,merge_candidate_group,DEV_NCA19950215,NCA19950215
83,NVAR_0107,DEV_NCA19959041,NCA19959041,NCA19959041,8103 FARMLEA CIRCLE,8103 FARMLEA CIRCLE,RALEIGH,NC,9002008,1995,1994,1,1,merge,duplicate_reporting_name_variant,merge_candidate_group,DEV_NCA19950215,NCA19950215
84,NVAR_0108,DEV_NCA19950220,NCA19950220,NCA19950220,8105 FARMLEA CIR,8105 FARMLEA CIR,RALEIGH,NC,9002009,1995,1994,1,1,merge,duplicate_reporting_name_variant,merge_candidate_group,DEV_NCA19950220,NCA19950220
84,NVAR_0108,DEV_NCA19959042,NCA19959042,NCA19959042,8105 FARMLEA CIRCLE,8105 FARMLEA CIRCLE,RALEIGH,NC,9002009,1995,1994,1,1,merge,duplicate_reporting_name_variant,merge_candidate_group,DEV_NCA19950220,NCA19950220
85,NVAR_0109,DEV_NCA19960160,NCA19960160,NCA19960160,4242 KAPLAN DR,4242 KAPLAN DR,RALEIGH,NC,9002013,1996,1995,1,1,merge,duplicate_reporting_name_variant,merge_candidate_group,DEV_NCA19960160,NCA19960160
85,NVAR_0109,DEV_NCA19969032,NCA19969032,NCA19969032,4242 KAPLAN DRIVE,4242 KAPLAN DRIVE,RALEIGH,NC,9002013,1996,1995,1,1,merge,duplicate_reporting_name_variant,merge_candidate_group,DEV_NCA19960160,NCA19960160
86,NVAR_0110,DEV_NCA19960165,NCA19960165,NCA19960165,4244 KAPLAN DR,4244 KAPLAN DR,RALEIGH,NC,9002014,1996,1995,1,1,merge,duplicate_reporting_name_variant,merge_candidate_group,DEV_NCA19960165,NCA19960165
86,NVAR_0110,DEV_NCA19969033,NCA19969033,NCA19969033,4244 KAPLAN DRIVE,4244 KAPLAN DRIVE,RALEIGH,NC,9002014,1996,1995,1,1,merge,duplicate_reporting_name_variant,merge_candidate_group,DEV_NCA19960165,NCA19960165
87,NVAR_0111,DEV_NCA19960175,NCA19960175,NCA19960175,4248 KAPLAN DR,4248 KAPLAN DR,RALEIGH,NC,9002016,1996,1995,1,1,merge,duplicate_reporting_name_variant,merge_candidate_group,DEV_NCA19960175,NCA19960175
87,NVAR_0111,DEV_NCA19969035,NCA19969035,NCA19969035,4248 KAPLAN DRIVE,4248 KAPLAN DRIVE,RALEIGH,NC,9002016,1996,1995,1,1,merge,duplicate_reporting_name_variant,merge_candidate_group,DEV_NCA19960175,NCA19960175
88,NVAR_0112,DEV_NCA19960180,NCA19960180,NCA19960180,4250 KAPLAN DR,4250 KAPLAN DR,RALEIGH,NC,9002017,1996,1995,1,1,merge,duplicate_reporting_name_variant,merge_candidate_group,DEV_NCA19960180,NCA19960180
88,NVAR_0112,DEV_NCA19969036,NCA19969036,NCA19969036,4250 KAPLAN DRIVE,4250 KAPLAN DRIVE,RALEIGH,NC,9002017,1996,1995,1,1,merge,duplicate_reporting_name_variant,merge_candidate_group,DEV_NCA19960180,NCA19960180
89,NVAR_0113,DEV_NCA19960190,NCA19960190,NCA19960190,4256 KAPLAN DR,4256 KAPLAN DR,RALEIGH,NC,9002018,1996,1995,1,1,merge,duplicate_reporting_name_variant,merge_candidate_group,DEV_NCA19960190,NCA19960190
89,NVAR_0113,DEV_NCA19969038,NCA19969038,NCA19969038,4256 KAPLAN DRIVE,4256 KAPLAN DRIVE,RALEIGH,NC,9002018,1996,1995,1,1,merge,duplicate_reporting_name_variant,merge_candidate_group,DEV_NCA19960190,NCA19960190
90,NVAR_0114,DEV_NCA19960195,NCA19960195,NCA19960195,4258 KAPLAN DR,4258 KAPLAN DR,RALEIGH,NC,9002019,1996,1995,1,1,merge,duplicate_reporting_name_variant,merge_candidate_group,DEV_NCA19960195,NCA19960195
90,NVAR_0114,DEV_NCA19969039,NCA19969039,NCA19969039,4258 KAPLAN DRIVE,4258 KAPLAN DRIVE,RALEIGH,NC,9002019,1996,1995,1,1,merge,duplicate_reporting_name_variant,merge_candidate_group,DEV_NCA19960195,NCA19960195
91,NVAR_0115,DEV_NCA19960200,NCA19960200,NCA19960200,4260 KAPLAN DR,4260 KAPLAN DR,RALEIGH,NC,9002020,1996,1995,1,1,merge,duplicate_reporting_name_variant,merge_candidate_group,DEV_NCA19960200,NCA19960200
91,NVAR_0115,DEV_NCA19969040,NCA19969040,NCA19969040,4260 KAPLAN DRIVE,4260 KAPLAN DRIVE,RALEIGH,NC,9002020,1996,1995,1,1,merge,duplicate_reporting_name_variant,merge_candidate_group,DEV_NCA19960200,NCA19960200
92,NVAR_0116,DEV_NCA19960205,NCA19960205,NCA19960205,4262 KAPLAN DR,4262 KAPLAN DR,RALEIGH,NC,9002021,1996,1995,1,1,merge,duplicate_reporting_name_variant,merge_candidate_group,DEV_NCA19960205,NCA19960205
92,NVAR_0116,DEV_NCA19969041,NCA19969041,NCA19969041,4262 KAPLAN DRIVE,4262 KAPLAN DRIVE,RALEIGH,NC,9002021,1996,1995,1,1,merge,duplicate_reporting_name_variant,merge_candidate_group,DEV_NCA19960205,NCA19960205
93,NVAR_0117,DEV_NCA19960215,NCA19960215,NCA19960215,4266 KAPLAN DR,4266 KAPLAN DR,RALEIGH,NC,9002023,1996,1995,1,1,merge,duplicate_reporting_name_variant,merge_candidate_group,DEV_NCA19960215,NCA19960215
93,NVAR_0117,DEV_NCA19969043,NCA19969043,NCA19969043,4266 KAPLAN DRIVE,4266 KAPLAN DRIVE,RALEIGH,NC,9002023,1996,1995,1,1,merge,duplicate_reporting_name_variant,merge_candidate_group,DEV_NCA19960215,NCA19960215
94,NVAR_0118,DEV_NCA19960065,NCA19960065,NCA19960065,4200 KAPLAN DR,4200 KAPLAN DR,RALEIGH,NC,9002024,1996,1994,1,1,merge,duplicate_reporting_name_variant,merge_candidate_group,DEV_NCA19960065,NCA19960065
94,NVAR_0118,DEV_NCA19969013,NCA19969013,NCA19969013,4200 KAPLAN DRIVE,4200 KAPLAN DRIVE,RALEIGH,NC,9002024,1996,1994,1,1,merge,duplicate_reporting_name_variant,merge_candidate_group,DEV_NCA19960065,NCA19960065
95,NVAR_0119,DEV_NCA19960055,NCA19960055,NCA19960055,1838 VINTAGE RD,1838 VINTAGE RD,RALEIGH,NC,9002047,1996,1995,1,1,merge,duplicate_reporting_name_variant,merge_candidate_group,DEV_NCA19960055,NCA19960055
95,NVAR_0119,DEV_NCA19969011,NCA19969011,NCA19969011,1838 VINTAGE ROAD,1838 VINTAGE ROAD,RALEIGH,NC,9002047,1996,1995,1,1,merge,duplicate_reporting_name_variant,merge_candidate_group,DEV_NCA19960055,NCA19960055
96,NVAR_0120,DEV_NCA19970005,NCA19970005,NCA19970005,1824 VINTAGE RD,1824 VINTAGE RD,RALEIGH,NC,9002048,1997,1995,1,1,merge,duplicate_reporting_name_variant,merge_candidate_group,DEV_NCA19970005,NCA19970005
96,NVAR_0120,DEV_NCA19979001,NCA19979001,NCA19979001,1824 VINTAGE ROAD,1824 VINTAGE ROAD,RALEIGH,NC,9002048,1997,1995,1,1,merge,duplicate_reporting_name_variant,merge_candidate_group,DEV_NCA19970005,NCA19970005
97,NVAR_0121,DEV_NCA19970020,NCA19970020,NCA19970020,1829 VINTAGE RD,1829 VINTAGE RD,RALEIGH,NC,9002049,1997,1995,1,1,merge,duplicate_reporting_name_variant,merge_candidate_group,DEV_NCA19970020,NCA19970020
97,NVAR_0121,DEV_NCA19979004,NCA19979004,NCA19979004,1829 VINTAGE ROAD,1829 VINTAGE ROAD,RALEIGH,NC,9002049,1997,1995,1,1,merge,duplicate_reporting_name_variant,merge_candidate_group,DEV_NCA19970020,NCA19970020
98,NVAR_0122,DEV_NCA19970080,NCA19970080,NCA19970080,5411 TALSERWOOD DR,5411 TALSERWOOD DR,RALEIGH,NC,9002050,1997,1996,1,1,merge,duplicate_reporting_name_variant,merge_candidate_group,DEV_NCA19970080,NCA19970080
98,NVAR_0122,DEV_NCA19979016,NCA19979016,NCA19979016,5411 TALSERWOOD DRIVE,5411 TALSERWOOD DRIVE,RALEIGH,NC,9002050,1997,1996,1,1,merge,duplicate_reporting_name_variant,merge_candidate_group,DEV_NCA19970080,NCA19970080
99,NVAR_0123,DEV_NCA19970095,NCA19970095,NCA19970095,5414 TALSERWOOD DR,5414 TALSERWOOD DR,RALEIGH,NC,9002051,1997,1996,1,1,merge,duplicate_reporting_name_variant,merge_candidate_group,DEV_NCA19970095,NCA19970095
99,NVAR_0123,DEV_NCA19979019,NCA19979019,NCA19979019,5414 TALSERWOOD DRIVE,5414 TALSERWOOD DRIVE,RALEIGH,NC,9002051,1997,1996,1,1,merge,duplicate_reporting_name_variant,merge_candidate_group,DEV_NCA19970095,NCA19970095
100,NVAR_0124,DEV_NCA19970120,NCA19970120,NCA19970120,5422 TALSERWOOD DR,5422 TALSERWOOD DR,RALEIGH,NC,9002053,1997,1996,1,1,merge,duplicate_reporting_name_variant,merge_candidate_group,DEV_NCA19970120,NCA19970120
100,NVAR_0124,DEV_NCA19979022,NCA19979022,NCA19979022,5422 TALSERWOOD DRIVE,5422 TALSERWOOD DRIVE,RALEIGH,NC,9002053,1997,1996,1,1,merge,duplicate_reporting_name_variant,merge_candidate_group,DEV_NCA19970120,NCA19970120
101,NVAR_0125,DEV_NCA19970130,NCA19970130,NCA19970130,5424 TALSERWOOD DR,5424 TALSERWOOD DR,RALEIGH,NC,9002054,1997,1996,1,1,merge,duplicate_reporting_name_variant,merge_candidate_group,DEV_NCA19970130,NCA19970130
101,NVAR_0125,DEV_NCA19979024,NCA19979024,NCA19979024,5424 TALSERWOOD DRIVE,5424 TALSERWOOD DRIVE,RALEIGH,NC,9002054,1997,1996,1,1,merge,duplicate_reporting_name_variant,merge_candidate_group,DEV_NCA19970130,NCA19970130
102,NVAR_0126,DEV_NCA19970135,NCA19970135,NCA19970135,5426 TALSERWOOD DR,5426 TALSERWOOD DR,RALEIGH,NC,9002055,1997,1996,1,1,merge,duplicate_reporting_name_variant,merge_candidate_group,DEV_NCA19970135,NCA19970135
102,NVAR_0126,DEV_NCA19979025,NCA19979025,NCA19979025,5426 TALSERWOOD DRIVE,5426 TALSERWOOD DRIVE,RALEIGH,NC,9002055,1997,1996,1,1,merge,duplicate_reporting_name_variant,merge_candidate_group,DEV_NCA19970135,NCA19970135
103,NVAR_0127,DEV_NCA19970140,NCA19970140,NCA19970140,5428 TALSERWOOD DR,5428 TALSERWOOD DR,RALEIGH,NC,9002056,1997,1996,1,1,merge,duplicate_reporting_name_variant,merge_candidate_group,DEV_NCA19970140,NCA19970140
103,NVAR_0127,DEV_NCA19979026,NCA19979026,NCA19979026,5428 TALSERWOOD DRIVE,5428 TALSERWOOD DRIVE,RALEIGH,NC,9002056,1997,1996,1,1,merge,duplicate_reporting_name_variant,merge_candidate_group,DEV_NCA19970140,NCA19970140
104,NVAR_0128,DEV_NCA19970145,NCA19970145,NCA19970145,5430 TALSERWOOD DR,5430 TALSERWOOD DR,RALEIGH,NC,9002057,1997,1996,1,1,merge,duplicate_reporting_name_variant,merge_candidate_group,DEV_NCA19970145,NCA19970145
104,NVAR_0128,DEV_NCA19979027,NCA19979027,NCA19979027,5430 TALSERWOOD DRIVE,5430 TALSERWOOD DRIVE,RALEIGH,NC,9002057,1997,1996,1,1,merge,duplicate_reporting_name_variant,merge_candidate_group,DEV_NCA19970145,NCA19970145
105,NVAR_0129,DEV_NCA19970150,NCA19970150,NCA19970150,5432 TALSERWOOD DR,5432 TALSERWOOD DR,RALEIGH,NC,9002058,1997,1996,1,1,merge,duplicate_reporting_name_variant,merge_candidate_group,DEV_NCA19970150,NCA19970150
105,NVAR_0129,DEV_NCA19979028,NCA19979028,NCA19979028,5432 TALSERWOOD DRIVE,5432 TALSERWOOD DRIVE,RALEIGH,NC,9002058,1997,1996,1,1,merge,duplicate_reporting_name_variant,merge_candidate_group,DEV_NCA19970150,NCA19970150
106,NVAR_0130,DEV_NCA19970155,NCA19970155,NCA19970155,5434 TALSERWOOD DR,5434 TALSERWOOD DR,RALEIGH,NC,9002059,1997,1996,1,1,merge,duplicate_reporting_name_variant,merge_candidate_group,DEV_NCA19970155,NCA19970155
106,NVAR_0130,DEV_NCA19979029,NCA19979029,NCA19979029,5434 TALSERWOOD DRIVE,5434 TALSERWOOD DRIVE,RALEIGH,NC,9002059,1997,1996,1,1,merge,duplicate_reporting_name_variant,merge_candidate_group,DEV_NCA19970155,NCA19970155
107,NVAR_0131,DEV_NCA19940235,NCA19940235,NCA19940235,8259 MERRIWEATHER CIR,8259 MERRIWEATHER CIR,RALEIGH,NC,9002060,1994,1993,1,1,merge,duplicate_reporting_name_variant,merge_candidate_group,DEV_NCA19940235,NCA19940235
107,NVAR_0131,DEV_NCA19949040,NCA19949040,NCA19949040,8259 MERRIWEATHER CIRCLE,8259 MERRIWEATHER CIRCLE,RALEIGH,NC,9002060,1994,1993,1,1,merge,duplicate_reporting_name_variant,merge_candidate_group,DEV_NCA19940235,NCA19940235
108,NVAR_0132,DEV_NCA19960105,NCA19960105,NCA19960105,4218 KAPLAN DR,4218 KAPLAN DR,RALEIGH,NC,9002061,1996,1994,1,1,merge,duplicate_reporting_name_variant,merge_candidate_group,DEV_NCA19960105,NCA19960105
108,NVAR_0132,DEV_NCA19969021,NCA19969021,NCA19969021,4218 KAPLAN DRIVE,4218 KAPLAN DRIVE,RALEIGH,NC,9002061,1996,1994,1,1,merge,duplicate_reporting_name_variant,merge_candidate_group,DEV_NCA19960105,NCA19960105
109,NVAR_0133,DEV_NCA19960015,NCA19960015,NCA19960015,MINA HOUSING,1822 VINTAGE RD,RALEIGH,NC,9002062,1996,1995,1,1,merge,duplicate_reporting_name_variant,merge_candidate_group,DEV_NCA19960015,NCA19960015
109,NVAR_0133,DEV_NCA19969003,NCA19969003,NCA19969003,1822 VINTAGE ROAD,1822 VINTAGE ROAD,RALEIGH,NC,9002062,1996,1995,1,1,merge,duplicate_reporting_name_variant,merge_candidate_group,DEV_NCA19960015,NCA19960015
110,NVAR_0134,DEV_NCA19960025,NCA19960025,NCA19960025,MINA HOUSING,1826 VINTAGE RD,RALEIGH,NC,9002063,1996,1995,1,1,merge,duplicate_reporting_name_variant,merge_candidate_group,DEV_NCA19960025,NCA19960025
110,NVAR_0134,DEV_NCA19969005,NCA19969005,NCA19969005,1826 VINTAGE ROAD,1826 VINTAGE ROAD,RALEIGH,NC,9002063,1996,1995,1,1,merge,duplicate_reporting_name_variant,merge_candidate_group,DEV_NCA19960025,NCA19960025
111,NVAR_0135,DEV_NCA19970025,NCA19970025,NCA19970025,1833 VINTAGE RD,1833 VINTAGE RD,RALEIGH,NC,9002064,1997,1995,1,1,merge,duplicate_reporting_name_variant,merge_candidate_group,DEV_NCA19970025,NCA19970025
111,NVAR_0135,DEV_NCA19979005,NCA19979005,NCA19979005,1833 VINTAGE ROAD,1833 VINTAGE ROAD,RALEIGH,NC,9002064,1997,1995,1,1,merge,duplicate_reporting_name_variant,merge_candidate_group,DEV_NCA19970025,NCA19970025
112,NVAR_0136,DEV_NCA19960050,NCA19960050,NCA19960050,1836 VINTAGE RD,1836 VINTAGE RD,RALEIGH,NC,9002065,1996,1995,1,1,merge,duplicate_reporting_name_variant,merge_candidate_group,DEV_NCA19960050,NCA19960050
112,NVAR_0136,DEV_NCA19969010,NCA19969010,NCA19969010,1836 VINTAGE ROAD,1836 VINTAGE ROAD,RALEIGH,NC,9002065,1996,1995,1,1,merge,duplicate_reporting_name_variant,merge_candidate_group,DEV_NCA19960050,NCA19960050
113,NVAR_0137,DEV_NCA19940125,NCA19940125,NCA19940125,1116 MARTIN ST,1116 MARTIN ST,GREENSBORO,NC,9002313,1994,1994,1,1,merge,duplicate_reporting_name_variant,merge_candidate_group,DEV_NCA19940125,NCA19940125
113,NVAR_0137,DEV_NCA19949020,NCA19949020,NCA19949020,1116 MARTIN STREET,1116 MARTIN STREET,GREENSBORO,NC,9002313,1994,1994,1,1,merge,duplicate_reporting_name_variant,merge_candidate_group,DEV_NCA19940125,NCA19940125
114,NVAR_0138,DEV_NCA19970085,NCA19970085,NCA19970085,5412 TALSERWOOD DR,5412 TALSERWOOD DR,RALEIGH,NC,9002323,1997,1996,1,1,merge,duplicate_reporting_name_variant,merge_candidate_group,DEV_NCA19970085,NCA19970085
114,NVAR_0138,DEV_NCA19979017,NCA19979017,NCA19979017,5412 TALSERWOOD DRIVE,5412 TALSERWOOD DRIVE,RALEIGH,NC,9002323,1997,1996,1,1,merge,duplicate_reporting_name_variant,merge_candidate_group,DEV_NCA19970085,NCA19970085
115,NVAR_0139,DEV_NCA19970105,NCA19970105,NCA19970105,5416 TALSERWOOD DR,5416 TALSERWOOD DR,RALEIGH,NC,9002327,1997,1996,1,1,merge,duplicate_reporting_name_variant,merge_candidate_group,DEV_NCA19970105,NCA19970105
115,NVAR_0139,DEV_NCA19979021,NCA19979021,NCA19979021,5416 TALSERWOOD DRIVE,5416 TALSERWOOD DRIVE,RALEIGH,NC,9002327,1997,1996,1,1,merge,duplicate_reporting_name_variant,merge_candidate_group,DEV_NCA19970105,NCA19970105
116,NVAR_0140,DEV_NCA19960135,NCA19960135,NCA19960135,4230 KAPLAN DR,4230 KAPLAN DR,RALEIGH,NC,9002329,1996,1994,1,1,merge,duplicate_reporting_name_variant,merge_candidate_group,DEV_NCA19960135,NCA19960135
116,NVAR_0140,DEV_NCA19969027,NCA19969027,NCA19969027,4230 KAPLAN DRIVE,4230 KAPLAN DRIVE,RALEIGH,NC,9002329,1996,1994,1,1,merge,duplicate_reporting_name_variant,merge_candidate_group,DEV_NCA19960135,NCA19960135
117,NVAR_0141,DEV_NCA20100544,NCA20100544,NCA20100544,NEW HILLMONT VILLAGE APTS,306 W MAIN ST,MICRO,NC,9105258,2010,2008,24,24,merge,duplicate_reporting_name_variant,merge_candidate_group,DEV_NCA20100544,NCA20100544
117,NVAR_0141,DEV_NCA20109027,NCA20109027,NCA20109027,HILLMONT VILLAGE APARTMENTS,306 WEST MAIN STREET,MICRO,NC,9105258,2010,2008,24,24,merge,duplicate_reporting_name_variant,merge_candidate_group,DEV_NCA20100544,NCA20100544
118,NVAR_0146,DEV_NVA20150006,NVA20150006,NVA20150006,WINCHESTER COURT,1806 WINCHESTER DRIVE,ELKO,NV,13-06,2015,2013,40,30,merge,duplicate_reporting_name_variant,merge_candidate_group,DEV_NVA20150006,NVA20150006
118,NVAR_0146,DEV_NVA20157067,NVA20157067,NVA20157067,WINCHESTRER CT,1806 WINCHESTER DR,ELKO,NV,13-06,2015,2013,40,30,merge,duplicate_reporting_name_variant,merge_candidate_group,DEV_NVA20150006,NVA20150006
119,NVAR_0147,DEV_NYC20110574,NYC20110574,NYC20110574,ST ANN'S TERRACE,780 ST ANNS AVE,BRONX,NY,26-3424708,2011,2009,314,311,merge,duplicate_reporting_name_variant,merge_candidate_group,DEV_NYC20110574,NYC20110574
119,NVAR_0147,DEV_NYC20115031,NYC20115031,NYC20115031,ST ANNS CDE OWNER LLC,780 ST ANNS AVENUE,BRONX,NY,26-3424708,2011,2009,314,311,merge,duplicate_reporting_name_variant,merge_candidate_group,DEV_NYC20110574,NYC20110574
120,NVAR_0148,DEV_OHA20130039,OHA20130039,OHA20130039,APTS AT ST RICHARD,25595 COUNTRY CLUB BLVD,NORTH OLMSTED,OH,120080,2013,2012,34,34,merge,duplicate_reporting_name_variant,merge_candidate_group,DEV_OHA20130039,OHA20130039
120,NVAR_0148,DEV_OHA20139133,OHA20139133,OHA20139133,THE APARTMENTS AT ST. RICHARD,25595 COUNTRY CLUB BOULEVARD,NORTH OLMSTED,OH,120080,2013,2012,34,34,merge,duplicate_reporting_name_variant,merge_candidate_group,DEV_OHA20130039,OHA20130039
121,NVAR_0027,DEV_CAA20140439,CAA20140439,CAA20140439,REGENCY COURT APTS,720 FIFTH AVE CT,MONROVIA,CA,CA-14-802,2014,2014,115,114,merge,same_property_recapitalization_or_rename,merge_candidate_group,DEV_CAA20140439,CAA20140439
121,NVAR_0027,DEV_CAA20161048,CAA20161048,CAA20161048,REGENCY COURT APARTMENTS,720 FIFTH AVENUE COURT,MONROVIA,CA,CA-14-802,2016,2014,115,114,merge,same_property_recapitalization_or_rename,merge_candidate_group,DEV_CAA20140439,CAA20140439
122,NVAR_0031,DEV_DCB20142002,DCB20142002,DCB20142002,SOME SCATTERED SITES II,"1151 NEW JERSEY AVENUE, NW",WASHINGTON,DC,DCB2016065,2014,2013,27,27,merge,same_property_recapitalization_or_rename,merge_candidate_group,DEV_DCB20142002,DCB20142002
122,NVAR_0031,DEV_DCB20149149,DCB20149149,DCB20149149,SOME SCATTERED SITE II (WEINBERG HOUSE),1151 NEW JERSEY AVE NW,WASHINGTON,DC,DCB2016065,2014,8888,27,27,merge,same_property_recapitalization_or_rename,merge_candidate_group,DEV_DCB20142002,DCB20142002
123,NVAR_0039,DEV_GAA20152020,GAA20152020,GAA20152020,POINTE NORTH SENIOR VILLAGE I,2703 POINTE NORTH BLVD,ALBANY,GA,2013-034,2015,2014,59,59,merge,same_property_recapitalization_or_rename,merge_candidate_group,DEV_GAA20152020,GAA20152020
123,NVAR_0039,DEV_GAA20159415,GAA20159415,GAA20159415,POINTE NORTH SENIOR VILLAGE,2703 POINTE NORTH BLVD,ALBANY,GA,2013-034,2015,2013,59,59,merge,same_property_recapitalization_or_rename,merge_candidate_group,DEV_GAA20152020,GAA20152020
124,NVAR_0043,DEV_KYA20100014,KYA20100014,KYA20100014,CANEY CREEK APTS I,MORGANTOWN RD,CANEYVILLE,KY,KY-09-036,2010,1992,16,16,merge,same_property_recapitalization_or_rename,merge_candidate_group,DEV_KYA20100014,KYA20100014
124,NVAR_0043,DEV_KYA20105005,KYA20105005,KYA20105005,CANEYCREEK APARTMENTS,MORGANTOWN ROAD,CANEYVILLE,KY,KY-09-036,2010,2008,16,16,merge,same_property_recapitalization_or_rename,merge_candidate_group,DEV_KYA20100014,KYA20100014
125,NVAR_0045,DEV_LAA20126007,LAA20126007,LAA20126007,RICHLAND COMMUNITY CENTRE I,411 MADELINE ST,RAYVILLE,LA,LA-11-013,2012,2011,35,35,merge,same_property_recapitalization_or_rename,merge_candidate_group,DEV_LAA20126007,LAA20126007
125,NVAR_0045,DEV_LAA20135012,LAA20135012,LAA20135012,RICHLAND COMMUNITY CENTRE,411 MADELINE STREET,RAYVILLE,LA,LA-11-013,2013,2011,35,35,merge,same_property_recapitalization_or_rename,merge_candidate_group,DEV_LAA20126007,LAA20126007
126,NVAR_0046,DEV_LAA19930160,LAA19930160,LAA19930160,WASHINGHTON AVE APTS,2033 WASHINGTON AVE,NEW ORLEANS,LA,LA-93-013,1993,1993,4,4,merge,same_property_recapitalization_or_rename,merge_candidate_group,DEV_LAA19930160,LAA19930160
126,NVAR_0046,DEV_LAA19939018,LAA19939018,LAA19939018,WAHINGHTON AVE. APTS.,2033 WASHINGTON AVENUE,NEW ORLEANS,LA,LA-93-013,1993,1992,4,4,merge,same_property_recapitalization_or_rename,merge_candidate_group,DEV_LAA19930160,LAA19930160
127,NVAR_0052,DEV_MTA20210004,MTA20210004,MTA20210004,CASTLEBAR,1201 NORTH 25TH AVENUE,BOZEMAN,MT,21400,2021,2021,72,72,merge,same_property_recapitalization_or_rename,merge_candidate_group,DEV_MTA20210004,MTA20210004
127,NVAR_0052,DEV_MTA20231019,MTA20231019,MTA20231019,CASTLEBAR - REHAB,1201 NORTH 25TH AVENUE,BOZEMAN,MT,21400,2023,2021,72,72,merge,same_property_recapitalization_or_rename,merge_candidate_group,DEV_MTA20210004,MTA20210004
128,NVAR_0082,DEV_NCA19880320,NCA19880320,NCA19880320,GREEN OAKS APTS,100 PERSIMMON DR,GROVER,NC,9001263,1988,1988,24,24,merge,same_property_recapitalization_or_rename,merge_candidate_group,DEV_NCA19880320,NCA19880320
128,NVAR_0082,DEV_NCA20109025,NCA20109025,NCA20109025,GREEN OAKS APARTMENTS,100 PERSIMMON DRIVE,GROVER,NC,9001263,2010,2008,24,24,merge,same_property_recapitalization_or_rename,merge_candidate_group,DEV_NCA19880320,NCA19880320
129,NVAR_0142,DEV_NCA0000X273,NCA0000X273,NCA0000X273,CONNELLY CREEK APARTMENTS,4350 CONNELLY CIRCLE,CHARLOTTE,NC,9264467,9999,2020,78,78,merge,same_property_recapitalization_or_rename,merge_candidate_group,DEV_NCA0000X273,NCA0000X273
129,NVAR_0142,DEV_NCA20240036,NCA20240036,NCA20240036,SANCTUARY GARDENS,4350 CONNELLY CIRCLE,CHARLOTTE,NC,9264467,2024,2020,78,78,merge,same_property_recapitalization_or_rename,merge_candidate_group,DEV_NCA0000X273,NCA0000X273
130,NVAR_0152,DEV_TXA20145018,TXA20145018,TXA20145018,NORTHCREST APTS,1002 N MAIN ST,BIG SPRING,TX,TX4983,2014,2014,68,68,merge,same_property_recapitalization_or_rename,merge_candidate_group,DEV_TXA20145018,TXA20145018
130,NVAR_0152,DEV_TXA20157574,TXA20157574,TXA20157574,LAREDO HILL,1002 N MAIN ST,BIG SPRING,TX,TX4983,2015,2014,68,68,merge,same_property_recapitalization_or_rename,merge_candidate_group,DEV_TXA20145018,TXA20145018
131,NVAR_0162,DEV_WAA19920095,WAA19920095,WAA19920095,SECOND + PINE,211 PINE ST,SEATTLE,WA,90-18T,1992,1992,42,9,merge,same_property_recapitalization_or_rename,merge_candidate_group,DEV_WAA19920095,WAA19920095
131,NVAR_0162,DEV_WAA19929116,WAA19929116,WAA19929116,SECOND AND PINE,211 PINE ST,SEATTLE,WA,90-18T,1992,1990,42,9,merge,same_property_recapitalization_or_rename,merge_candidate_group,DEV_WAA19920095,WAA19920095
132,NVAR_0001,DEV_AKA20030025,AKA20030025,AKA20030025,GLACIER VILLAGE PHASE I,CANYON DR,JUNEAU,AK,37783,2003,2002,25,25,retain_separate,distinct_phases_or_components_same_address,retain_current_development,DEV_AKA20030025,AKA20030025
132,NVAR_0001,DEV_AKA20040010,AKA20040010,AKA20040010,GLACIER VILLAGE PHASES II & III,CANYON DR,JUNEAU,AK,37783,2004,2004,37,37,retain_separate,distinct_phases_or_components_same_address,retain_current_development,DEV_AKA20040010,AKA20040010
133,NVAR_0002,DEV_ALA20030091,ALA20030091,ALA20030091,PARK PLACE I,600 24TH ST N,BIRMINGHAM,AL,AL-02-0054,2003,2002,197,97,retain_separate,distinct_phases_or_components_same_address,retain_current_development,DEV_ALA20030091,ALA20030091
133,NVAR_0002,DEV_ALA20040079,ALA20040079,ALA20040079,PARK PLACE II,600 24TH ST N,BIRMINGHAM,AL,AL-02-0054,2004,2003,198,119,retain_separate,distinct_phases_or_components_same_address,retain_current_development,DEV_ALA20040079,ALA20040079
134,NVAR_0003,DEV_CAA20100280,CAA20100280,CAA20100280,TEN FIFTY B APTS PHASE I,1050 B ST,SAN DIEGO,CA,CA-08-801,2010,2008,118,117,merge,single_building_split_financing_applications,merge_candidate_group,DEV_CAA20100280,CAA20100280
134,NVAR_0003,DEV_CAA20100285,CAA20100285,CAA20100285,TEN FIFTY B APTS PHASE II,1050 B ST,SAN DIEGO,CA,CA-08-801,2010,2008,111,109,merge,single_building_split_financing_applications,merge_candidate_group,DEV_CAA20100280,CAA20100280
135,NVAR_0021,DEV_CAA20160048,CAA20160048,CAA20160048,NORTH SANTA FE APARTMENTS,301 NORTH SANTA FE AVENUE,VISTA,CA,CA-13-178,2016,2013,68,66,merge,same_property_alias_or_reporting_difference,merge_candidate_group,DEV_CAA20160048,CAA20160048
135,NVAR_0021,DEV_CAA20165372,CAA20165372,CAA20165372,NORTH SANTA FE APTS,301 N SANTA FE AVE,VISTA,CA,CA-13-178,2016,2013,67,66,merge,same_property_alias_or_reporting_difference,merge_candidate_group,DEV_CAA20160048,CAA20160048
136,NVAR_0025,DEV_CAA20141037,CAA20141037,CAA20141037,GABILAN PLAZA,736 WILLIAMS RD.,SALINAS,CA,CA-13-858,2014,2013,200,197,merge,same_property_alias_or_reporting_difference,merge_candidate_group,DEV_CAA20141037,CAA20141037
136,NVAR_0025,DEV_CAA20147482,CAA20147482,CAA20147482,GABILAN PLAZA 3,736 WILLIAMS RD,SALINAS,CA,CA-13-858,2014,2013,200,198,merge,same_property_alias_or_reporting_difference,merge_candidate_group,DEV_CAA20141037,CAA20141037
137,NVAR_0030,DEV_DCB20090035,DCB20090035,DCB20090035,PENTACLE APTS,1507 BENNING RD NE,WASHINGTON,DC,DCB2009035,2009,2010,182,182,merge,same_property_alias_or_reporting_difference,merge_candidate_group,DEV_DCB20090035,DCB20090035
137,NVAR_0030,DEV_DCB20099043,DCB20099043,DCB20099043,THE PENTACLE,"1507 BENNING ROAD, NE",WASHINGTON,DC,DCB2009035,2009,2010,181,181,merge,same_property_alias_or_reporting_difference,merge_candidate_group,DEV_DCB20090035,DCB20090035
138,NVAR_0032,DEV_GAA20030285,GAA20030285,GAA20030285,PINES AT WILLOWBROOK,841 WILLOWBROOK DR,HINESVILLE,GA,2001-021,2003,2001,80,64,merge,same_property_alias_or_reporting_difference,merge_candidate_group,DEV_GAA20030285,GAA20030285
138,NVAR_0032,DEV_GAA20039047,GAA20039047,GAA20039047,PINES @ WILLOWBROOK,841 WILLOWBROOK DR,HINESVILLE,GA,2001-021,2003,2001,80,80,merge,same_property_alias_or_reporting_difference,merge_candidate_group,DEV_GAA20030285,GAA20030285
139,NVAR_0034,DEV_GAA20030065,GAA20030065,GAA20030065,HIGHLAND COURT SR RESIDENCE,4150 GEORGE BUSBEE PKWY NW,KENNESAW,GA,2001-073,2003,2001,122,96,merge,same_property_alias_or_reporting_difference,merge_candidate_group,DEV_GAA20030065,GAA20030065
139,NVAR_0034,DEV_GAA20039030,GAA20039030,GAA20039030,HIGHLAND COURT,4150 GEORGE BUSBEE PKWY NW,KENNESAW,GA,2001-073,2003,2001,122,122,merge,same_property_alias_or_reporting_difference,merge_candidate_group,DEV_GAA20030065,GAA20030065
140,NVAR_0036,DEV_GAA20049030,GAA20049030,GAA20049030,"JT OAKVIEW, LP",25 HERSCHEL WALKER DR,WRIGHTSVILLE,GA,2003-019,2004,2003,24,24,merge,same_property_alias_or_reporting_difference,merge_candidate_group,DEV_GAA20049030,GAA20049030
140,NVAR_0036,DEV_GAA20050055,GAA20050055,GAA20050055,OAKVIEW APTS (WRIGHTSVILLE),25 HERSCHEL WALKER DR,WRIGHTSVILLE,GA,2003-019,2005,2003,24,23,merge,same_property_alias_or_reporting_difference,merge_candidate_group,DEV_GAA20049030,GAA20049030
141,NVAR_0037,DEV_GAA20050185,GAA20050185,GAA20050185,GRIER SENIOR MANOR I,391 OLD GRIFFIN RD,MCDONOUGH,GA,2003-037,2005,2003,64,51,merge,same_property_alias_or_reporting_difference,merge_candidate_group,DEV_GAA20050185,GAA20050185
141,NVAR_0037,DEV_GAA20059020,GAA20059020,GAA20059020,GRIER SENIOR MANOR FKA TIMBERCHASE APTS,391 OLD GRIFFIN RD,MCDONOUGH,GA,2003-037,2005,9999,64,64,merge,same_property_alias_or_reporting_difference,merge_candidate_group,DEV_GAA20050185,GAA20050185
142,NVAR_0041,DEV_GAA19950017,GAA19950017,GAA19950017,ASHTON OF RICHMOND HILL PHASE I,505 HARRIS TRAIL RD,RICHMOND HILL,GA,GA-93-061,1995,1993,232,232,retain_separate,distinct_phases_or_components_same_address,retain_current_development,DEV_GAA19950017,GAA19950017
142,NVAR_0041,DEV_GAA19950025,GAA19950025,GAA19950025,ASHTON OF RICHMOND HILL PHASE II,505 HARRIS TRAIL RD,RICHMOND HILL,GA,GA-93-061,1995,1993,160,158,retain_separate,distinct_phases_or_components_same_address,retain_current_development,DEV_GAA19950025,GAA19950025
143,NVAR_0047,DEV_MAB20140005,MAB20140005,MAB20140005,CONIFER HILL COMMONS I,121 CONIFER HILL DR,DANVERS,MA,MA-14-19,2014,2011,48,48,retain_separate,distinct_phases_or_components_same_address,retain_current_development,DEV_MAB20140005,MAB20140005
143,NVAR_0047,DEV_MAC00000031,MAC00000031,MAC00000031,CONIFER HILL COMMONS II,121 CONIFER HILL DR,DANVERS,MA,MA-14-19,8888,8888,42,42,retain_separate,distinct_phases_or_components_same_address,retain_current_development,DEV_MAC00000031,MAC00000031
144,NVAR_0048,DEV_MDA20050070,MDA20050070,MDA20050070,HAMPSTEAD SCHOOL SENIOR APTS,1211 N MAIN ST,HAMPSTEAD,MD,MD-03-16001,2005,2003,84,84,merge,same_property_alias_or_reporting_difference,merge_candidate_group,DEV_MDA20050070,MDA20050070
144,NVAR_0048,DEV_MDA20140644,MDA20140644,MDA20140644,RESIDENCES AT THE HAMPSTEAD SCHOOL,1211 N MAIN ST,HAMPSTEAD,MD,MD-03-16001,2014,2014,52,52,merge,same_property_alias_or_reporting_difference,merge_candidate_group,DEV_MDA20050070,MDA20050070
145,NVAR_0049,DEV_MDA19940070,MDA19940070,MDA19940070,PARK VIEW AT COLUMBIA I,7070 CRADLEROCK WAY,COLUMBIA,MD,MD92-29001,1994,1992,103,103,retain_separate,distinct_phases_or_components_same_address,retain_current_development,DEV_MDA19940070,MDA19940070
145,NVAR_0049,DEV_MDA20110620,MDA20110620,MDA20110620,PARK VIEW AT COLUMBIA II,7070 CRADLEROCK WAY,COLUMBIA,MD,MD92-29001,2011,1992,104,104,retain_separate,distinct_phases_or_components_same_address,retain_current_development,DEV_MDA20110620,MDA20110620
146,NVAR_0050,DEV_MOA19970105,MOA19970105,MOA19970105,HANOVER PLACE,1601 HANOVER BLVD,COLUMBIA,MO,96135,1997,1996,48,48,merge,same_property_alias_or_reporting_difference,merge_candidate_group,DEV_MOA19970105,MOA19970105
146,NVAR_0050,DEV_MOA19970115,MOA19970115,MOA19970115,HANOVER ESTATES,1601 HANOVER BLVD,COLUMBIA,MO,96135,1997,1997,12,12,merge,same_property_alias_or_reporting_difference,merge_candidate_group,DEV_MOA19970105,MOA19970105
147,NVAR_0051,DEV_MSA20000035,MSA20000035,MSA20000035,ASHTON PARK APTS III,9245 CUANDET RD,GULFPORT,MS,99-036,2000,1999,56,56,retain_separate,distinct_phases_or_components_same_address,retain_current_development,DEV_MSA20000035,MSA20000035
147,NVAR_0051,DEV_MSA20010025,MSA20010025,MSA20010025,ASHTON PARK APTS,9245 CUANDET RD,GULFPORT,MS,99-036,2001,2000,152,150,retain_separate,distinct_phases_or_components_same_address,retain_current_development,DEV_MSA20010025,MSA20010025
148,NVAR_0143,DEV_NJA20177013,NJA20177013,NJA20177013,COMMONS FAMILY & SENIOR,140 S ORANGE AVE,NEWARK,NJ,03222,2017,9999,372,372,merge,same_property_alias_or_reporting_difference,merge_candidate_group,DEV_NJA20177013,NJA20177013
148,NVAR_0143,DEV_NJA20195154,NJA20195154,NJA20195154,COMMONS SENIOR (NCC),140 SOUTH ORANGE AVENUE,NEWARK,NJ,03222,2019,2017,370,370,merge,same_property_alias_or_reporting_difference,merge_candidate_group,DEV_NJA20177013,NJA20177013
149,NVAR_0144,DEV_NJA20123075,NJA20123075,NJA20123075,LANNING SQUARE WEST #327,1840 S BROADWAY,CAMDEN,NJ,999999999999,2012,2013,10,10,retain_separate,distinct_projects_using_common_primary_address,retain_current_development,DEV_NJA20123075,NJA20123075
149,NVAR_0144,DEV_NJA20123122,NJA20123122,NJA20123122,"SOUTH BROADWAY PARTNERSHIP, LP #227",1840 S BROADWAY,CAMDEN,NJ,999999999999,2012,2013,12,12,retain_separate,distinct_projects_using_common_primary_address,retain_current_development,DEV_NJA20123122,NJA20123122
150,NVAR_0145,DEV_NVA20141008,NVA20141008,NVA20141008,TEMPO SENIOR APTS,5625 SOUTH HOLLYWOOD BLVD.,LAS VEGAS,NV,12-02,2014,2012,101,100,merge,same_property_alias_or_reporting_difference,merge_candidate_group,DEV_NVA20141008,NVA20141008
150,NVAR_0145,DEV_NVA20148189,NVA20148189,NVA20148189,TEMPO I APARTMENTS,5625 SOUTH HOLLYWOOD BLVD,LAS VEGAS,NV,12-02,2014,2012,100,100,merge,same_property_alias_or_reporting_difference,merge_candidate_group,DEV_NVA20141008,NVA20141008
151,NVAR_0149,DEV_ORA19870105,ORA19870105,ORA19870105,ROSE COURT APTS,1108 N ROSE ST,PHOENIX,OR,OR87-105,1987,1987,36,36,merge,same_property_alias_or_reporting_difference,merge_candidate_group,DEV_ORA19870105,ORA19870105
151,NVAR_0149,DEV_ORA20144002,ORA20144002,ORA20144002,BROOKSIDE ROSE APTS SITE 2,1108 N ROSE ST,PHOENIX,OR,OR87-105,2014,2013,36,35,merge,same_property_alias_or_reporting_difference,merge_candidate_group,DEV_ORA19870105,ORA19870105
152,NVAR_0150,DEV_PAA20050001,PAA20050001,PAA20050001,NEIGHBORHOOD RESTORATION XI,5801 OSAGE AVE,PHILADELPHIA,PA,TC1998-0074,2005,2001,27,27,retain_separate,distinct_projects_using_common_primary_address,retain_current_development,DEV_PAA20050001,PAA20050001
152,NVAR_0150,DEV_PAA20050002,PAA20050002,PAA20050002,NEIGHBORHOOD RESTORATION IX,5801 OSAGE AVE,PHILADELPHIA,PA,TC1998-0074,2005,1998,60,60,retain_separate,distinct_projects_using_common_primary_address,retain_current_development,DEV_PAA20050002,PAA20050002
152,NVAR_0150,DEV_PAA20050003,PAA20050003,PAA20050003,NEIGHBORHOOD RESTORATION VIII,5801 OSAGE AVE,PHILADELPHIA,PA,TC1998-0074,2005,2000,55,55,retain_separate,distinct_projects_using_common_primary_address,retain_current_development,DEV_PAA20050003,PAA20050003
153,NVAR_0151,DEV_RIA20119901,RIA20119901,RIA20119901,METCALF COURT II (08),555 VEAZIE ST,PROVIDENCE,RI,RI00147,2011,2011,60,60,retain_separate,distinct_phases_or_components_same_address,retain_current_development,DEV_RIA20119901,RIA20119901
153,NVAR_0151,DEV_RIA20119902,RIA20119902,RIA20119902,METCALF COURT II (16),555 VEAZIE ST,PROVIDENCE,RI,RI00147,2011,2011,52,52,retain_separate,distinct_phases_or_components_same_address,retain_current_development,DEV_RIA20119902,RIA20119902
154,NVAR_0153,DEV_VAA19980085,VAA19980085,VAA19980085,FOREST GLEN AT SULLY STATION II,14400 WOODMERE CT,CENTREVILLE,VA,4518,1998,1996,118,118,merge,same_property_alias_or_reporting_difference,merge_candidate_group,DEV_VAA19980085,VAA19980085
154,NVAR_0153,DEV_VAA20170019,VAA20170019,VAA20170019,FOREST GLEN II,14400 WOODMERE COURT,CENTREVILLE,VA,4518,2017,2016,119,119,merge,same_property_alias_or_reporting_difference,merge_candidate_group,DEV_VAA19980085,VAA19980085
155,NVAR_0154,DEV_VAA19960065,VAA19960065,VAA19960065,FOREST GLEN AT SULLY STATION I,14401 WOODMERE CT,CENTREVILLE,VA,4745,1996,1994,119,118,merge,same_property_alias_or_reporting_difference,merge_candidate_group,DEV_VAA19960065,VAA19960065
155,NVAR_0154,DEV_VAA20170018,VAA20170018,VAA20170018,FOREST GLEN I,14401 WOODMERE COURT,CENTREVILLE,VA,4745,2017,2015,83,83,merge,same_property_alias_or_reporting_difference,merge_candidate_group,DEV_VAA19960065,VAA19960065
156,NVAR_0155,DEV_VAA20020185,VAA20020185,VAA20020185,QUARRY STATION SENIORS,8750 QUARRY RD,MANASSAS,VA,8079,2002,2000,79,79,merge,same_property_alias_or_reporting_difference,merge_candidate_group,DEV_VAA20020185,VAA20020185
156,NVAR_0155,DEV_VAA20231041,VAA20231041,VAA20231041,QUARRY STATION,8750 QUARRY ROAD,MANASSAS,VA,8079,2023,2021,80,80,merge,same_property_alias_or_reporting_difference,merge_candidate_group,DEV_VAA20020185,VAA20020185
157,NVAR_0156,DEV_WAA20030220,WAA20030220,WAA20030220,EVERGREEN COURT (BELLEVUE),900 124TH AVE NE,BELLEVUE,WA,01-108A,2003,2001,84,84,merge,same_property_alias_or_reporting_difference,merge_candidate_group,DEV_WAA20030220,WAA20030220
157,NVAR_0156,DEV_WAA20039013,WAA20039013,WAA20039013,EVERGREEN COURT,900 - 124TH AVE NE,BELLEVUE,WA,01-108A,2003,2003,84,64,merge,same_property_alias_or_reporting_difference,merge_candidate_group,DEV_WAA20030220,WAA20030220
158,NVAR_0157,DEV_WAA20040070,WAA20040070,WAA20040070,HEATHERWOOD (MILL CREEK),13510 N CREEK DR,MILL CREEK,WA,02-10A,2004,2002,263,263,merge,same_property_alias_or_reporting_difference,merge_candidate_group,DEV_WAA20040070,WAA20040070
158,NVAR_0157,DEV_WAA20049015,WAA20049015,WAA20049015,HEATHERWOOD APARTMENTS,13510 NORTH CREEK DR,MILL CREEK,WA,02-10A,2004,2004,266,263,merge,same_property_alias_or_reporting_difference,merge_candidate_group,DEV_WAA20040070,WAA20040070
159,NVAR_0158,DEV_WAA20146013,WAA20146013,WAA20146013,INTERURBAN SENIOR LIVING,14002 LINDEN AVE. N.,SEATTLE,WA,11-82A,2014,2014,178,175,merge,same_property_alias_or_reporting_difference,merge_candidate_group,DEV_WAA20146013,WAA20146013
159,NVAR_0158,DEV_WAA00000281,WAA00000281,WAA00000281,14002 LINDEN AVE N,14002 LINDEN AVE N,SEATTLE,WA,11-82A,8888,8888,176,176,merge,same_property_alias_or_reporting_difference,merge_candidate_group,DEV_WAA20146013,WAA20146013
160,NVAR_0159,DEV_WAA20130989,WAA20130989,WAA20130989,GRANDVIEW FAMILY HOUSING PHASE II,1200 CARRIAGE CT,GRANDVIEW,WA,12-14,2013,2012,41,41,merge,same_property_alias_or_reporting_difference,merge_candidate_group,DEV_WAA20130989,WAA20130989
160,NVAR_0159,DEV_WAA20134029,WAA20134029,WAA20134029,SOR JUANA INES COURT,1200 CARRIAGE COURT,GRANDVIEW,WA,12-14,2013,2013,40,40,merge,same_property_alias_or_reporting_difference,merge_candidate_group,DEV_WAA20130989,WAA20130989
161,NVAR_0160,DEV_WAA20140980,WAA20140980,WAA20140980,OXFORD SQUARE,4807 200TH ST SW,LYNNWOOD,WA,13-113A,2014,1998,120,118,merge,same_property_alias_or_reporting_difference,merge_candidate_group,DEV_WAA20140980,WAA20140980
161,NVAR_0160,DEV_WAA20155005,WAA20155005,WAA20155005,BEAVER CREEK APARTMENT HOMES,4807 200TH ST. SW,LYNNWOOD,WA,13-113A,2015,2015,119,118,merge,same_property_alias_or_reporting_difference,merge_candidate_group,DEV_WAA20140980,WAA20140980
162,NVAR_0161,DEV_WAA20140989,WAA20140989,WAA20140989,LAKE WASHINGTON APTS,9061 SEWARD PARK AVE S,SEATTLE,WA,13-120A,2014,2013,379,379,merge,same_property_alias_or_reporting_difference,merge_candidate_group,DEV_WAA20140989,WAA20140989
162,NVAR_0161,DEV_WAA20143016,WAA20143016,WAA20143016,LAKE WASHINGTON APARTMENTS,9061 SEWARD PARK AVENUE SOUTH,SEATTLE,WA,13-120A,2014,2013,379,377,merge,same_property_alias_or_reporting_difference,merge_candidate_group,DEV_WAA20140989,WAA20140989
163,NVAR_0163,DEV_WAA19990215,WAA19990215,WAA19990215,ROSEWOOD APTS (FRIDAY HARBOR),525 PERRY PL,FRIDAY HARBOR,WA,97-44C,1999,1997,18,18,merge,same_property_alias_or_reporting_difference,merge_candidate_group,DEV_WAA19990215,WAA19990215
163,NVAR_0163,DEV_WAA19999073,WAA19999073,WAA19999073,ROSEWOOD APARTMENTS,525 PERRY PLACE,FRIDAY HARBOR,WA,97-44C,1999,1999,18,17,merge,same_property_alias_or_reporting_difference,merge_candidate_group,DEV_WAA19990215,WAA19990215
