review_question_id,identical_address_set_id,internal_identity_decision,internal_reason_code,internal_notes,internal_reviewed_on,external_identity_decision,external_search_engine,external_search_url,external_source_title,external_source_type,external_source_url,external_notes,external_reviewed_on,final_identity_decision,final_reason_code,address_set_assessment,final_notes,final_reviewed_on,shared_geocoding_query_decision,source_rows_changed
IASR_001,IAS0001,merge_all,same_name_timing_address_set,"Name differs only by Roman versus Arabic numeral; year, units, and two-address set match.",2026-08-10,merge_all,Google,https://www.google.com/search?q=Aurora%20Vista%20I%20Kenai%20Alaska%20affordable%20housing,"Aurora Vista | Affordable Housing in Kenai, AK",public_property_directory,https://section8search.org/alaska/kenai,The directory places both Aurora Vista name variants at the same Kenai property addresses.,2026-08-10,merge_all,duplicate_reporting_same_physical_development,consistent_with_identity_decision,Propose one physical development while preserving every source row as a project episode; do not aggregate conflicting unit counts or treat the identity decision as address validation.,2026-08-10,not_approved,FALSE
IASR_002,IAS0011,merge_all,same_name_timing_address_set,"Tradewind(s) name variants have the same year, units, and two Lear Road addresses.",2026-08-10,merge_all,Google,https://www.google.com/search?q=Tradewinds%20Apartments%20Unalaska%20Alaska%20LIHTC,Alaska LIHTC Properties Through 2023,housing_sector_report,https://www.novoco.com/public-media/documents/alaska-lihtc-properties-through-2023-072025.pdf,The Alaska property list reports one Tradewinds project at Lear Road with the matching year and units.,2026-08-10,merge_all,duplicate_reporting_same_physical_development,consistent_with_identity_decision,Propose one physical development while preserving every source row as a project episode; do not aggregate conflicting unit counts or treat the identity decision as address validation.,2026-08-10,not_approved,FALSE
IASR_003,IAS0015,retain_each,distinct_named_projects_shared_bad_set,Names differ substantively although timing and unit counts match; listed locations are office and parcel descriptions.,2026-08-10,retain_each,Google,https://www.google.com/search?q=Asa%20Carsarmiut%20Captain%20Beans%20Mountain%20Village%20Alaska%20housing,"Housing Assistance in Mountain Village, Alaska",public_property_directory,https://www.affordablehousing411.com/housing/mountain-village-ak/,The directory lists Asa Carsarmiut and Captain Beans separately and reports different bedroom mixes despite the shared administrative address.,2026-08-10,retain_each,distinct_projects_with_shared_administrative_addresses,administrative_or_parcel_descriptions,Preserve each source development as a distinct physical development; do not treat the shared address set as sufficient identity evidence.,2026-08-10,not_approved,FALSE
IASR_004,IAS0036,merge_all,same_property_later_financing,Cedar Terrace repeats after a 25-year gap with the same address set and unit total.,2026-08-10,merge_all,Google,https://www.google.com/search?q=Cedar%20Terrace%20Apartments%20Selma%20Alabama%20LIHTC,Cedar Terrace Apartments,public_property_directory,https://affordablehousingonline.com/housing-search/Alabama/Selma/Cedar-Terrace-Apartments/10023018,The property record identifies one Cedar Terrace development at the reviewed location.,2026-08-10,merge_all,later_financing_episode_same_physical_development,consistent_with_identity_decision,Propose one physical development while preserving every source row as a project episode; do not aggregate conflicting unit counts or treat the identity decision as address validation.,2026-08-10,not_approved,FALSE
IASR_005,IAS0039,merge_all,same_property_later_financing,Pine Ridge repeats after 28 years with the same address set and unit total.,2026-08-10,merge_all,Google,https://www.google.com/search?q=Pine%20Ridge%20Apartments%20Alabama%20LIHTC%202023%20rehab,AHFA Set-Aside Units for Active and Approved Projects,allocating_agency,https://www.ahfa.com/Content/Uploads/ahfa.com/files/MF%20Allocation/2024%20docs/AHFA%20Set%20Aside%20Units%20for%20Active%20and%20Approved%20Projects%2004-12-24.pdf,The allocating-agency list identifies the current Pine Ridge preservation project corresponding to the older property.,2026-08-10,merge_all,later_financing_episode_same_physical_development,consistent_with_identity_decision,Propose one physical development while preserving every source row as a project episode; do not aggregate conflicting unit counts or treat the identity decision as address validation.,2026-08-10,not_approved,FALSE
IASR_006,IAS0055,merge_all,same_named_scattered_site,"Three Helena Scattered Sites II name variants have identical timing, units, and 20-address set.",2026-08-10,merge_all,Google,https://www.google.com/search?q=Helena%20Scattered%20Sites%20II%20Arkansas%20LIHTC,Phillips County Affordable Housing List,allocating_agency,https://adfa.arkansas.gov/wp-content/uploads/2024/12/Phillips-County-Helena-West-Helena.pdf,The Arkansas agency list treats Helena Scattered Sites II as one scattered-site property.,2026-08-10,merge_all,duplicate_reporting_same_multisite_development,consistent_with_identity_decision,Propose one physical development while preserving every source row as a project episode; do not aggregate conflicting unit counts or treat the identity decision as address validation.,2026-08-10,not_approved,FALSE
IASR_007,IAS0057,merge_all,same_property_later_financing,Nantucket repeats after 18 years with the same addresses and units.,2026-08-10,merge_all,Google,https://www.google.com/search?q=Nantucket%20Apartments%20Fayetteville%20Arkansas%20LIHTC,Nantucket Apartments,public_property_directory,https://affordablehousingonline.com/housing-search/Arkansas/Fayetteville/Nantucket-Apartments-/10023370,The retained property record identifies one Nantucket development at the reviewed address.,2026-08-10,merge_all,later_financing_episode_same_physical_development,consistent_with_identity_decision,Propose one physical development while preserving every source row as a project episode; do not aggregate conflicting unit counts or treat the identity decision as address validation.,2026-08-10,not_approved,FALSE
IASR_008,IAS0058,merge_all,same_named_scattered_site,"Two Helena Scattered Sites I variants have the same timing, units, and address set.",2026-08-10,merge_all,Google,https://www.google.com/search?q=Helena%20Scattered%20Sites%20I%20Arkansas%20LIHTC,Phillips County Affordable Housing List,allocating_agency,https://adfa.arkansas.gov/wp-content/uploads/2024/12/Phillips-County-Helena-West-Helena.pdf,The Arkansas agency list treats Helena Scattered Sites I as one scattered-site property.,2026-08-10,merge_all,duplicate_reporting_same_multisite_development,consistent_with_identity_decision,Propose one physical development while preserving every source row as a project episode; do not aggregate conflicting unit counts or treat the identity decision as address validation.,2026-08-10,not_approved,FALSE
IASR_009,IAS0059,retain_each,distinct_named_projects_shared_address,North Acres and Garden Manor have distinct names and are separately listed despite their common address.,2026-08-10,retain_each,Google,https://www.google.com/search?q=North%20Acres%20Garden%20Manor%20Jonesboro%20Arkansas%20apartments,Craighead County Affordable Housing List,allocating_agency,https://adfa.arkansas.gov/wp-content/uploads/2024/12/Craighead-County-update.pdf,The Arkansas agency lists North Acres and Garden Manor as separate properties at the common location.,2026-08-10,retain_each,distinct_projects_on_shared_campus,shared_campus_distinct_components,Preserve each source development as a distinct physical development; do not treat the shared address set as sufficient identity evidence.,2026-08-10,not_approved,FALSE
IASR_010,IAS0070,merge_all,same_property_renamed_or_redeveloped,The later name explicitly says Valley Apartments formerly Delta Villas; timing indicates preservation.,2026-08-10,merge_all,Google,https://www.google.com/search?q=Valley%20Apartments%20fka%20Delta%20Villas%20McGehee%20Arkansas,Valley Apartments fka Delta Villas,public_property_directory,https://affordablehousinghub.org/housing/arkansas/desha-county/mcgehee/valley-apartments-fka-delta-villas-29969-lihtc,The public property record explicitly identifies Valley Apartments as formerly Delta Villas.,2026-08-10,merge_all,renamed_later_episode_same_physical_development,consistent_with_identity_decision,Propose one physical development while preserving every source row as a project episode; do not aggregate conflicting unit counts or treat the identity decision as address validation.,2026-08-10,not_approved,FALSE
IASR_011,IAS0072,merge_all,same_name_timing_address_set,"Hughes Manor and Hughes Manor II carry the same address set, timing, and units.",2026-08-10,merge_all,Google,https://www.google.com/search?q=Hughes%20Manor%20II%20Arkansas%20LIHTC,2009 Tax Credit Recipients,allocating_agency,https://adfa.arkansas.gov/wp-content/uploads/2025/02/2009a-Tax-Credit-Recipients.pdf,The Arkansas recipient list identifies the reviewed Hughes Manor II property and matching development facts.,2026-08-10,merge_all,duplicate_reporting_same_physical_development,consistent_with_identity_decision,Propose one physical development while preserving every source row as a project episode; do not aggregate conflicting unit counts or treat the identity decision as address validation.,2026-08-10,not_approved,FALSE
IASR_012,IAS0075,merge_all,same_property_renamed_or_redeveloped,"Park Plaza II and Riverside Park Phase III have the same 56 units, timing window, and three-address set; the older label is inconsistent with current naming.",2026-08-10,merge_all,Google,https://www.google.com/search?q=Park%20Plaza%20II%20Riverside%20Park%20Phase%20III%20West%20Memphis%20Arkansas,Crittenden County Affordable Housing List,allocating_agency,https://adfa.arkansas.gov/wp-content/uploads/2024/12/Crittenden-County.pdf,"The agency list places Riverside Park Phase III at this location and distinguishes Riverside Park II at another address, supporting a mislabeled duplicate rather than two 56-unit phases.",2026-08-10,merge_all,mislabeled_duplicate_same_physical_development,consistent_with_identity_decision,Propose one physical development while preserving every source row as a project episode; do not aggregate conflicting unit counts or treat the identity decision as address validation.,2026-08-10,not_approved,FALSE
IASR_013,IAS0076,merge_all,same_name_timing_address_set,Savannah Park records differ only in spelling and otherwise match.,2026-08-10,merge_all,Google,https://www.google.com/search?q=Savannah%20Park%20Arkansas%20LIHTC,Arkansas LIHTC Properties Through 2023,housing_sector_report,https://www.novoco.com/public-media/documents/arkansas-lihtc-properties-through-2023-072025.pdf,The state property compilation contains one Savannah Park project matching the reviewed record.,2026-08-10,merge_all,duplicate_reporting_same_physical_development,consistent_with_identity_decision,Propose one physical development while preserving every source row as a project episode; do not aggregate conflicting unit counts or treat the identity decision as address validation.,2026-08-10,not_approved,FALSE
IASR_014,IAS0080,merge_all,same_property_renamed_or_redeveloped,The names and timing indicate a renamed Stone Ridge/Cedar Ridge property.,2026-08-10,merge_all,Google,https://www.google.com/search?q=Stone%20Ridge%20Cedar%20Ridge%20Summit%20at%20Geyer%20Springs%20Arkansas,Pulaski County Affordable Housing List,allocating_agency,https://adfa.arkansas.gov/wp-content/uploads/2024/12/Pulaski-County2.pdf,The Arkansas agency list explicitly connects the former name to Summit at Geyer Springs.,2026-08-10,merge_all,renamed_later_episode_same_physical_development,consistent_with_identity_decision,Propose one physical development while preserving every source row as a project episode; do not aggregate conflicting unit counts or treat the identity decision as address validation.,2026-08-10,not_approved,FALSE
IASR_015,IAS0255,merge_all,same_name_same_property_unit_scope_conflict,"Both records use the East Atlantic name, year, and exact property address set; 70 versus 94 units indicates base-property versus annex scope.",2026-08-10,merge_all,Google,https://www.google.com/search?q=East%20Atlantic%20Apartments%20Annex%20Rehoboth%20Delaware%2070%2094%20units,East Atlantic Apartments Listings,public_property_directory,https://hellosection8.com/overview-id-1803276.html,"The retained page reports both 70- and 94-unit East Atlantic records at 100 East Atlantic Circle, consistent with one property plus annex scope.",2026-08-10,merge_all,same_physical_development_different_unit_scope,consistent_with_identity_decision,Propose one physical development while preserving every source row as a project episode; do not aggregate conflicting unit counts or treat the identity decision as address validation.,2026-08-10,not_approved,FALSE
IASR_016,IAS0257,merge_all,same_name_timing_address_set,"Carleton Court spelling variants have the same year, units, and address set.",2026-08-10,merge_all,Google,https://www.google.com/search?q=Carleton%20Court%20Apartments%20Newark%20Delaware,Carleton Court Apartments,property_manager,https://www.arbormanagement.com/property/carleton-court-apartments,The manager identifies one Carleton Court property at the reviewed location.,2026-08-10,merge_all,duplicate_reporting_same_physical_development,consistent_with_identity_decision,Propose one physical development while preserving every source row as a project episode; do not aggregate conflicting unit counts or treat the identity decision as address validation.,2026-08-10,not_approved,FALSE
IASR_017,IAS0262,retain_each,distinct_buildings_common_campus,Civic Towers and Civic Towers Senior have separate names and building identities despite overlapping campus addresses.,2026-08-10,retain_each,Google,https://www.google.com/search?q=Civic%20Towers%20Civic%20Towers%20Senior%20Miami%20apartments,Civic Towers,developer,https://redwoodhousing.com/case-studies/civic-towers/,The developer and public records describe distinct Civic Towers buildings/components at the site.,2026-08-10,retain_each,distinct_buildings_on_shared_campus,shared_campus_distinct_components,Preserve each source development as a distinct physical development; do not treat the shared address set as sufficient identity evidence.,2026-08-10,not_approved,FALSE
IASR_018,IAS0271,retain_each,distinct_named_phases,Magnolia Walk I and II are explicitly phased and have different unit totals.,2026-08-10,retain_each,Google,https://www.google.com/search?q=Magnolia%20Walk%20II%20Florida%20Housing%20Finance%20Corporation,Florida Housing Board Package,allocating_agency,https://www.floridahousing.org/docs/default-source/data-docs-and-reports/boardpackages/2004/sep-10/02-consent-items.pdf?sfvrsn=2,The allocating-agency record identifies Magnolia Walk II as a separate financed phase.,2026-08-10,retain_each,distinct_phases_on_shared_campus,shared_campus_distinct_components,Preserve each source development as a distinct physical development; do not treat the shared address set as sufficient identity evidence.,2026-08-10,not_approved,FALSE
IASR_019,IAS0276,retain_each,distinct_named_phases,Sonrise Villas I and II are explicitly phased and have different unit totals.,2026-08-10,retain_each,Google,https://www.google.com/search?q=Sonrise%20Villas%20II%20Fellsmere%20Florida,Sonrise Villas II,property_manager,https://www.rentcafe.com/housing/fl/fellsmere/sonrise-villas-ii/default.aspx,The current property record separately identifies Sonrise Villas II.,2026-08-10,retain_each,distinct_phases_on_shared_campus,shared_campus_distinct_components,Preserve each source development as a distinct physical development; do not treat the shared address set as sufficient identity evidence.,2026-08-10,not_approved,FALSE
IASR_020,IAS0289,retain_each,distinct_named_phases,Live Oak Villas I and II are explicitly phased and have different unit totals.,2026-08-10,retain_each,Google,https://www.google.com/search?q=Live%20Oak%20Villas%20I%20II%20Fort%20Pierce%20Florida%20units,Assessment of Fair Housing,municipal_record,https://www.cityoffortpierce.com/DocumentCenter/View/2602/2016-2020-Assessment-of-Fair-Housing-Report,The city report lists Live Oak phases separately with 104 and 80 units.,2026-08-10,retain_each,distinct_phases_on_shared_campus,shared_campus_distinct_components,Preserve each source development as a distinct physical development; do not treat the shared address set as sufficient identity evidence.,2026-08-10,not_approved,FALSE
IASR_021,IAS0291,merge_all,same_property_later_financing,Columbia Village Townhomes Preservation is a later renovation of the named property.,2026-08-10,merge_all,Google,https://www.google.com/search?q=Columbia%20Village%20Townhomes%20preservation%20Decatur%20Georgia,Columbia Village,property_owner,https://www.columbiares.com/decatur-ga-apartments/columbia-village/,"The owner describes the existing community and its renovation, supporting a preservation episode.",2026-08-10,merge_all,later_preservation_episode_same_physical_development,consistent_with_identity_decision,Propose one physical development while preserving every source row as a project episode; do not aggregate conflicting unit counts or treat the identity decision as address validation.,2026-08-10,not_approved,FALSE
IASR_022,IAS0334,merge_all,same_property_renamed_or_redeveloped,Brookhaven Phase II and Rolling Pine share the same property facts and location.,2026-08-10,merge_all,Google,https://www.google.com/search?q=Brookhaven%20Phase%20II%20Rolling%20Pine%20Lake%20Park%20Georgia,Rolling Pine,property_manager,https://www.rentcafe.com/apartments/ga/lake-park/rolling-pine/default.aspx,The current property record identifies Rolling Pine at the reviewed development location; state records connect the earlier project.,2026-08-10,merge_all,renamed_same_physical_development,consistent_with_identity_decision,Propose one physical development while preserving every source row as a project episode; do not aggregate conflicting unit counts or treat the identity decision as address validation.,2026-08-10,not_approved,FALSE
IASR_023,IAS0352,merge_all,legal_name_and_operating_name,Pittsburgh Phase I LP and Heritage Station Family have matching facts and appear to be legal and operating names.,2026-08-10,merge_all,Google,https://www.google.com/search?q=Pittsburgh%20Phase%20I%20LP%20Heritage%20Station%20Family%20Atlanta,United States v. Pittsburgh Phase I LP,court_record,https://docs.justia.com/cases/federal/district-courts/georgia/gandce/1%3A2017cv04289/243444/6,The federal filing identifies Pittsburgh Phase I LP as doing business as Heritage Station Family Apartments.,2026-08-10,merge_all,legal_and_operating_names_same_physical_development,consistent_with_identity_decision,Propose one physical development while preserving every source row as a project episode; do not aggregate conflicting unit counts or treat the identity decision as address validation.,2026-08-10,not_approved,FALSE
IASR_024,IAS0384,merge_all,same_property_later_financing,Parkside repeats after 27 years with the same 24 units and address set.,2026-08-10,merge_all,Google,https://www.google.com/search?q=Parkside%20apartments%20Post%20Falls%20Idaho%20LIHTC,"Affordable Housing in Post Falls, Idaho",public_property_directory,https://affordablehousinghub.org/housing/idaho/kootenai/post-falls,The directory lists the duplicate Parkside records at the same address and unit count.,2026-08-10,merge_all,later_financing_episode_same_physical_development,consistent_with_identity_decision,Propose one physical development while preserving every source row as a project episode; do not aggregate conflicting unit counts or treat the identity decision as address validation.,2026-08-10,not_approved,FALSE
IASR_025,IAS0434,merge_all,same_property_later_financing,High View repeats after 18 years with the same units and addresses.,2026-08-10,merge_all,Google,https://www.google.com/search?q=High%20View%20Lawrenceburg%20Indiana%20LIHTC,"Affordable Housing in Lawrenceburg, Indiana",public_property_directory,https://section8search.org/indiana/lawrenceburg,The directory places both High View records at the same property.,2026-08-10,merge_all,later_financing_episode_same_physical_development,consistent_with_identity_decision,Propose one physical development while preserving every source row as a project episode; do not aggregate conflicting unit counts or treat the identity decision as address validation.,2026-08-10,not_approved,FALSE
IASR_026,IAS0467,retain_each,distinct_buildings_common_campus,Chapelgate Park and Chapelgate Park Senior use distinct nearby primary addresses and serve distinct components.,2026-08-10,retain_each,Google,https://www.google.com/search?q=Chapelgate%20Park%20Chapelgate%20Park%20Senior%20Lafayette%20Indiana,Affordable Housing in Lafayette 47909,public_property_directory,https://search.affordablehousinghub.org/in/tippecanoe/lafayette/47909,The public records list the family and senior properties at 3151 and 3050 Chapelgate Way.,2026-08-10,retain_each,distinct_components_on_shared_campus,shared_campus_distinct_components,Preserve each source development as a distinct physical development; do not treat the shared address set as sufficient identity evidence.,2026-08-10,not_approved,FALSE
IASR_027,IAS0479,merge_all,same_name_timing_address_set,Shelby's Landing name variants refer to the same apartment property.,2026-08-10,merge_all,Google,https://www.google.com/search?q=Shelbys%20Landing%20Apartments%20Shelbyville%20Indiana,Shelby's Crest and Landing,property_manager,https://www.shelbyscrest.com/,The property site treats Shelby's Landing as one component of the named apartment community at the reviewed location.,2026-08-10,merge_all,duplicate_reporting_same_physical_development,consistent_with_identity_decision,Propose one physical development while preserving every source row as a project episode; do not aggregate conflicting unit counts or treat the identity decision as address validation.,2026-08-10,not_approved,FALSE
IASR_028,IAS0482,retain_each,same_name_different_properties,The 1988 208-unit and 2002 277-unit records have different true primary addresses; the exact two-address union is a cross-list.,2026-08-10,retain_each,Google,https://www.google.com/search?q=English%20Village%207400%20English%20Avenue%204555%20Marcy%20Lane%20Indianapolis,LIHTC Properties in Indiana Through 2023,housing_sector_report,https://www.novoco.com/public-media/documents/indiana-lihtc-properties-through-2023-072025.pdf,The property list separately identifies a 208-unit English Village at 7400 English Avenue and a 277-unit same-named property at 4555 Marcy Lane.,2026-08-10,retain_each,same_name_distinct_physical_developments,copied_across_distinct_developments,Preserve each source development as a distinct physical development; do not treat the shared address set as sufficient identity evidence.,2026-08-10,not_approved,FALSE
IASR_029,IAS0667,retain_each,distinct_named_projects_shared_bad_set,"Boston Street Crossing and Harbor Lafayette have separate names, addresses, and unit restrictions.",2026-08-10,retain_each,Google,https://www.google.com/search?q=Boston%20Street%20Crossing%20Harbor%20Lafayette%20Salem%20Massachusetts,Affordable Housing Restrictions,municipal_record,https://www.salemma.gov/619/Restrictions,The Salem restrictions list treats Boston Street Crossing and Harbor Lafayette as separate developments.,2026-08-10,retain_each,distinct_projects_with_copied_address_set,copied_across_distinct_developments,Preserve each source development as a distinct physical development; do not treat the shared address set as sufficient identity evidence.,2026-08-10,not_approved,FALSE
IASR_030,IAS0668,retain_each,distinct_named_projects_shared_bad_set,"Stratton Hill, Fruit Sever, and Wellington are distinct properties whose three primary addresses were copied to every record.",2026-08-10,retain_each,Google,https://www.google.com/search?q=BC%20Stratton%20Hill%20Fruit%20Sever%20Wellington%20Massachusetts%20LIHTC,Massachusetts LIHTC Properties Through 2023,housing_sector_report,https://www.novoco.com/public-media/documents/massachusetts-lihtc-properties-through-2023-district-2-072025.pdf,The state compilation reports the three names at distinct primary addresses and with distinct unit totals.,2026-08-10,retain_each,distinct_projects_with_copied_address_set,copied_across_distinct_developments,Preserve each source development as a distinct physical development; do not treat the shared address set as sufficient identity evidence.,2026-08-10,not_approved,FALSE
IASR_031,IAS0686,merge_all,combined_named_property,Calvin Mowbray Park and Stephen Camper Park are jointly owned and operated as one 190-unit property.,2026-08-10,merge_all,Google,https://www.google.com/search?q=Calvin%20Mowbray%20Park%20Stephen%20Camper%20Park%20Cambridge%20Maryland,Calvin Mowbray Park and Stephen Camper Park,property_owner,https://nhpfoundation.org/property/calvin-mowbray-park-and-stephen-camper-park/,"The owner presents both names as one 190-unit, 88-building property.",2026-08-10,merge_all,combined_components_one_physical_development,consistent_with_identity_decision,Propose one physical development while preserving every source row as a project episode; do not aggregate conflicting unit counts or treat the identity decision as address validation.,2026-08-10,not_approved,FALSE
IASR_032,IAS0752,retain_each,distinct_components_common_address,Clark Place Apartments and Clark Place Townhomes are separately named apartment and townhome components.,2026-08-10,retain_each,Google,https://www.google.com/search?q=Clark%20Place%20Apartments%20Townhomes%20Minnesota,Clark Place,property_manager,https://clarkplacemn.com/,The current site distinguishes the apartment and townhome offerings within Clark Place.,2026-08-10,retain_each,distinct_components_on_shared_campus,shared_campus_distinct_components,Preserve each source development as a distinct physical development; do not treat the shared address set as sufficient identity evidence.,2026-08-10,not_approved,FALSE
IASR_033,IAS0911,retain_each,distinct_named_phases,Azalea Cove Phase I and II are explicit phases with separate unit totals.,2026-08-10,retain_each,Google,https://www.google.com/search?q=Azalea%20Cove%20Phase%20I%20II%20Vicksburg%20Mississippi%20LIHTC,Mississippi LIHTC Properties District 2,housing_sector_report,https://www.novoco.com/public-media/documents/mississippi-lihtc-properties-district-2-to-2022-092024.pdf,The state compilation lists the Azalea Cove phases separately.,2026-08-10,retain_each,distinct_phases_on_shared_campus,shared_campus_distinct_components,Preserve each source development as a distinct physical development; do not treat the shared address set as sufficient identity evidence.,2026-08-10,not_approved,FALSE
IASR_034,IAS0919,merge_all,same_property_later_financing,Baxter repeats after 18 years at the same property with a small 48/50-unit scope difference.,2026-08-10,merge_all,Google,https://www.google.com/search?q=Baxter%20Apartments%20Bozeman%20Montana%2050%20units%20rehabilitation,Montana Board of Housing Meeting Packet,allocating_agency,https://www.commerce.mt.gov/_shared/housing/MBOH/docs/Meetings/2023/September-12-Agenda-Minutes-and-Packet.pdf,The board packet describes acquisition and rehabilitation of the existing Baxter Apartments as a 50-unit project.,2026-08-10,merge_all,later_rehabilitation_same_physical_development,consistent_with_identity_decision,Propose one physical development while preserving every source row as a project episode; do not aggregate conflicting unit counts or treat the identity decision as address validation.,2026-08-10,not_approved,FALSE
IASR_035,IAS0924,merge_all,same_name_timing_address_set,E. A. Swain spelling variants otherwise match.,2026-08-10,merge_all,Google,https://www.google.com/search?q=EA%20Swain%20Apartments%20Edenton%20North%20Carolina,E.A. Swain Apartments,property_manager,https://www.lpmcliving.com/e-a-swain-apartments,The manager identifies one E.A. Swain property at the reviewed location.,2026-08-10,merge_all,duplicate_reporting_same_physical_development,consistent_with_identity_decision,Propose one physical development while preserving every source row as a project episode; do not aggregate conflicting unit counts or treat the identity decision as address validation.,2026-08-10,not_approved,FALSE
IASR_036,IAS0949,merge_all,same_named_scattered_site,"Courtney Lane name variants have the same year, units, and townhouse address series.",2026-08-10,merge_all,Google,https://www.google.com/search?q=Courtney%20Lane%20Townhomes%20Raleigh%20North%20Carolina%20LIHTC,North Carolina LIHTC Properties,housing_sector_report,https://www.novoco.com/documents85816/nc13_lihtc_properties.pdf,The state compilation reports Courtney Lane as one townhouse project across the reviewed addresses.,2026-08-10,merge_all,duplicate_reporting_same_multisite_development,consistent_with_identity_decision,Propose one physical development while preserving every source row as a project episode; do not aggregate conflicting unit counts or treat the identity decision as address validation.,2026-08-10,not_approved,FALSE
IASR_037,IAS0953,merge_all,same_site_reconfigured_proposal,Barton Senior and Barton South use the same site; the later project replaced an infeasible earlier proposal.,2026-08-10,merge_all,Google,https://www.google.com/search?q=Barton%20Senior%20Barton%20South%20Charlotte%20housing,Barton South Notice of Intent,municipal_record,https://www.charlottenc.gov/files/sharedassets/city/v/1/streets-and-neighborhoods/housing/documents/the-barton-south-notice-of-intent-fonsi-rrof.pdf,City records identify Barton South at the reviewed site; council records state the prior proposal became infeasible and funds were reused for the current project.,2026-08-10,merge_all,reconfigured_episode_same_physical_development,consistent_with_identity_decision,Propose one physical development while preserving every source row as a project episode; do not aggregate conflicting unit counts or treat the identity decision as address validation.,2026-08-10,not_approved,FALSE
IASR_038,IAS0975,merge_all,same_state_id_same_property,"Franklin Senior House records share state project number 1420, timing, and address set.",2026-08-10,merge_all,Google,https://www.google.com/search?q=Franklin%20Senior%20House%201420%20New%20Jersey,NJHMFA Board Minutes July 2025,allocating_agency,https://www.nj.gov/dca/hmfa/about/boardinfo/minutes/2025_minutes/20250712.pdf,NJHMFA identifies Franklin Senior House under project number 1420.,2026-08-10,merge_all,duplicate_reporting_same_physical_development,consistent_with_identity_decision,Propose one physical development while preserving every source row as a project episode; do not aggregate conflicting unit counts or treat the identity decision as address validation.,2026-08-10,not_approved,FALSE
IASR_039,IAS0979,merge_all,same_state_id_same_property,Edgewood Park name variants share project number 05402 and matching facts.,2026-08-10,merge_all,Google,https://www.google.com/search?q=Edgewood%20Park%20Phase%20I%2005402%20New%20Jersey%20LIHTC,New Jersey LIHTC Properties Through 2023,housing_sector_report,https://www.novoco.com/public-media/documents/new-jersey-lihtc-properties-through-2023-072025.pdf,The New Jersey compilation identifies one Edgewood Park Phase I project under the reviewed state number.,2026-08-10,merge_all,duplicate_reporting_same_physical_development,consistent_with_identity_decision,Propose one physical development while preserving every source row as a project episode; do not aggregate conflicting unit counts or treat the identity decision as address validation.,2026-08-10,not_approved,FALSE
IASR_040,IAS0980,merge_all,same_property_renamed_or_redeveloped,Jackson Family Apartments and The Ponds have the same 88 units and state project identity.,2026-08-10,merge_all,Google,https://www.google.com/search?q=Jackson%20Family%20Apartments%20The%20Ponds%20New%20Jersey%201641,NJHMFA Four-Percent Awards,allocating_agency,https://nj.gov/dca/hmfa/developers/docs/lihtc/tax/awards/4percent_through_jan2023.pdf,NJHMFA identifies Jackson Family Apartments as project 1641 with 88 units; current records use The Ponds for the same development.,2026-08-10,merge_all,renamed_same_physical_development,consistent_with_identity_decision,Propose one physical development while preserving every source row as a project episode; do not aggregate conflicting unit counts or treat the identity decision as address validation.,2026-08-10,not_approved,FALSE
IASR_041,IAS0981,merge_all,same_state_id_same_property,Valley Brook records share state project number 1113 and otherwise matching facts.,2026-08-10,merge_all,Google,https://www.google.com/search?q=Valley%20Brook%201113%20New%20Jersey%20LIHTC,"Affordable Housing in Lyons, New Jersey",public_property_directory,https://hellosection8.com/ct-lihtc-nj_lyons-1.html,The public property record identifies the reviewed Valley Brook project.,2026-08-10,merge_all,duplicate_reporting_same_physical_development,consistent_with_identity_decision,Propose one physical development while preserving every source row as a project episode; do not aggregate conflicting unit counts or treat the identity decision as address validation.,2026-08-10,not_approved,FALSE
IASR_042,IAS0982,merge_all,same_site_redevelopment,Turner Pointe is the redevelopment of the former Page Homes site.,2026-08-10,merge_all,Google,https://www.google.com/search?q=Page%20Homes%20Turner%20Pointe%20Trenton%20New%20Jersey,Turner Pointe Former Page Homes Near Completion,housing_authority,https://www.tha-nj.org/trenton-housing-authoritys-turner-pointe-former-page-homes-project-near-completion/,The Trenton Housing Authority explicitly describes Turner Pointe as the former Page Homes project.,2026-08-10,merge_all,redevelopment_episode_same_physical_development,consistent_with_identity_decision,Propose one physical development while preserving every source row as a project episode; do not aggregate conflicting unit counts or treat the identity decision as address validation.,2026-08-10,not_approved,FALSE
IASR_043,IAS0983,merge_all,same_state_id_same_property,"Ujima Village records share state project number 652, year, and address set.",2026-08-10,merge_all,Google,https://www.google.com/search?q=Ujima%20Village%20652%20New%20Jersey%20LIHTC,New Jersey LIHTC Properties District 12,housing_sector_report,https://www.novoco.com/public-media/documents/new-jersey-lihtc-properties-through-2023-district-12-072025.pdf,The compilation identifies one Ujima Village project under number 652.,2026-08-10,merge_all,duplicate_reporting_same_physical_development,consistent_with_identity_decision,Propose one physical development while preserving every source row as a project episode; do not aggregate conflicting unit counts or treat the identity decision as address validation.,2026-08-10,not_approved,FALSE
IASR_044,IAS0984,merge_all,same_state_id_same_property,Flicker Residence variants share state project number 629 and matching facts.,2026-08-10,merge_all,Google,https://www.google.com/search?q=Flicker%20Residence%20629%20Voorhees%20New%20Jersey,Affordable Housing Guide: Camden County,state_agency,https://www.nj.gov/dca/codes/publications/pdf_guide_2_afford_hsg/camden.pdf,The state guide identifies the Flicker Residence property corresponding to project 629.,2026-08-10,merge_all,duplicate_reporting_same_physical_development,consistent_with_identity_decision,Propose one physical development while preserving every source row as a project episode; do not aggregate conflicting unit counts or treat the identity decision as address validation.,2026-08-10,not_approved,FALSE
IASR_045,IAS0985,merge_all,same_state_id_same_property,Spruce Gardens records share state project number 05410 and matching facts.,2026-08-10,merge_all,Google,https://www.google.com/search?q=Spruce%20Gardens%2005410%20Newark%20New%20Jersey,Spruce Gardens 05410,public_property_directory,https://affordablehousinghub.org/housing/new-jersey/essex-county/newark/spruce-gardens-05410-22443-lihtc,The public property record identifies one Spruce Gardens project under number 05410.,2026-08-10,merge_all,duplicate_reporting_same_physical_development,consistent_with_identity_decision,Propose one physical development while preserving every source row as a project episode; do not aggregate conflicting unit counts or treat the identity decision as address validation.,2026-08-10,not_approved,FALSE
IASR_046,IAS0986,merge_all,same_property_later_financing,Essex Plaza One repeats as a later financing record for the same address set.,2026-08-10,merge_all,Google,https://www.google.com/search?q=Essex%20Plaza%20One%20New%20Jersey%20LIHTC,NJHMFA Four-Percent Awards Through June 2025,allocating_agency,https://www.nj.gov/dca/hmfa/developers/docs/lihtc/tax/awards/4percent_through_june3_2025.pdf,NJHMFA identifies the later Essex Plaza One financing at the existing property.,2026-08-10,merge_all,later_financing_episode_same_physical_development,consistent_with_identity_decision,Propose one physical development while preserving every source row as a project episode; do not aggregate conflicting unit counts or treat the identity decision as address validation.,2026-08-10,not_approved,FALSE
IASR_047,IAS0987,merge_all,same_state_id_same_property,Cottage Place II records share state project number 738 and matching facts.,2026-08-10,merge_all,Google,https://www.google.com/search?q=Cottage%20Place%20II%20738%20Newark%20New%20Jersey,NJHMFA Eligible Property Master List,allocating_agency,https://www.nj.gov/dca/hmfa/consumers/docs/MasterList-EligibleProperties_rentfreeze.pdf,The NJHMFA master list identifies one Cottage Place II property under the reviewed project number.,2026-08-10,merge_all,duplicate_reporting_same_physical_development,consistent_with_identity_decision,Propose one physical development while preserving every source row as a project episode; do not aggregate conflicting unit counts or treat the identity decision as address validation.,2026-08-10,not_approved,FALSE
IASR_048,IAS0988,merge_all,same_state_id_same_property,Huntington-Schuyler records share state project number 564 and matching facts.,2026-08-10,merge_all,Google,https://www.google.com/search?q=Huntington%20Schuyler%20564%20New%20Jersey%20LIHTC,New Jersey LIHTC Properties Through 2023,housing_sector_report,https://www.novoco.com/public-media/documents/new-jersey-lihtc-properties-through-2023-072025.pdf,The state compilation identifies one Huntington-Schuyler property under project 564.,2026-08-10,merge_all,duplicate_reporting_same_physical_development,consistent_with_identity_decision,Propose one physical development while preserving every source row as a project episode; do not aggregate conflicting unit counts or treat the identity decision as address validation.,2026-08-10,not_approved,FALSE
IASR_049,IAS0990,merge_all,same_property_renamed_or_redeveloped,Camp Kilmer Phase A and Truman Square Phase A are alternative names for the same redevelopment phase.,2026-08-10,merge_all,Google,https://www.google.com/search?q=Camp%20Kilmer%20Phase%20A%20Truman%20Square%20Phase%20A%20New%20Jersey,Truman Square at Former Camp Kilmer,developer,https://midatlanticeng.com/truman-square-development-at-former-camp-kilmer-site,The project record identifies Truman Square Phase A at the former Camp Kilmer site.,2026-08-10,merge_all,renamed_redevelopment_same_physical_development,consistent_with_identity_decision,Propose one physical development while preserving every source row as a project episode; do not aggregate conflicting unit counts or treat the identity decision as address validation.,2026-08-10,not_approved,FALSE
IASR_050,IAS0998,merge_all,same_property_renamed_or_redeveloped,Glassworks at Aberdeen and The Willows at Glassworks are alternative names for one development.,2026-08-10,merge_all,Google,https://www.google.com/search?q=Glassworks%20at%20Aberdeen%20Willows%20at%20Glassworks%20New%20Jersey,Affordable Housing Guide: Monmouth County,state_agency,https://www.nj.gov/dca/codes/publications/pdf_guide_2_afford_hsg/monmouth.pdf,The state guide links Glassworks at Aberdeen and The Willows at Glassworks as one property.,2026-08-10,merge_all,renamed_same_physical_development,consistent_with_identity_decision,Propose one physical development while preserving every source row as a project episode; do not aggregate conflicting unit counts or treat the identity decision as address validation.,2026-08-10,not_approved,FALSE
IASR_051,IAS1001,merge_all,same_state_id_same_property,"Gregory School/Garrett Estates Annex variants have the same timing, units, and address set.",2026-08-10,merge_all,Google,https://www.google.com/search?q=Gregory%20School%20Garrett%20Estates%20Annex%20New%20Jersey%20LIHTC,Gregory School Garrett Estates Annex,public_property_directory,https://affordablehousinghub.org/housing/new-jersey/monmouth-county/long-branch/gregory-school-garrett-estates-annex-24054-lihtc,The public record identifies the combined Gregory School/Garrett Estates Annex property.,2026-08-10,merge_all,duplicate_reporting_same_physical_development,consistent_with_identity_decision,Propose one physical development while preserving every source row as a project episode; do not aggregate conflicting unit counts or treat the identity decision as address validation.,2026-08-10,not_approved,FALSE
IASR_052,IAS1002,merge_all,same_state_id_same_property,Woodrow Wilson III name variants share the same state identity and facts.,2026-08-10,merge_all,Google,https://www.google.com/search?q=Woodrow%20Wilson%20III%20Long%20Branch%20New%20Jersey%20LIHTC,NJHMFA Eligible Property Master List,allocating_agency,https://www.nj.gov/dca/hmfa/consumers/docs/MasterList-EligibleProperties_rentfreeze.pdf,The NJHMFA master list identifies the Woodrow Wilson III property.,2026-08-10,merge_all,duplicate_reporting_same_physical_development,consistent_with_identity_decision,Propose one physical development while preserving every source row as a project episode; do not aggregate conflicting unit counts or treat the identity decision as address validation.,2026-08-10,not_approved,FALSE
IASR_053,IAS1005,merge_all,same_state_id_same_property,Riverwalk Senior records share state project number 677 and matching facts.,2026-08-10,merge_all,Google,https://www.google.com/search?q=Riverwalk%20Senior%20677%20New%20Jersey,NJHMFA Eligible Property Master List,allocating_agency,https://www.nj.gov/dca/hmfa/consumers/docs/MasterList-EligibleProperties_rentfreeze.pdf,The NJHMFA master list identifies one Riverwalk Senior property.,2026-08-10,merge_all,duplicate_reporting_same_physical_development,consistent_with_identity_decision,Propose one physical development while preserving every source row as a project episode; do not aggregate conflicting unit counts or treat the identity decision as address validation.,2026-08-10,not_approved,FALSE
IASR_054,IAS1007,merge_all,same_state_id_same_property,Willows at Little Egg Harbor variants share state project number 1741 and matching facts.,2026-08-10,merge_all,Google,https://www.google.com/search?q=Willows%20at%20Little%20Egg%20Harbor%201741,The Willows at Little Egg Harbor,property_manager,https://livewillows.com/communities/the-willows-at-little-egg-harbor/,The current property site identifies one Willows at Little Egg Harbor development.,2026-08-10,merge_all,duplicate_reporting_same_physical_development,consistent_with_identity_decision,Propose one physical development while preserving every source row as a project episode; do not aggregate conflicting unit counts or treat the identity decision as address validation.,2026-08-10,not_approved,FALSE
IASR_055,IAS1012,merge_all,same_property_later_financing,Godwin Towers records share project number 536 and represent the same property over time.,2026-08-10,merge_all,Google,https://www.google.com/search?q=Godwin%20Towers%20536%20Paterson%20New%20Jersey,Godwin Towers 536,public_property_directory,https://affordablehousinghub.org/housing/new-jersey/passaic-county/paterson/godwin-towers-536-23920-lihtc,The public record identifies one Godwin Towers property under project 536.,2026-08-10,merge_all,later_financing_episode_same_physical_development,consistent_with_identity_decision,Propose one physical development while preserving every source row as a project episode; do not aggregate conflicting unit counts or treat the identity decision as address validation.,2026-08-10,not_approved,FALSE
IASR_056,IAS1013,merge_all,same_name_same_property_unit_scope_conflict,Cornerstone at Delanco records otherwise match; 63 versus 64 units is a one-unit reporting difference.,2026-08-10,merge_all,Google,https://www.google.com/search?q=Cornerstone%20at%20Delanco%2064%20units%20New%20Jersey,Traffic Impact Study,municipal_record,https://www.hopewelltwp.org/DocumentCenter/View/17662/B88-L5021-Traffic-Impact-Study,The public study identifies Cornerstone at Delanco as a 64-unit development.,2026-08-10,merge_all,duplicate_reporting_same_physical_development,consistent_with_identity_decision,Propose one physical development while preserving every source row as a project episode; do not aggregate conflicting unit counts or treat the identity decision as address validation.,2026-08-10,not_approved,FALSE
IASR_057,IAS1020,merge_all,same_property_renamed_or_redeveloped,Montgomery Family Phase I and Mill Creek are names for the same redevelopment.,2026-08-10,merge_all,Google,https://www.google.com/search?q=Montgomery%20Family%20Phase%20I%20Mill%20Creek%20Jersey%20City,Jersey City Housing Authority Annual Plan,housing_authority,https://www.jerseycityha.org/_files/ugd/e9e5c0_e0f0d60168b3457dbf98d7b4ba5d0470.pdf,The housing authority states that Mill Creek was originally identified as Montgomery Family Phase I.,2026-08-10,merge_all,renamed_same_physical_development,consistent_with_identity_decision,Propose one physical development while preserving every source row as a project episode; do not aggregate conflicting unit counts or treat the identity decision as address validation.,2026-08-10,not_approved,FALSE
IASR_058,IAS1022,merge_all,same_name_timing_address_set,Valley Road and Valley Road Residential have matching facts and location.,2026-08-10,merge_all,Google,https://www.google.com/search?q=Valley%20Road%20Residential%20West%20Orange%20New%20Jersey,Valley Road Residential,developer,https://www.thealpertgroup.com/properties/valley-road-residential/,The developer identifies one Valley Road Residential property at the reviewed location.,2026-08-10,merge_all,duplicate_reporting_same_physical_development,consistent_with_identity_decision,Propose one physical development while preserving every source row as a project episode; do not aggregate conflicting unit counts or treat the identity decision as address validation.,2026-08-10,not_approved,FALSE
IASR_059,IAS1027,merge_all,same_state_id_same_property,Red Oak Apartments/Manor records share state project number 582 and matching facts.,2026-08-10,merge_all,Google,https://www.google.com/search?q=Red%20Oak%20Manor%20582%20New%20Jersey%20LIHTC,New Jersey LIHTC Properties Through 2023,housing_sector_report,https://www.novoco.com/public-media/documents/new-jersey-lihtc-properties-through-2023-072025.pdf,The state compilation identifies one Red Oak property under project 582.,2026-08-10,merge_all,duplicate_reporting_same_physical_development,consistent_with_identity_decision,Propose one physical development while preserving every source row as a project episode; do not aggregate conflicting unit counts or treat the identity decision as address validation.,2026-08-10,not_approved,FALSE
IASR_060,IAS1028,merge_all,same_name_timing_address_set,AHEPA Highland name variants have matching project facts.,2026-08-10,merge_all,Google,https://www.google.com/search?q=AHEPA%20Highland%20Apartments%20New%20Jersey,Affordable Housing Guide: Middlesex County,state_agency,https://www.nj.gov/dca/divisions/codes/publications/pdf_guide_2_afford_hsg/middlesex.pdf,The state guide identifies the AHEPA Highland Apartments property.,2026-08-10,merge_all,duplicate_reporting_same_physical_development,consistent_with_identity_decision,Propose one physical development while preserving every source row as a project episode; do not aggregate conflicting unit counts or treat the identity decision as address validation.,2026-08-10,not_approved,FALSE
IASR_061,IAS1030,merge_all,same_state_id_same_property,Keansburg records share project number 1650 and matching facts.,2026-08-10,merge_all,Google,https://www.google.com/search?q=Keansburg%201650%20New%20Jersey%20LIHTC,NJHMFA Eligible Property Master List,allocating_agency,https://www.nj.gov/dca/hmfa/consumers/docs/MasterList-EligibleProperties_rentfreeze.pdf,The NJHMFA master list identifies the reviewed Keansburg property.,2026-08-10,merge_all,duplicate_reporting_same_physical_development,consistent_with_identity_decision,Propose one physical development while preserving every source row as a project episode; do not aggregate conflicting unit counts or treat the identity decision as address validation.,2026-08-10,not_approved,FALSE
IASR_062,IAS1038,merge_all,same_name_timing_address_set,Seaside Senior name variants have matching facts and location.,2026-08-10,merge_all,Google,https://www.google.com/search?q=Seaside%20Senior%20Apartments%20New%20Jersey%20LIHTC,Seaside Senior Apartments Financing Announcement,state_agency,https://nj.gov/dca/news/news/2016/approved/20160802.html,The state announcement identifies one Seaside Senior Apartments development.,2026-08-10,merge_all,duplicate_reporting_same_physical_development,consistent_with_identity_decision,Propose one physical development while preserving every source row as a project episode; do not aggregate conflicting unit counts or treat the identity decision as address validation.,2026-08-10,not_approved,FALSE
IASR_063,IAS1041,merge_all,same_state_id_same_property,Roebling Village Inn variants share project number 447 and the same development facts.,2026-08-10,merge_all,Google,https://www.google.com/search?q=Roebling%20Village%20Inn%20447%20New%20Jersey,Affordable Housing Guide: Burlington County,state_agency,https://www.nj.gov/dca/codes/publications/pdf_guide_2_afford_hsg/burlington.pdf,The state guide identifies the Roebling Village Inn affordable property.,2026-08-10,merge_all,duplicate_reporting_same_physical_development,consistent_with_identity_decision,Propose one physical development while preserving every source row as a project episode; do not aggregate conflicting unit counts or treat the identity decision as address validation.,2026-08-10,not_approved,FALSE
IASR_064,IAS1046,merge_all,same_state_id_same_property,Palisades records share project number 611 and otherwise match.,2026-08-10,merge_all,Google,https://www.google.com/search?q=The%20Palisades%20611%20Union%20City%20New%20Jersey,The Palisades 611,public_property_directory,https://affordablehousinghub.org/housing/new-jersey/hudson-county/union-city/the-palisades-611-23340-lihtc,The public property record identifies one Palisades project under number 611.,2026-08-10,merge_all,duplicate_reporting_same_physical_development,consistent_with_identity_decision,Propose one physical development while preserving every source row as a project episode; do not aggregate conflicting unit counts or treat the identity decision as address validation.,2026-08-10,not_approved,FALSE
IASR_065,IAS1048,merge_all,same_property_renamed_or_redeveloped,Fair Share Senior Housing Phase I and Mount Laurel Senior Housing are the same 70-unit development.,2026-08-10,merge_all,Google,https://www.google.com/search?q=Fair%20Share%20Senior%20Housing%20Mount%20Laurel%20Senior%20Housing%20New%20Jersey,Department of Community Affairs Budget Response,state_agency,https://pub.njleg.state.nj.us/publications/budget/governors-budget/2026/dca_response_2026.pdf,The state budget response identifies the Fair Share/Mount Laurel senior housing development as the same project.,2026-08-10,merge_all,renamed_same_physical_development,consistent_with_identity_decision,Propose one physical development while preserving every source row as a project episode; do not aggregate conflicting unit counts or treat the identity decision as address validation.,2026-08-10,not_approved,FALSE
IASR_066,IAS1049,merge_all,same_property_renamed_or_redeveloped,Maple Shade Mews and Maple Shade Senior Housing have matching facts and address set.,2026-08-10,merge_all,Google,https://www.google.com/search?q=Maple%20Shade%20Mews%20Maple%20Shade%20Senior%20Housing%20New%20Jersey,Maple Shade Township Affordable Housing,public_property_directory,https://hellosection8.com/id-nja20049032-low-income-apartments-in-nj_mapleshadetwp..html,The public property record connects the reviewed Maple Shade senior property names.,2026-08-10,merge_all,renamed_same_physical_development,consistent_with_identity_decision,Propose one physical development while preserving every source row as a project episode; do not aggregate conflicting unit counts or treat the identity decision as address validation.,2026-08-10,not_approved,FALSE
IASR_067,IAS1059,merge_all,same_state_id_same_property,Holmdel records share project number 2009 and matching facts.,2026-08-10,merge_all,Google,https://www.google.com/search?q=Holmdel%202009%20New%20Jersey%20LIHTC,New Jersey LIHTC Properties Through 2023,housing_sector_report,https://www.novoco.com/public-media/documents/new-jersey-lihtc-properties-through-2023-072025.pdf,The state compilation identifies one Holmdel project under number 2009.,2026-08-10,merge_all,duplicate_reporting_same_physical_development,consistent_with_identity_decision,Propose one physical development while preserving every source row as a project episode; do not aggregate conflicting unit counts or treat the identity decision as address validation.,2026-08-10,not_approved,FALSE
IASR_068,IAS1060,merge_all,same_state_id_same_property,Lafayette Senior Living variants share project number 654 and matching facts.,2026-08-10,merge_all,Google,https://www.google.com/search?q=Lafayette%20Senior%20Living%20Center%20654%20Jersey%20City,Lafayette Senior Living Center 654,public_property_directory,https://affordablehousinghub.org/housing/new-jersey/hudson-county/jersey-city/lafayette-senior-living-center-654-22845-lihtc,The public property record identifies one Lafayette Senior Living Center under project 654.,2026-08-10,merge_all,duplicate_reporting_same_physical_development,consistent_with_identity_decision,Propose one physical development while preserving every source row as a project episode; do not aggregate conflicting unit counts or treat the identity decision as address validation.,2026-08-10,not_approved,FALSE
IASR_069,IAS1062,merge_all,same_property_renamed_or_redeveloped,Heritage House and Fern Avenue Residence are alternative names for one property.,2026-08-10,merge_all,Google,https://www.google.com/search?q=Heritage%20House%20Fern%20Avenue%20Residence%20Orange%20New%20Jersey,Mark-to-Market Transactions,federal_record,https://www.hud.gov/sites/dfiles/Housing/documents/M2M_Transactions_20190628.pdf,HUD's transaction record connects the reviewed Heritage House/Fern Avenue property.,2026-08-10,merge_all,renamed_same_physical_development,consistent_with_identity_decision,Propose one physical development while preserving every source row as a project episode; do not aggregate conflicting unit counts or treat the identity decision as address validation.,2026-08-10,not_approved,FALSE
IASR_070,IAS1063,merge_all,same_state_id_same_property,Three Northgate II variants share project number 741 and matching facts.,2026-08-10,merge_all,Google,https://www.google.com/search?q=Northgate%20II%20741%20New%20Jersey%20LIHTC,New Jersey LIHTC Properties Through 2023,housing_sector_report,https://www.novoco.com/public-media/documents/new-jersey-lihtc-properties-through-2023-072025.pdf,The state compilation identifies one Northgate II property under project 741.,2026-08-10,merge_all,duplicate_reporting_same_physical_development,consistent_with_identity_decision,Propose one physical development while preserving every source row as a project episode; do not aggregate conflicting unit counts or treat the identity decision as address validation.,2026-08-10,not_approved,FALSE
IASR_071,IAS1077,merge_all,same_name_timing_address_set,North Brunswick name variants have matching facts and address set.,2026-08-10,merge_all,Google,https://www.google.com/search?q=North%20Brunswick%20affordable%20apartments%20New%20Jersey%20LIHTC,Affordable Housing in North Brunswick,public_property_directory,https://hellosection8.com/all-low-income-apartment-for-rent-in-nj_northbrunswick-1.html,The public list identifies the reviewed North Brunswick property.,2026-08-10,merge_all,duplicate_reporting_same_physical_development,consistent_with_identity_decision,Propose one physical development while preserving every source row as a project episode; do not aggregate conflicting unit counts or treat the identity decision as address validation.,2026-08-10,not_approved,FALSE
IASR_072,IAS1084,merge_all,same_state_id_same_property,Cornerstone at Lacey variants have matching state identity and development facts.,2026-08-10,merge_all,Google,https://www.google.com/search?q=Cornerstone%20at%20Lacey%20New%20Jersey%20LIHTC,NJHMFA Four-Percent Awards,allocating_agency,https://nj.gov/dca/hmfa/developers/docs/lihtc/tax/awards/4percent_through_jan2023.pdf,NJHMFA identifies the Cornerstone at Lacey development.,2026-08-10,merge_all,duplicate_reporting_same_physical_development,consistent_with_identity_decision,Propose one physical development while preserving every source row as a project episode; do not aggregate conflicting unit counts or treat the identity decision as address validation.,2026-08-10,not_approved,FALSE
IASR_073,IAS1085,merge_all,same_state_id_same_property,City Hall Senior records share project number 1729 and matching facts.,2026-08-10,merge_all,Google,https://www.google.com/search?q=City%20Hall%20Senior%201729%20New%20Jersey%20LIHTC,NJHMFA Tax Credit Analyst Assignments,allocating_agency,https://nj.gov/dca/hmfa/developers/docs/lihtc/compliance/tc_comp_analyst_assign_county.pdf,NJHMFA identifies one City Hall project under number 1729.,2026-08-10,merge_all,duplicate_reporting_same_physical_development,consistent_with_identity_decision,Propose one physical development while preserving every source row as a project episode; do not aggregate conflicting unit counts or treat the identity decision as address validation.,2026-08-10,not_approved,FALSE
IASR_074,IAS1117,merge_all,same_property_later_financing,Sutton repeats as a later preservation record for the same 246-unit property.,2026-08-10,merge_all,Google,https://www.google.com/search?q=Sutton%20Apartments%20Amherst%20New%20York%20preservation%20246%20units,Amherst IDA Project File,local_authority,https://www.amherstida.com/app/file/100221,The IDA record describes preservation of the existing 246-unit Sutton property.,2026-08-10,merge_all,later_preservation_episode_same_physical_development,consistent_with_identity_decision,Propose one physical development while preserving every source row as a project episode; do not aggregate conflicting unit counts or treat the identity decision as address validation.,2026-08-10,not_approved,FALSE
IASR_075,IAS1119,merge_all,same_name_same_property_unit_scope_conflict,Bruckner records use the same name and addresses; 419 versus 77 reflects inconsistent unit scope.,2026-08-10,merge_all,Google,https://www.google.com/search?q=Bruckner%20by%20the%20Bridge%20419%20units%20Bronx,The Doe Fund Tax Filing,nonprofit_record,https://www.doe.org/wp-content/uploads/2016/10/B005543DOC201400065065-1.pdf,The retained filing identifies the Bruckner property as a 419-unit development.,2026-08-10,merge_all,duplicate_reporting_same_physical_development,consistent_with_identity_decision,Propose one physical development while preserving every source row as a project episode; do not aggregate conflicting unit counts or treat the identity decision as address validation.,2026-08-10,not_approved,FALSE
IASR_076,IAS1120,merge_all,same_name_same_property_unit_scope_conflict,Bedford Greenhouse records describe the same two-building development; 250 versus 251 is an off-by-one scope difference.,2026-08-10,merge_all,Google,https://www.google.com/search?q=Bedford%20Greenhouse%20Bronx%20250%20units%20two%20buildings,NYC Housing Development Corporation Financing Memo,housing_authority,https://www.nychdc.com/sites/default/files/2023-05/0.%20Approval%20of%20Auth%20Reso%20Multi%20Family%20Housing%20Revenue%20Bonds%202023%20Series%20A-D%20and%20Approval%20of%20Loans%20and%20SUN%20Loan-Final%20Signed.pdf,"The HDC memo describes one 415-unit, two-building Bedford development with 250 affordable units.",2026-08-10,merge_all,duplicate_reporting_same_physical_development,consistent_with_identity_decision,Propose one physical development while preserving every source row as a project episode; do not aggregate conflicting unit counts or treat the identity decision as address validation.,2026-08-10,not_approved,FALSE
IASR_077,IAS1132,merge_all,same_name_timing_address_set,"PRC Andrews Avenue name variants have matching timing, units, and address set.",2026-08-10,merge_all,Google,https://www.google.com/search?q=PRC%20Andrews%20Avenue%20Bronx%20affordable%20housing,People Restoring Communities,developer,https://peoplerestoringcommunities.com/,The developer's property materials identify the PRC Andrews Avenue development.,2026-08-10,merge_all,duplicate_reporting_same_physical_development,consistent_with_identity_decision,Propose one physical development while preserving every source row as a project episode; do not aggregate conflicting unit counts or treat the identity decision as address validation.,2026-08-10,not_approved,FALSE
IASR_078,IAS1136,merge_all,same_name_same_property_unit_scope_conflict,"All Saints records have the same name, year, and addresses; 99 versus 258 is an unresolved source scope conflict.",2026-08-10,merge_all,Google,https://www.google.com/search?q=All%20Saints%20Housing%20New%20York%2099%20units%20258,New York City Council Legislation Report,municipal_record,https://legistar.council.nyc.gov/ViewReport.ashx?Extra=WithText&GID=61&GUID=CAEC709F-3E67-40CB-9C91-C3F399740EFF&ID=444781&M=R&N=Master&Title=Legislation+Details+%28With+Text%29,"The council record describes one three-building, 99-unit All Saints project at the reviewed sites.",2026-08-10,merge_all,duplicate_reporting_same_physical_development,consistent_with_identity_decision,Propose one physical development while preserving every source row as a project episode; do not aggregate conflicting unit counts or treat the identity decision as address validation.,2026-08-10,not_approved,FALSE
IASR_079,IAS1137,merge_all,same_name_same_property_unit_scope_conflict,"Target V records share name, timing, and address set; 39 versus 83 remains a unit-scope conflict.",2026-08-10,merge_all,Google,https://www.google.com/search?q=Target%20Apartments%20V%20Bronx%20LIHTC,Target Apartments V,public_property_directory,https://hudhousingnetwork.com/ny/bronx/bronx/low-income-housing-details/32350/target-apartments-v,The public property record identifies the Target Apartments V development at the reviewed location.,2026-08-10,merge_all,duplicate_reporting_same_physical_development,consistent_with_identity_decision,Propose one physical development while preserving every source row as a project episode; do not aggregate conflicting unit counts or treat the identity decision as address validation.,2026-08-10,not_approved,FALSE
IASR_080,IAS1168,merge_all,same_name_timing_address_set,Livonia Commons name variants have matching development facts.,2026-08-10,merge_all,Google,https://www.google.com/search?q=Livonia%20Commons%20Brooklyn%20affordable%20housing,New York City Council Legislation,municipal_record,https://legistar.council.nyc.gov/LegislationDetail.aspx?GUID=5F7CB9E4-2BB7-4244-A30F-5BCBFC9922CB&ID=452934&Options=&Search=,The city record identifies the Livonia Commons development.,2026-08-10,merge_all,duplicate_reporting_same_physical_development,consistent_with_identity_decision,Propose one physical development while preserving every source row as a project episode; do not aggregate conflicting unit counts or treat the identity decision as address validation.,2026-08-10,not_approved,FALSE
IASR_081,IAS1170,merge_all,same_property_later_financing,Elmwood repeats as a later preservation episode for the same property.,2026-08-10,merge_all,Google,https://www.google.com/search?q=Elmwood%20Apartments%20Buffalo%20New%20York%20preservation,Erie County IDA Project 250,local_authority,https://www.ecidany.com/app/project/250,The IDA identifies renovation and preservation of the existing Elmwood property.,2026-08-10,merge_all,later_preservation_episode_same_physical_development,consistent_with_identity_decision,Propose one physical development while preserving every source row as a project episode; do not aggregate conflicting unit counts or treat the identity decision as address validation.,2026-08-10,not_approved,FALSE
IASR_082,IAS1175,merge_all,same_name_same_property_unit_scope_conflict,St. Mary's Park records have the same name and address set; 733 versus 1046 remains a source scope conflict.,2026-08-10,merge_all,Google,https://www.google.com/search?q=Saint%20Marys%20Park%20Bronx%20LIHTC%20733%201046,Saint Mary's Park,public_property_directory,https://affordablehousinghub.org/housing/new-york/bronx-county/bronx/saint-marys-park-33402-lihtc,The public record identifies one Saint Mary's Park property corresponding to the reviewed addresses.,2026-08-10,merge_all,duplicate_reporting_same_physical_development,consistent_with_identity_decision,Propose one physical development while preserving every source row as a project episode; do not aggregate conflicting unit counts or treat the identity decision as address validation.,2026-08-10,not_approved,FALSE
IASR_083,IAS1180,merge_all,same_name_timing_address_set,Dr. Betty Shabazz name variants have matching timing and address set.,2026-08-10,merge_all,Google,https://www.google.com/search?q=Dr%20Betty%20Shabazz%20Apartments%20New%20York%20LIHTC,New York LIHTC Properties Through 2023,housing_sector_report,https://www.novoco.com/public-media/documents/new-york-lihtc-properties-through-2023-072025.pdf,The state compilation identifies the Dr. Betty Shabazz development.,2026-08-10,merge_all,duplicate_reporting_same_physical_development,consistent_with_identity_decision,Propose one physical development while preserving every source row as a project episode; do not aggregate conflicting unit counts or treat the identity decision as address validation.,2026-08-10,not_approved,FALSE
IASR_084,IAS1182,merge_all,same_name_same_property_unit_scope_conflict,"Navy Pier/Homeport records share names, year, and addresses; 504 total units versus 115 LIHTC units are different scopes.",2026-08-10,merge_all,Google,https://www.google.com/search?q=Homeport%20Navy%20Pier%20Staten%20Island%20504%20115%20units,Homeport Navy Pier,public_property_directory,https://affordablehousinghub.org/housing/new-york/richmond-county/staten-island/homeport-navy-pier-aka-2263-31937-lihtc,The public record explicitly reports 504 total units and 115 LIHTC units for one Homeport Navy Pier development.,2026-08-10,merge_all,duplicate_reporting_same_physical_development,consistent_with_identity_decision,Propose one physical development while preserving every source row as a project episode; do not aggregate conflicting unit counts or treat the identity decision as address validation.,2026-08-10,not_approved,FALSE
IASR_085,IAS1203,merge_all,paired_financing_one_development,Longfellow records split the same development into 4% and 9% credit components.,2026-08-10,merge_all,Google,https://www.google.com/search?q=Longfellow%20Starling%20Yard%204%25%209%25%20LIHTC,Starling Yard and the Longfellow,industry_publication,https://www.taxcreditadvisor.com/articles/case-study-starling-yard-and-the-longfellow/,The case study describes the Longfellow as one project using paired 4% and 9% financing.,2026-08-10,merge_all,paired_financing_same_physical_development,consistent_with_identity_decision,Propose one physical development while preserving every source row as a project episode; do not aggregate conflicting unit counts or treat the identity decision as address validation.,2026-08-10,not_approved,FALSE
IASR_086,IAS1207,merge_all,same_property_later_financing,Lancaster Club repeats after 31 years with the same 19 addresses and 92 units.,2026-08-10,merge_all,Google,https://www.google.com/search?q=Lancaster%20Club%20Apartments%20Ohio%202020%20rehabilitation,Lancaster Club Apartments 2020 Proposal,allocating_agency,https://ohiohome.org/ppd/proposals/2020/HTC/LancasterClubApartments.pdf,The Ohio proposal describes rehabilitation of the existing Lancaster Club property.,2026-08-10,merge_all,later_rehabilitation_same_physical_development,consistent_with_identity_decision,Propose one physical development while preserving every source row as a project episode; do not aggregate conflicting unit counts or treat the identity decision as address validation.,2026-08-10,not_approved,FALSE
IASR_087,IAS1280,merge_all,same_name_same_property_unit_scope_conflict,Orange Village repeats at the same property with an 81/82-unit reporting difference.,2026-08-10,merge_all,Google,https://www.google.com/search?q=Orange%20Village%20Apartments%20Pennsylvania%2081%20units,PHFA Multifamily Inventory: Mercer County,allocating_agency,https://www.phfa.org/forms/multifamily_inventory/dv_mercer.pdf,The PHFA inventory identifies Orange Village as an 81-unit property.,2026-08-10,merge_all,duplicate_reporting_same_physical_development,consistent_with_identity_decision,Propose one physical development while preserving every source row as a project episode; do not aggregate conflicting unit counts or treat the identity decision as address validation.,2026-08-10,not_approved,FALSE
IASR_088,IAS1321,merge_all,same_name_timing_address_set,"Glenwood Falls name variants have matching timing, units, and address set.",2026-08-10,merge_all,Google,https://www.google.com/search?q=Glenwood%20Falls%20Apartments%20Fort%20Mill%20South%20Carolina,Glenwood Falls Apartments,public_property_directory,https://affordablehousinghub.org/housing/south-carolina/york-county/fort-mill/glenwood-falls-apts-39877-lihtc,The public record identifies one Glenwood Falls property.,2026-08-10,merge_all,duplicate_reporting_same_physical_development,consistent_with_identity_decision,Propose one physical development while preserving every source row as a project episode; do not aggregate conflicting unit counts or treat the identity decision as address validation.,2026-08-10,not_approved,FALSE
IASR_089,IAS1329,merge_all,same_property_later_financing,Margaret Robertson records have the same 26-address development footprint and represent acquisition/rehabilitation.,2026-08-10,merge_all,Google,https://www.google.com/search?q=Margaret%20Robertson%20Apartments%20Nashville%20rehabilitation,Metropolitan Nashville Health and Educational Facilities Board Minutes,local_authority,https://www.nashville.gov/sites/default/files/2022-10/Health-Ed-Facilities-220713m.pdf?ct=1665066665,The board minutes describe acquisition and rehabilitation of Margaret Robertson Apartments.,2026-08-10,merge_all,later_rehabilitation_same_multisite_development,consistent_with_identity_decision,Propose one physical development while preserving every source row as a project episode; do not aggregate conflicting unit counts or treat the identity decision as address validation.,2026-08-10,not_approved,FALSE
IASR_090,IAS1332,merge_all,same_property_later_financing,Breezy Point repeats as a later rehabilitation record at the same property.,2026-08-10,merge_all,Google,https://www.google.com/search?q=Breezy%20Point%20Apartments%20Tennessee%20bond%20application,Breezy Point Bond Application Summary,local_authority,https://static1.squarespace.com/static/5457ddb6e4b04e0fcd8c9a0a/t/612ea61b440c83618625254f/1630447131232/Breezy%2BPoint%2BBond%2BApplication%2BSummary.pdf,The bond application describes rehabilitation of the existing Breezy Point property.,2026-08-10,merge_all,later_rehabilitation_same_physical_development,consistent_with_identity_decision,Propose one physical development while preserving every source row as a project episode; do not aggregate conflicting unit counts or treat the identity decision as address validation.,2026-08-10,not_approved,FALSE
IASR_091,IAS1340,merge_all,same_property_later_financing,Sun Valley repeats after 30 years with the same six addresses and 24 units.,2026-08-10,merge_all,Google,https://www.google.com/search?q=Sun%20Valley%20Apartments%20Ridgely%20Tennessee%20LIHTC,Tennessee Competitive LIHC Data,allocating_agency,https://thda.org/pdf/Copy-of-External-Competitive-9-LIHC-Data-Posting.pdf,The allocating-agency record identifies the current Sun Valley project corresponding to the existing property.,2026-08-10,merge_all,later_financing_episode_same_physical_development,consistent_with_identity_decision,Propose one physical development while preserving every source row as a project episode; do not aggregate conflicting unit counts or treat the identity decision as address validation.,2026-08-10,not_approved,FALSE
IASR_092,IAS1411,merge_all,same_property_later_financing,Lake View/Lakeview Heights repeats after 32 years with an 83/84-unit reporting difference.,2026-08-10,merge_all,Google,https://www.google.com/search?q=Lakeview%20Heights%20Clearfield%20Utah%20apartments,Lakeview Heights Apartments,property_manager,https://www.kiermanagement.com/lakeview-heights-apartments,The manager identifies one Lakeview Heights property at the reviewed location.,2026-08-10,merge_all,later_financing_episode_same_physical_development,consistent_with_identity_decision,Propose one physical development while preserving every source row as a project episode; do not aggregate conflicting unit counts or treat the identity decision as address validation.,2026-08-10,not_approved,FALSE
IASR_093,IAS1415,retain_each,distinct_named_phases,Manti Senior I and II have different placed-in-service years and 12 versus 8 units.,2026-08-10,retain_each,Google,https://www.google.com/search?q=Manti%20Senior%20I%20II%20Utah%2012%208%20units,Completed Housing Credit Projects by County,allocating_agency,https://utahhousingcorp.org/pdf/CompletedProjects.pdf,Utah Housing separately lists Manti Senior I with 12 units and Manti Senior II with 8 units at the common campus.,2026-08-10,retain_each,distinct_phases_on_shared_campus,shared_campus_distinct_components,Preserve each source development as a distinct physical development; do not treat the shared address set as sufficient identity evidence.,2026-08-10,not_approved,FALSE
IASR_094,IAS1467,merge_all,same_name_timing_address_set,Silvian name variants refer to one 2006 property with 31 LIHTC units and 32 total units.,2026-08-10,merge_all,Google,https://www.google.com/search?q=Silvian%20Apartments%20Seattle%2031%2032%20units,Post-Year 15 Monitoring List,allocating_agency,https://www.wshfc.org/managers/ManualTaxCredit/130Za_Chap11PostYr15MonitoringList.pdf,The commission lists one Silvian project with 31 LIHTC and 32 total units; the attached Anacortes address is unrelated.,2026-08-10,merge_all,duplicate_reporting_same_physical_development,contains_unrelated_addresses,Propose one physical development while preserving every source row as a project episode; do not aggregate conflicting unit counts or treat the identity decision as address validation.,2026-08-10,not_approved,FALSE
IASR_095,IAS1468,merge_all,same_name_timing_address_set,Murdock Court name and city spelling variants otherwise match exactly.,2026-08-10,merge_all,Google,https://www.google.com/search?q=Murdock%20Court%20Apartments%20Sedro%20Woolley%20Washington,2025 Tax Credit Report Types,allocating_agency,https://wshfc.org/managers/Reports/TCReports/2025%20TC%20ReportTypesbyPropertyName.pdf,The commission lists one Murdock Court property in Sedro-Woolley; the attached Mountlake Terrace address is unrelated.,2026-08-10,merge_all,duplicate_reporting_same_physical_development,contains_unrelated_addresses,Propose one physical development while preserving every source row as a project episode; do not aggregate conflicting unit counts or treat the identity decision as address validation.,2026-08-10,not_approved,FALSE
IASR_096,IAS1469,merge_all,same_name_timing_address_set,The District records differ only by inverted name order and otherwise match.,2026-08-10,merge_all,Google,https://www.google.com/search?q=The%20District%20Bothell%20Washington%20LIHTC%20228%20units,2022 Tax Credit PIS and Bond Closing Dates,allocating_agency,https://wshfc.org/Managers/AMCLimits/Others/2022_TCPISDates-BondClosingDates.pdf,"The commission lists one project named District, The with site name The District in Bothell; the attached Des Moines address is unrelated.",2026-08-10,merge_all,duplicate_reporting_same_physical_development,contains_unrelated_addresses,Propose one physical development while preserving every source row as a project episode; do not aggregate conflicting unit counts or treat the identity decision as address validation.,2026-08-10,not_approved,FALSE
IASR_097,IAS1470,merge_all,paired_financing_one_development,Arbora Court 4% and 9% records are two financing components of the same 133-unit development.,2026-08-10,merge_all,Google,https://www.google.com/search?q=Arbora%20Court%204%25%209%25%20LIHTC%20Seattle,The Hybrid: A New Deal Design,industry_publication,https://www.housingfinance.com/finance/the-hybrid-a-new-deal-design_o,The case study explicitly describes one 133-unit Arbora Court development twinning 4% and 9% credits.,2026-08-10,merge_all,paired_financing_same_physical_development,consistent_with_identity_decision,Propose one physical development while preserving every source row as a project episode; do not aggregate conflicting unit counts or treat the identity decision as address validation.,2026-08-10,not_approved,FALSE
IASR_098,IAS1472,merge_all,same_name_timing_address_set,St. Charles spelling variants refer to one Seattle property; 61 versus 64 reflects LIHTC versus total/unit-field inconsistency.,2026-08-10,merge_all,Google,https://www.google.com/search?q=St%20Charles%20Apartments%20Seattle%20619%20Third%20Avenue%20LIHTC,WSHFC Project Assignments,allocating_agency,https://wshfc.org/managers/Other/2024ProjectAssignments.pdf,The commission lists one St. Charles Apartments project in Seattle; the attached Tacoma and Tieton addresses are unrelated.,2026-08-10,merge_all,duplicate_reporting_same_physical_development,contains_unrelated_addresses,Propose one physical development while preserving every source row as a project episode; do not aggregate conflicting unit counts or treat the identity decision as address validation.,2026-08-10,not_approved,FALSE
